Datetime,Open,High,Low,Close,Volume
2025-01-02 15:30:00+01:00,248.92999267578125,249.10000610351562,246.3000030517578,246.36419677734375,3533025
2025-01-02 15:35:00+01:00,246.3699951171875,246.47999572753906,245.10000610351562,245.22030639648438,1830466
2025-01-02 15:40:00+01:00,245.27000427246094,245.8498992919922,244.8000030517578,245.1959991455078,1471041
2025-01-02 15:45:00+01:00,245.2064971923828,245.9499969482422,244.97000122070312,245.8800048828125,1132865
2025-01-02 15:50:00+01:00,245.88499450683594,246.46270751953125,245.50999450683594,246.36000061035156,905875
2025-01-02 15:55:00+01:00,246.64999389648438,246.99000549316406,246.64500427246094,246.85260009765625,877245
2025-01-02 16:00:00+01:00,246.88499450683594,247.11000061035156,246.27999877929688,247.01499938964844,799191
2025-01-02 16:05:00+01:00,247.0399932861328,247.7100067138672,247.02000427246094,247.66000366210938,497502
2025-01-02 16:10:00+01:00,247.6300048828125,247.80999755859375,247.3000030517578,247.39999389648438,556772
2025-01-02 16:15:00+01:00,247.41000366210938,247.4600067138672,246.36000061035156,246.3800048828125,602485
2025-01-02 16:20:00+01:00,246.38999938964844,246.50999450683594,245.3000030517578,245.50999450683594,740268
2025-01-02 16:25:00+01:00,245.50999450683594,245.87060546875,245.2899932861328,245.73989868164062,554494
2025-01-02 16:30:00+01:00,245.6300048828125,245.74159240722656,244.9600067138672,245.44500732421875,661064
2025-01-02 16:35:00+01:00,245.50999450683594,245.6199951171875,245.11000061035156,245.22999572753906,569785
2025-01-02 16:40:00+01:00,245.22999572753906,245.4600067138672,244.93209838867188,245.14999389648438,695490
2025-01-02 16:45:00+01:00,245.14999389648438,245.43499755859375,244.82000732421875,245.17999267578125,741070
2025-01-02 16:50:00+01:00,245.17999267578125,245.8800048828125,245.0800018310547,245.75,766567
2025-01-02 16:55:00+01:00,245.75,245.7899932861328,245.20030212402344,245.4149932861328,383118
2025-01-02 17:00:00+01:00,245.41749572753906,245.48500061035156,244.4499969482422,244.5102996826172,701124
2025-01-02 17:05:00+01:00,244.52499389648438,244.6815948486328,244.3699951171875,244.5399932861328,546634
2025-01-02 17:10:00+01:00,244.5399932861328,244.5399932861328,244.16009521484375,244.33999633789062,530740
2025-01-02 17:15:00+01:00,244.36000061035156,244.88999938964844,244.18499755859375,244.80499267578125,499653
2025-01-02 17:20:00+01:00,244.80499267578125,245.0800018310547,244.4499969482422,244.9149932861328,433473
2025-01-02 17:25:00+01:00,244.92999267578125,244.97000122070312,244.6300048828125,244.89500427246094,302064
2025-01-02 17:30:00+01:00,244.90989685058594,245.05999755859375,244.67999267578125,244.8300018310547,314030
2025-01-02 17:35:00+01:00,244.8350067138672,245.0720977783203,244.7852020263672,244.87269592285156,338958
2025-01-02 17:40:00+01:00,244.8699951171875,245.15499877929688,244.72000122070312,244.7899932861328,255644
2025-01-02 17:45:00+01:00,244.82000732421875,245.14999389648438,244.75999450683594,245.1199951171875,327967
2025-01-02 17:50:00+01:00,245.10000610351562,245.24000549316406,244.52999877929688,244.5800018310547,399816
2025-01-02 17:55:00+01:00,244.59620666503906,244.72000122070312,244.52000427246094,244.63999938964844,229855
2025-01-02 18:00:00+01:00,244.67999267578125,244.91000366210938,244.5500030517578,244.91000366210938,283763
2025-01-02 18:05:00+01:00,244.9250030517578,245.10000610351562,244.5926971435547,244.6699981689453,300383
2025-01-02 18:10:00+01:00,244.67999267578125,245.25,244.67999267578125,245.1136932373047,290992
2025-01-02 18:15:00+01:00,245.11000061035156,245.11000061035156,244.64999389648438,244.78500366210938,261030
2025-01-02 18:20:00+01:00,244.7899932861328,244.8699951171875,243.9499969482422,244.02999877929688,710553
2025-01-02 18:25:00+01:00,244.02000427246094,244.05999755859375,243.32000732421875,243.42860412597656,671561
2025-01-02 18:30:00+01:00,243.41000366210938,243.41000366210938,242.77659606933594,242.82000732421875,658715
2025-01-02 18:35:00+01:00,242.82000732421875,242.99000549316406,242.52999877929688,242.5908966064453,516088
2025-01-02 18:40:00+01:00,242.60000610351562,242.8000030517578,242.39999389648438,242.61000061035156,542981
2025-01-02 18:45:00+01:00,242.64999389648438,242.77000427246094,242.33999633789062,242.5,522873
2025-01-02 18:50:00+01:00,242.52999877929688,243.02999877929688,242.30999755859375,242.63999938964844,625027
2025-01-02 18:55:00+01:00,242.63999938964844,243.0800018310547,242.6199951171875,242.98500061035156,346618
2025-01-02 19:00:00+01:00,242.97999572753906,242.98629760742188,242.41000366210938,242.5399932861328,1068561
2025-01-02 19:05:00+01:00,242.60000610351562,243.02999877929688,242.55999755859375,243.00999450683594,381106
2025-01-02 19:10:00+01:00,243.00999450683594,243.02099609375,242.39259338378906,242.55999755859375,462440
2025-01-02 19:15:00+01:00,242.56500244140625,242.75,242.30999755859375,242.68499755859375,439497
2025-01-02 19:20:00+01:00,242.6999969482422,242.91990661621094,242.5399932861328,242.63999938964844,426944
2025-01-02 19:25:00+01:00,242.64999389648438,242.74000549316406,242.5,242.6862030029297,473612
2025-01-02 19:30:00+01:00,242.6699981689453,242.69000244140625,242.17999267578125,242.3907928466797,646131
2025-01-02 19:35:00+01:00,242.4199981689453,242.69000244140625,242.30999755859375,242.42999267578125,518857
2025-01-02 19:40:00+01:00,242.42999267578125,242.6300048828125,242.30999755859375,242.62620544433594,406633
2025-01-02 19:45:00+01:00,242.61000061035156,242.6199951171875,242.2100067138672,242.25999450683594,530368
2025-01-02 19:50:00+01:00,242.27000427246094,242.38999938964844,241.8209991455078,241.8300018310547,531796
2025-01-02 19:55:00+01:00,241.8300018310547,242.3300018310547,241.82009887695312,242.22999572753906,561378
2025-01-02 20:00:00+01:00,242.22999572753906,242.35000610351562,242.02999877929688,242.30999755859375,392191
2025-01-02 20:05:00+01:00,242.30999755859375,242.74000549316406,242.22999572753906,242.39999389648438,516180
2025-01-02 20:10:00+01:00,242.41000366210938,242.49000549316406,242.19000244140625,242.19000244140625,293578
2025-01-02 20:15:00+01:00,242.1999969482422,242.3800048828125,242.1300048828125,242.32260131835938,340586
2025-01-02 20:20:00+01:00,242.33999633789062,242.62469482421875,242.22999572753906,242.58999633789062,351881
2025-01-02 20:25:00+01:00,242.5800018310547,242.83999633789062,242.46009826660156,242.4884033203125,458398
2025-01-02 20:30:00+01:00,242.47999572753906,242.52000427246094,242.25999450683594,242.47999572753906,324829
2025-01-02 20:35:00+01:00,242.47999572753906,242.48939514160156,242.14999389648438,242.4149932861328,322733
2025-01-02 20:40:00+01:00,242.41000366210938,242.52000427246094,242.30999755859375,242.33999633789062,275202
2025-01-02 20:45:00+01:00,242.33999633789062,242.55999755859375,242.1199951171875,242.41250610351562,506698
2025-01-02 20:50:00+01:00,242.4239044189453,242.63900756835938,242.32000732421875,242.39500427246094,377802
2025-01-02 20:55:00+01:00,242.38999938964844,242.39500427246094,241.87130737304688,241.9600067138672,622498
2025-01-02 21:00:00+01:00,241.97000122070312,242.5800018310547,241.97000122070312,242.49000549316406,392460
2025-01-02 21:05:00+01:00,242.47999572753906,242.8300018310547,242.4199981689453,242.7899932861328,374593
2025-01-02 21:10:00+01:00,242.80499267578125,243.44000244140625,242.7100067138672,243.25,603417
2025-01-02 21:15:00+01:00,243.22999572753906,243.42999267578125,243.10000610351562,243.34860229492188,484017
2025-01-02 21:20:00+01:00,243.39999389648438,243.41000366210938,243.0500030517578,243.0500030517578,454887
2025-01-02 21:25:00+01:00,243.06500244140625,243.3000030517578,243.02000427246094,243.23109436035156,367282
2025-01-02 21:30:00+01:00,243.25,243.58999633789062,243.07000732421875,243.34500122070312,526235
2025-01-02 21:35:00+01:00,243.3520050048828,243.4398956298828,243.01019287109375,243.2501983642578,408083
2025-01-02 21:40:00+01:00,243.27999877929688,243.63999938964844,243.27999877929688,243.52000427246094,496388
2025-01-02 21:45:00+01:00,243.52000427246094,243.6699981689453,243.35000610351562,243.49710083007812,517063
2025-01-02 21:50:00+01:00,243.50999450683594,243.77999877929688,243.32000732421875,243.4600067138672,751762
2025-01-02 21:55:00+01:00,243.4600067138672,243.9499969482422,243.38999938964844,243.82000732421875,3468426
2025-01-03 15:30:00+01:00,243.3699951171875,243.39999389648438,242.22000122070312,242.5,2537872
2025-01-03 15:35:00+01:00,242.5124969482422,243.1999969482422,241.88999938964844,243.18499755859375,1293668
2025-01-03 15:40:00+01:00,243.1699981689453,243.94000244140625,242.75,243.88999938964844,772276
2025-01-03 15:45:00+01:00,243.88499450683594,244.17999267578125,242.63999938964844,242.74000549316406,928351
2025-01-03 15:50:00+01:00,242.72999572753906,243.1199951171875,242.37060546875,242.6300048828125,553561
2025-01-03 15:55:00+01:00,242.61000061035156,243.18829345703125,242.5,243.09500122070312,399455
2025-01-03 16:00:00+01:00,243.11000061035156,244.0,242.69000244140625,243.97189331054688,536930
2025-01-03 16:05:00+01:00,243.98500061035156,244.0,243.3300018310547,243.8800048828125,422071
2025-01-03 16:10:00+01:00,243.8800048828125,243.93499755859375,243.02000427246094,243.3699951171875,454191
2025-01-03 16:15:00+01:00,243.38999938964844,243.53990173339844,242.83999633789062,243.05999755859375,416148
2025-01-03 16:20:00+01:00,243.0749969482422,243.12460327148438,242.42999267578125,242.8000030517578,431792
2025-01-03 16:25:00+01:00,242.86990356445312,243.00999450683594,242.35000610351562,242.4597930908203,389214
2025-01-03 16:30:00+01:00,242.4499969482422,242.64990234375,242.13999938964844,242.5,459186
2025-01-03 16:35:00+01:00,242.47000122070312,242.89999389648438,242.36000061035156,242.5,472291
2025-01-03 16:40:00+01:00,242.5,242.86500549316406,242.44000244140625,242.83999633789062,442071
2025-01-03 16:45:00+01:00,242.8249969482422,243.1699981689453,242.7899932861328,243.00999450683594,384948
2025-01-03 16:50:00+01:00,243.0019989013672,243.05999755859375,242.74839782714844,242.9499969482422,980849
2025-01-03 16:55:00+01:00,242.93380737304688,243.25,242.85000610351562,243.00750732421875,294749
2025-01-03 17:00:00+01:00,243.02999877929688,243.6376953125,242.9499969482422,243.52499389648438,412572
2025-01-03 17:05:00+01:00,243.52000427246094,243.6199951171875,242.83999633789062,242.87379455566406,341454
2025-01-03 17:10:00+01:00,242.89999389648438,243.27999877929688,242.67999267578125,243.27000427246094,280927
2025-01-03 17:15:00+01:00,243.25999450683594,243.38999938964844,243.17999267578125,243.32000732421875,269994
2025-01-03 17:20:00+01:00,243.33999633789062,243.67559814453125,243.33999633789062,243.4199981689453,291012
2025-01-03 17:25:00+01:00,243.4199981689453,243.60000610351562,243.34500122070312,243.49000549316406,337983
2025-01-03 17:30:00+01:00,243.47999572753906,243.72999572753906,243.4499969482422,243.5207061767578,361939
2025-01-03 17:35:00+01:00,243.52000427246094,243.92999267578125,243.39149475097656,243.85000610351562,381018
2025-01-03 17:40:00+01:00,243.8800048828125,244.04859924316406,243.77000427246094,243.7949981689453,327827
2025-01-03 17:45:00+01:00,243.77999877929688,243.79429626464844,243.61500549316406,243.6699981689453,210337
2025-01-03 17:50:00+01:00,243.7100067138672,243.86000061035156,243.58999633789062,243.7100067138672,295866
2025-01-03 17:55:00+01:00,243.7100067138672,243.75,243.3000030517578,243.32009887695312,187889
2025-01-03 18:00:00+01:00,243.33999633789062,243.5189971923828,243.14999389648438,243.15769958496094,278397
2025-01-03 18:05:00+01:00,243.16000366210938,243.32000732421875,242.91000366210938,242.91650390625,391149
2025-01-03 18:10:00+01:00,242.88999938964844,242.97000122070312,242.75,242.7760009765625,302365
2025-01-03 18:15:00+01:00,242.77000427246094,243.00999450683594,242.6999969482422,242.71240234375,350097
2025-01-03 18:20:00+01:00,242.7333984375,242.88999938964844,242.6699981689453,242.85000610351562,313187
2025-01-03 18:25:00+01:00,242.85000610351562,242.97000122070312,242.77000427246094,242.7707061767578,273318
2025-01-03 18:30:00+01:00,242.77999877929688,242.91000366210938,242.5800018310547,242.74000549316406,277305
2025-01-03 18:35:00+01:00,242.72999572753906,242.7899932861328,242.55999755859375,242.639404296875,200035
2025-01-03 18:40:00+01:00,242.64999389648438,242.72500610351562,242.57000732421875,242.6490020751953,238758
2025-01-03 18:45:00+01:00,242.63999938964844,242.75,242.4600067138672,242.46499633789062,350663
2025-01-03 18:50:00+01:00,242.48089599609375,242.6300048828125,242.4199981689453,242.4311065673828,236777
2025-01-03 18:55:00+01:00,242.44500732421875,242.56900024414062,242.38999938964844,242.5279998779297,255088
2025-01-03 19:00:00+01:00,242.51499938964844,242.57000732421875,242.27999877929688,242.44500732421875,300681
2025-01-03 19:05:00+01:00,242.4300994873047,242.66000366210938,242.38999938964844,242.64999389648438,318683
2025-01-03 19:10:00+01:00,242.6699981689453,242.94000244140625,242.6199951171875,242.74310302734375,307166
2025-01-03 19:15:00+01:00,242.72300720214844,243.16000366210938,242.72300720214844,243.11000061035156,295466
2025-01-03 19:20:00+01:00,243.11000061035156,243.1199951171875,242.8800048828125,242.89500427246094,318795
2025-01-03 19:25:00+01:00,242.89999389648438,243.0399932861328,242.75,243.00999450683594,213954
2025-01-03 19:30:00+01:00,243.0,243.0399932861328,242.58999633789062,242.6699981689453,329035
2025-01-03 19:35:00+01:00,242.6750030517578,242.83999633789062,242.64999389648438,242.83580017089844,181089
2025-01-03 19:40:00+01:00,242.80999755859375,243.05999755859375,242.75999450683594,243.0500030517578,262147
2025-01-03 19:45:00+01:00,243.0491943359375,243.0554962158203,242.86000061035156,242.86000061035156,297789
2025-01-03 19:50:00+01:00,242.860107421875,242.9199981689453,242.72000122070312,242.86000061035156,428033
2025-01-03 19:55:00+01:00,242.8679962158203,242.92239379882812,242.57000732421875,242.72000122070312,257556
2025-01-03 20:00:00+01:00,242.6999969482422,242.9199981689453,242.57000732421875,242.88999938964844,237603
2025-01-03 20:05:00+01:00,242.89999389648438,242.9425048828125,242.82009887695312,242.93499755859375,221912
2025-01-03 20:10:00+01:00,242.92010498046875,242.98500061035156,242.8094024658203,242.8699951171875,248278
2025-01-03 20:15:00+01:00,242.8780059814453,242.88999938964844,242.77000427246094,242.85000610351562,240574
2025-01-03 20:20:00+01:00,242.85000610351562,242.85719299316406,242.74000549316406,242.74000549316406,164517
2025-01-03 20:25:00+01:00,242.74000549316406,242.82000732421875,242.6699981689453,242.6699981689453,261894
2025-01-03 20:30:00+01:00,242.66000366210938,242.82000732421875,242.63999938964844,242.82000732421875,280892
2025-01-03 20:35:00+01:00,242.80999755859375,243.05999755859375,242.75750732421875,243.02920532226562,462778
2025-01-03 20:40:00+01:00,243.02999877929688,243.32009887695312,243.02000427246094,243.2873992919922,328341
2025-01-03 20:45:00+01:00,243.2899932861328,243.44239807128906,243.19000244140625,243.3990020751953,325316
2025-01-03 20:50:00+01:00,243.38499450683594,243.38499450683594,243.0605010986328,243.14480590820312,216480
2025-01-03 20:55:00+01:00,243.14999389648438,243.35000610351562,243.11000061035156,243.25999450683594,172277
2025-01-03 21:00:00+01:00,243.25,243.25990295410156,242.9149932861328,242.9149932861328,257890
2025-01-03 21:05:00+01:00,242.92999267578125,243.0308074951172,242.8699951171875,242.97999572753906,242985
2025-01-03 21:10:00+01:00,242.97999572753906,243.00999450683594,242.8249969482422,242.90499877929688,178742
2025-01-03 21:15:00+01:00,242.88999938964844,242.92149353027344,242.8300018310547,242.90199279785156,146054
2025-01-03 21:20:00+01:00,242.91000366210938,242.9971923828125,242.8300018310547,242.88890075683594,189662
2025-01-03 21:25:00+01:00,242.88800048828125,242.9499969482422,242.8000030517578,242.85000610351562,205725
2025-01-03 21:30:00+01:00,242.83999633789062,242.83999633789062,242.67999267578125,242.75999450683594,371846
2025-01-03 21:35:00+01:00,242.75599670410156,242.80999755859375,242.61000061035156,242.74000549316406,333735
2025-01-03 21:40:00+01:00,242.7100067138672,242.89500427246094,242.66000366210938,242.88999938964844,300999
2025-01-03 21:45:00+01:00,242.88499450683594,243.0800018310547,242.74000549316406,242.78500366210938,645041
2025-01-03 21:50:00+01:00,242.77999877929688,243.10000610351562,242.66000366210938,242.92999267578125,738845
2025-01-03 21:55:00+01:00,242.9149932861328,243.60000610351562,242.9149932861328,243.3000030517578,2004366
2025-01-06 15:30:00+01:00,244.3300018310547,246.1826934814453,243.83999633789062,245.97999572753906,4507739
2025-01-06 15:35:00+01:00,245.9600067138672,246.16000366210938,245.27000427246094,245.50999450683594,745627
2025-01-06 15:40:00+01:00,245.50999450683594,245.5612030029297,244.4250030517578,244.63999938964844,639522
2025-01-06 15:45:00+01:00,244.7100067138672,245.02000427246094,244.57029724121094,244.60000610351562,525639
2025-01-06 15:50:00+01:00,244.6199951171875,244.7100067138672,244.17999267578125,244.52499389648438,627633
2025-01-06 15:55:00+01:00,244.52000427246094,244.93800354003906,244.3000030517578,244.42559814453125,613356
2025-01-06 16:00:00+01:00,244.47000122070312,244.78990173339844,244.44000244140625,244.69000244140625,587420
2025-01-06 16:05:00+01:00,244.69000244140625,244.89999389648438,244.61000061035156,244.875,367135
2025-01-06 16:10:00+01:00,244.8800048828125,245.4199981689453,244.6300048828125,245.3699951171875,758348
2025-01-06 16:15:00+01:00,245.3699951171875,245.6300048828125,245.1999969482422,245.2550048828125,352808
2025-01-06 16:20:00+01:00,245.25,245.77000427246094,245.23460388183594,245.5050048828125,489919
2025-01-06 16:25:00+01:00,245.50999450683594,245.67999267578125,245.41000366210938,245.5500030517578,362453
2025-01-06 16:30:00+01:00,245.5399932861328,245.64990234375,245.3300018310547,245.6199951171875,306317
2025-01-06 16:35:00+01:00,245.6199951171875,245.94000244140625,245.49000549316406,245.7100067138672,343397
2025-01-06 16:40:00+01:00,245.69500732421875,246.14999389648438,245.63999938964844,246.0500030517578,490612
2025-01-06 16:45:00+01:00,246.0500030517578,246.42999267578125,246.00999450683594,246.10000610351562,452352
2025-01-06 16:50:00+01:00,246.1300048828125,246.25999450683594,245.9600067138672,246.11000061035156,334511
2025-01-06 16:55:00+01:00,246.10000610351562,246.4600067138672,246.02999877929688,246.33999633789062,326832
2025-01-06 17:00:00+01:00,246.35000610351562,246.72999572753906,246.30999755859375,246.7100067138672,409332
2025-01-06 17:05:00+01:00,246.7115936279297,247.1199951171875,246.69000244140625,247.1199951171875,506762
2025-01-06 17:10:00+01:00,247.06500244140625,247.3300018310547,246.73240661621094,246.75,693248
2025-01-06 17:15:00+01:00,246.75999450683594,246.75999450683594,246.42999267578125,246.44000244140625,416985
2025-01-06 17:20:00+01:00,246.4499969482422,246.57000732421875,246.21499633789062,246.32000732421875,319485
2025-01-06 17:25:00+01:00,246.3300018310547,246.82339477539062,246.27000427246094,246.74000549316406,406967
2025-01-06 17:30:00+01:00,246.7550048828125,246.76100158691406,246.1699981689453,246.1999969482422,278001
2025-01-06 17:35:00+01:00,246.19000244140625,246.34500122070312,246.10609436035156,246.14999389648438,247136
2025-01-06 17:40:00+01:00,246.14999389648438,246.27000427246094,246.0399932861328,246.1558074951172,239750
2025-01-06 17:45:00+01:00,246.1510009765625,246.22999572753906,245.88999938964844,245.92999267578125,214606
2025-01-06 17:50:00+01:00,245.94000244140625,246.33799743652344,245.9149932861328,246.22900390625,1122463
2025-01-06 17:55:00+01:00,246.23500061035156,246.33999633789062,246.11000061035156,246.25,141425
2025-01-06 18:00:00+01:00,246.25,246.49000549316406,246.2050018310547,246.47999572753906,192658
2025-01-06 18:05:00+01:00,246.49000549316406,246.49000549316406,246.32000732421875,246.34500122070312,202921
2025-01-06 18:10:00+01:00,246.34500122070312,246.34500122070312,245.97000122070312,246.00999450683594,180455
2025-01-06 18:15:00+01:00,246.02000427246094,246.14999389648438,245.8699951171875,245.94000244140625,198561
2025-01-06 18:20:00+01:00,245.92739868164062,246.00999450683594,245.85459899902344,245.89109802246094,172062
2025-01-06 18:25:00+01:00,245.88999938964844,245.89230346679688,245.7012939453125,245.77000427246094,164055
2025-01-06 18:30:00+01:00,245.75999450683594,245.8699951171875,245.66000366210938,245.72500610351562,184265
2025-01-06 18:35:00+01:00,245.7333984375,245.85000610351562,245.6300048828125,245.64999389648438,219384
2025-01-06 18:40:00+01:00,245.6300048828125,245.6699981689453,245.35000610351562,245.42999267578125,268047
2025-01-06 18:45:00+01:00,245.43629455566406,245.43629455566406,245.0751953125,245.125,349402
2025-01-06 18:50:00+01:00,245.12469482421875,245.18499755859375,244.72999572753906,245.00999450683594,459597
2025-01-06 18:55:00+01:00,245.0500030517578,245.08999633789062,244.74000549316406,244.9499969482422,262820
2025-01-06 19:00:00+01:00,244.97999572753906,245.01210021972656,244.47999572753906,244.7100067138672,300037
2025-01-06 19:05:00+01:00,244.69009399414062,244.86990356445312,244.63999938964844,244.81640625,230302
2025-01-06 19:10:00+01:00,244.8300018310547,244.92990112304688,244.7957000732422,244.82000732421875,176940
2025-01-06 19:15:00+01:00,244.80999755859375,244.8249969482422,244.60000610351562,244.74000549316406,200899
2025-01-06 19:20:00+01:00,244.7100067138672,244.94000244140625,244.61000061035156,244.82000732421875,222645
2025-01-06 19:25:00+01:00,244.80999755859375,245.0500030517578,244.8022003173828,245.02999877929688,195739
2025-01-06 19:30:00+01:00,245.02999877929688,245.02999877929688,244.8719940185547,245.0,219868
2025-01-06 19:35:00+01:00,245.02000427246094,245.09970092773438,244.9499969482422,245.07000732421875,178351
2025-01-06 19:40:00+01:00,245.05999755859375,245.11000061035156,244.8699951171875,244.9499969482422,183551
2025-01-06 19:45:00+01:00,244.9539031982422,245.01800537109375,244.60000610351562,244.7200927734375,232402
2025-01-06 19:50:00+01:00,244.72000122070312,245.1199951171875,244.7100067138672,245.00999450683594,131682
2025-01-06 19:55:00+01:00,245.0,245.07000732421875,244.82000732421875,244.8699951171875,136635
2025-01-06 20:00:00+01:00,244.8699951171875,244.93499755859375,244.72000122070312,244.8332061767578,220185
2025-01-06 20:05:00+01:00,244.83999633789062,245.10000610351562,244.83999633789062,244.97000122070312,161434
2025-01-06 20:10:00+01:00,244.9774932861328,245.08709716796875,244.91329956054688,245.02000427246094,151410
2025-01-06 20:15:00+01:00,245.02000427246094,245.16990661621094,244.99000549316406,245.0399932861328,131145
2025-01-06 20:20:00+01:00,245.05999755859375,245.14999389648438,245.0399932861328,245.07000732421875,142348
2025-01-06 20:25:00+01:00,245.05999755859375,245.17999267578125,244.97000122070312,244.97999572753906,176759
2025-01-06 20:30:00+01:00,244.97999572753906,245.07000732421875,244.8699951171875,244.9792938232422,169334
2025-01-06 20:35:00+01:00,244.97000122070312,245.03500366210938,244.89999389648438,244.9600067138672,155317
2025-01-06 20:40:00+01:00,244.97999572753906,245.08990478515625,244.92999267578125,245.05630493164062,177433
2025-01-06 20:45:00+01:00,245.05999755859375,245.1269989013672,244.860107421875,245.08999633789062,211099
2025-01-06 20:50:00+01:00,245.08999633789062,245.1300048828125,244.86000061035156,244.9250030517578,150041
2025-01-06 20:55:00+01:00,244.94000244140625,244.9499969482422,244.5,244.58999633789062,245847
2025-01-06 21:00:00+01:00,244.57000732421875,244.7779998779297,244.4250030517578,244.72999572753906,197264
2025-01-06 21:05:00+01:00,244.72999572753906,244.77000427246094,244.65780639648438,244.67999267578125,173940
2025-01-06 21:10:00+01:00,244.6699981689453,244.8300018310547,244.66090393066406,244.73899841308594,199989
2025-01-06 21:15:00+01:00,244.74000549316406,244.85000610351562,244.6125030517578,244.75,200378
2025-01-06 21:20:00+01:00,244.74000549316406,244.97500610351562,244.697998046875,244.9499969482422,209814
2025-01-06 21:25:00+01:00,244.9600067138672,244.9600067138672,244.82000732421875,244.89500427246094,215719
2025-01-06 21:30:00+01:00,244.91000366210938,245.0500030517578,244.8704071044922,244.94000244140625,260897
2025-01-06 21:35:00+01:00,244.90440368652344,245.02999877929688,244.77999877929688,244.8000030517578,243767
2025-01-06 21:40:00+01:00,244.78500366210938,244.84800720214844,244.55999755859375,244.61000061035156,288440
2025-01-06 21:45:00+01:00,244.63999938964844,244.64999389648438,244.4199981689453,244.4600067138672,247033
2025-01-06 21:50:00+01:00,244.47999572753906,245.33999633789062,244.42999267578125,245.27499389648438,886996
2025-01-06 21:55:00+01:00,245.27999877929688,245.3000030517578,244.69000244140625,245.0,1845896
2025-01-07 15:30:00+01:00,242.97999572753906,244.92999267578125,242.8300018310547,243.94000244140625,2705753
2025-01-07 15:35:00+01:00,243.92999267578125,244.55499267578125,243.77999877929688,244.46499633789062,646540
2025-01-07 15:40:00+01:00,244.47000122070312,245.1199951171875,244.33999633789062,244.9199981689453,648517
2025-01-07 15:45:00+01:00,244.91000366210938,245.36000061035156,244.8300018310547,244.8350067138672,584639
2025-01-07 15:50:00+01:00,244.85000610351562,245.19000244140625,244.75,244.83999633789062,421771
2025-01-07 15:55:00+01:00,244.83999633789062,245.02000427246094,244.6699981689453,244.90530395507812,365361
2025-01-07 16:00:00+01:00,244.89999389648438,245.0,244.5601043701172,244.77000427246094,548777
2025-01-07 16:05:00+01:00,244.80999755859375,244.8699951171875,244.343994140625,244.51010131835938,496864
2025-01-07 16:10:00+01:00,244.50999450683594,244.8000030517578,244.3699951171875,244.75,397841
2025-01-07 16:15:00+01:00,244.718994140625,244.87350463867188,244.19509887695312,244.63270568847656,455366
2025-01-07 16:20:00+01:00,244.63999938964844,244.7899932861328,244.3300018310547,244.55999755859375,335125
2025-01-07 16:25:00+01:00,244.55999755859375,245.5500030517578,244.55999755859375,245.1649932861328,614626
2025-01-07 16:30:00+01:00,245.16000366210938,245.3800048828125,244.7899932861328,244.88999938964844,448911
2025-01-07 16:35:00+01:00,244.90989685058594,245.0800018310547,244.4199981689453,244.4488067626953,510235
2025-01-07 16:40:00+01:00,244.4600067138672,245.0,244.4600067138672,244.94500732421875,414689
2025-01-07 16:45:00+01:00,244.93499755859375,244.93499755859375,244.4001007080078,244.5050048828125,356497
2025-01-07 16:50:00+01:00,244.50999450683594,244.5800018310547,244.02999877929688,244.08999633789062,425756
2025-01-07 16:55:00+01:00,244.11000061035156,244.76499938964844,244.02999877929688,244.6699981689453,328020
2025-01-07 17:00:00+01:00,244.6699981689453,244.77999877929688,244.2899932861328,244.47000122070312,299329
2025-01-07 17:05:00+01:00,244.47000122070312,244.49000549316406,244.14999389648438,244.2799072265625,238407
2025-01-07 17:10:00+01:00,244.27999877929688,244.3000030517578,243.8699951171875,244.14599609375,322078
2025-01-07 17:15:00+01:00,244.1649932861328,244.27000427246094,243.89999389648438,243.9600067138672,251846
2025-01-07 17:20:00+01:00,243.96499633789062,244.1999969482422,243.7899932861328,244.0050048828125,219919
2025-01-07 17:25:00+01:00,244.0,244.02999877929688,243.7100067138672,243.77000427246094,291578
2025-01-07 17:30:00+01:00,243.74000549316406,243.85499572753906,243.39999389648438,243.4001007080078,306251
2025-01-07 17:35:00+01:00,243.43499755859375,243.50999450683594,243.1699981689453,243.47000122070312,387620
2025-01-07 17:40:00+01:00,243.47000122070312,243.6999969482422,243.35000610351562,243.54800415039062,1483888
2025-01-07 17:45:00+01:00,243.5449981689453,243.8751983642578,243.4499969482422,243.7100067138672,173209
2025-01-07 17:50:00+01:00,243.69000244140625,243.69000244140625,243.00999450683594,243.0800018310547,261663
2025-01-07 17:55:00+01:00,243.13999938964844,243.22999572753906,243.0,243.0800018310547,213509
2025-01-07 18:00:00+01:00,243.05999755859375,243.30999755859375,243.05999755859375,243.1999053955078,224834
2025-01-07 18:05:00+01:00,243.19000244140625,243.22000122070312,243.04029846191406,243.14999389648438,170305
2025-01-07 18:10:00+01:00,243.1300048828125,245.0,242.91000366210938,243.1199951171875,247627
2025-01-07 18:15:00+01:00,243.1199951171875,243.1699981689453,242.86000061035156,242.87649536132812,300446
2025-01-07 18:20:00+01:00,242.8800048828125,242.89999389648438,242.33999633789062,242.4093017578125,379745
2025-01-07 18:25:00+01:00,242.4010009765625,242.55999755859375,242.13819885253906,242.38999938964844,297582
2025-01-07 18:30:00+01:00,242.39999389648438,242.72000122070312,242.33999633789062,242.61000061035156,293879
2025-01-07 18:35:00+01:00,242.60000610351562,242.6999969482422,242.1300048828125,242.2100067138672,205999
2025-01-07 18:40:00+01:00,242.19000244140625,242.27999877929688,242.00999450683594,242.0594940185547,180589
2025-01-07 18:45:00+01:00,242.03500366210938,242.3450927734375,241.91000366210938,241.92999267578125,480268
2025-01-07 18:50:00+01:00,241.94000244140625,241.96499633789062,241.36000061035156,241.69000244140625,444006
2025-01-07 18:55:00+01:00,241.69000244140625,242.3157958984375,241.6649932861328,242.25999450683594,263122
2025-01-07 19:00:00+01:00,242.27000427246094,242.47000122070312,242.25320434570312,242.3350067138672,206394
2025-01-07 19:05:00+01:00,242.3498992919922,242.74000549316406,242.17999267578125,242.72000122070312,315024
2025-01-07 19:10:00+01:00,242.72000122070312,242.84800720214844,242.66000366210938,242.77999877929688,355214
2025-01-07 19:15:00+01:00,242.77000427246094,243.04100036621094,242.67999267578125,243.02000427246094,232030
2025-01-07 19:20:00+01:00,243.02000427246094,243.2899932861328,242.97000122070312,243.2050018310547,230545
2025-01-07 19:25:00+01:00,243.19000244140625,243.4084014892578,243.11000061035156,243.15550231933594,241880
2025-01-07 19:30:00+01:00,243.14999389648438,243.17999267578125,242.69000244140625,242.6999969482422,254662
2025-01-07 19:35:00+01:00,242.68499755859375,242.75100708007812,242.35000610351562,242.44000244140625,367494
2025-01-07 19:40:00+01:00,242.4499969482422,242.4600067138672,242.1136016845703,242.25999450683594,221837
2025-01-07 19:45:00+01:00,242.25999450683594,242.3300018310547,242.07009887695312,242.30999755859375,202696
2025-01-07 19:50:00+01:00,242.28500366210938,242.52999877929688,242.14999389648438,242.19000244140625,256538
2025-01-07 19:55:00+01:00,242.181396484375,242.39950561523438,242.1300048828125,242.32000732421875,193190
2025-01-07 20:00:00+01:00,242.3101043701172,242.5399932861328,242.3101043701172,242.33999633789062,170282
2025-01-07 20:05:00+01:00,242.32000732421875,242.50999450683594,242.32000732421875,242.47999572753906,153762
2025-01-07 20:10:00+01:00,242.47999572753906,242.57000732421875,242.3800048828125,242.42999267578125,207553
2025-01-07 20:15:00+01:00,242.42999267578125,242.54989624023438,242.33999633789062,242.43280029296875,161921
2025-01-07 20:20:00+01:00,242.42999267578125,242.5,242.35000610351562,242.47999572753906,183833
2025-01-07 20:25:00+01:00,242.5,242.52000427246094,242.35000610351562,242.45799255371094,204000
2025-01-07 20:30:00+01:00,242.4499969482422,242.49000549316406,242.1199951171875,242.2050018310547,188692
2025-01-07 20:35:00+01:00,242.22000122070312,242.2720947265625,242.0,242.03500366210938,186499
2025-01-07 20:40:00+01:00,242.0301055908203,242.0998992919922,241.8769989013672,242.0590057373047,199807
2025-01-07 20:45:00+01:00,242.0449981689453,242.125,241.8699951171875,241.91000366210938,180750
2025-01-07 20:50:00+01:00,241.9199981689453,242.0399932861328,241.83999633789062,242.00750732421875,168179
2025-01-07 20:55:00+01:00,242.0,242.22999572753906,241.91000366210938,242.210205078125,150057
2025-01-07 21:00:00+01:00,242.23989868164062,242.27000427246094,242.08999633789062,242.13999938964844,226705
2025-01-07 21:05:00+01:00,242.14999389648438,242.27999877929688,241.86000061035156,241.9499969482422,266984
2025-01-07 21:10:00+01:00,241.91000366210938,241.9499969482422,241.75,241.85000610351562,326358
2025-01-07 21:15:00+01:00,241.8699951171875,242.1300048828125,241.86500549316406,241.99000549316406,251714
2025-01-07 21:20:00+01:00,241.99000549316406,242.13999938964844,241.8424072265625,242.0500030517578,292247
2025-01-07 21:25:00+01:00,242.05999755859375,242.12989807128906,241.89039611816406,242.00999450683594,243987
2025-01-07 21:30:00+01:00,242.02000427246094,242.1208953857422,241.94000244140625,241.9571075439453,292206
2025-01-07 21:35:00+01:00,241.9600067138672,242.02000427246094,241.53900146484375,241.79849243164062,440583
2025-01-07 21:40:00+01:00,241.77999877929688,242.11000061035156,241.6300048828125,241.63999938964844,678805
2025-01-07 21:45:00+01:00,241.63999938964844,241.96499633789062,241.57000732421875,241.8699951171875,743768
2025-01-07 21:50:00+01:00,241.8300018310547,242.05999755859375,241.61000061035156,242.03500366210938,1219942
2025-01-07 21:55:00+01:00,242.0500030517578,242.40499877929688,241.9600067138672,242.19000244140625,1397197
2025-01-08 15:30:00+01:00,241.97000122070312,242.0,240.76780700683594,241.25,1721047
2025-01-08 15:35:00+01:00,241.26499938964844,241.3699951171875,240.25,240.3699951171875,629320
2025-01-08 15:40:00+01:00,240.33999633789062,241.22999572753906,240.0500030517578,241.16000366210938,669932
2025-01-08 15:45:00+01:00,241.14999389648438,241.63999938964844,240.64999389648438,241.52999877929688,665183
2025-01-08 15:50:00+01:00,241.52999877929688,241.52999877929688,240.6649932861328,240.85000610351562,454013
2025-01-08 15:55:00+01:00,240.88999938964844,241.08999633789062,240.72000122070312,240.92860412597656,372726
2025-01-08 16:00:00+01:00,240.94500732421875,241.50999450683594,240.8699951171875,241.3000030517578,484731
2025-01-08 16:05:00+01:00,241.2949981689453,241.30999755859375,240.89999389648438,241.1320037841797,317819
2025-01-08 16:10:00+01:00,241.14999389648438,241.75,241.13999938964844,241.5030059814453,438794
2025-01-08 16:15:00+01:00,241.52999877929688,242.2899932861328,241.47000122070312,242.22999572753906,498799
2025-01-08 16:20:00+01:00,242.22999572753906,242.72999572753906,241.7996063232422,242.61000061035156,556504
2025-01-08 16:25:00+01:00,242.5800018310547,242.86549377441406,242.29429626464844,242.40989685058594,361682
2025-01-08 16:30:00+01:00,242.38999938964844,242.58999633789062,242.0850067138672,242.36000061035156,330479
2025-01-08 16:35:00+01:00,242.36000061035156,242.99000549316406,242.34500122070312,242.5800018310547,426195
2025-01-08 16:40:00+01:00,242.59500122070312,242.7899932861328,242.5,242.72000122070312,268768
2025-01-08 16:45:00+01:00,242.75,243.24000549316406,242.66720581054688,243.19000244140625,529460
2025-01-08 16:50:00+01:00,243.19200134277344,243.58090209960938,243.1060028076172,243.55999755859375,557890
2025-01-08 16:55:00+01:00,243.5800018310547,243.71229553222656,243.1699981689453,243.47000122070312,392200
2025-01-08 17:00:00+01:00,243.47999572753906,243.51499938964844,243.24000549316406,243.38999938964844,377323
2025-01-08 17:05:00+01:00,243.41000366210938,243.60000610351562,243.16000366210938,243.47999572753906,324014
2025-01-08 17:10:00+01:00,243.4998016357422,243.66000366210938,243.0500030517578,243.1649932861328,250427
2025-01-08 17:15:00+01:00,243.1699981689453,243.35940551757812,243.0,243.0,259074
2025-01-08 17:20:00+01:00,243.01499938964844,243.1199951171875,242.9073944091797,243.02000427246094,230309
2025-01-08 17:25:00+01:00,243.07000732421875,243.0885009765625,242.66000366210938,242.7100067138672,208089
2025-01-08 17:30:00+01:00,242.72610473632812,243.02000427246094,242.63999938964844,242.89999389648438,165074
2025-01-08 17:35:00+01:00,242.9250030517578,243.47500610351562,242.9001007080078,243.35020446777344,202247
2025-01-08 17:40:00+01:00,243.36000061035156,243.55780029296875,243.2100067138672,243.44500732421875,197306
2025-01-08 17:45:00+01:00,243.42999267578125,243.5800018310547,243.32000732421875,243.4250030517578,238451
2025-01-08 17:50:00+01:00,243.41009521484375,243.4499053955078,243.14999389648438,243.3000030517578,311894
2025-01-08 17:55:00+01:00,243.3000030517578,243.42999267578125,243.2100067138672,243.27499389648438,152358
2025-01-08 18:00:00+01:00,243.27999877929688,243.28280639648438,242.97549438476562,243.0,174416
2025-01-08 18:05:00+01:00,243.02499389648438,243.02499389648438,242.6300048828125,242.6699981689453,224519
2025-01-08 18:10:00+01:00,242.64999389648438,242.6699981689453,242.27000427246094,242.33999633789062,246410
2025-01-08 18:15:00+01:00,242.34500122070312,242.39999389648438,242.1199951171875,242.3300018310547,381453
2025-01-08 18:20:00+01:00,242.3300018310547,242.5,241.77999877929688,241.8000030517578,434352
2025-01-08 18:25:00+01:00,241.8000030517578,241.96499633789062,241.24000549316406,241.3699951171875,281478
2025-01-08 18:30:00+01:00,241.36000061035156,241.58999633789062,241.27479553222656,241.39999389648438,312866
2025-01-08 18:35:00+01:00,241.41000366210938,241.5,241.1999969482422,241.2899932861328,207238
2025-01-08 18:40:00+01:00,241.28500366210938,241.64990234375,241.28500366210938,241.5800018310547,240763
2025-01-08 18:45:00+01:00,241.61000061035156,241.68299865722656,241.33999633789062,241.39700317382812,228732
2025-01-08 18:50:00+01:00,241.41000366210938,241.5399932861328,241.25,241.42010498046875,248104
2025-01-08 18:55:00+01:00,241.46499633789062,241.5198974609375,241.35000610351562,241.39999389648438,194472
2025-01-08 19:00:00+01:00,241.38999938964844,241.89999389648438,241.35000610351562,241.86000061035156,290320
2025-01-08 19:05:00+01:00,241.87989807128906,242.1300048828125,241.86000061035156,242.07000732421875,178493
2025-01-08 19:10:00+01:00,242.08999633789062,242.24000549316406,241.86000061035156,241.97000122070312,166278
2025-01-08 19:15:00+01:00,241.96499633789062,242.33999633789062,241.91000366210938,242.1197967529297,240885
2025-01-08 19:20:00+01:00,242.1300048828125,242.17999267578125,242.00999450683594,242.16000366210938,121580
2025-01-08 19:25:00+01:00,242.14999389648438,242.50869750976562,242.14999389648438,242.35000610351562,183117
2025-01-08 19:30:00+01:00,242.35000610351562,242.39999389648438,242.1699981689453,242.3350067138672,150940
2025-01-08 19:35:00+01:00,242.35000610351562,242.47999572753906,242.13470458984375,242.16000366210938,201548
2025-01-08 19:40:00+01:00,242.17999267578125,242.27000427246094,241.8699951171875,242.23500061035156,175554
2025-01-08 19:45:00+01:00,242.22999572753906,242.22999572753906,241.88999938964844,241.9178009033203,216996
2025-01-08 19:50:00+01:00,241.91000366210938,241.99000549316406,241.1699981689453,241.2884063720703,288984
2025-01-08 19:55:00+01:00,241.2899932861328,241.57000732421875,241.125,241.4219970703125,202775
2025-01-08 20:00:00+01:00,241.4250030517578,241.49000549316406,241.04400634765625,241.17999267578125,232387
2025-01-08 20:05:00+01:00,241.19000244140625,242.0200958251953,241.18499755859375,241.9949951171875,314228
2025-01-08 20:10:00+01:00,241.9600067138672,242.0,241.39999389648438,241.40980529785156,245566
2025-01-08 20:15:00+01:00,241.42999267578125,242.25,241.42999267578125,242.22000122070312,276022
2025-01-08 20:20:00+01:00,242.23500061035156,242.59500122070312,242.1199951171875,242.4499969482422,210167
2025-01-08 20:25:00+01:00,242.4550018310547,242.97999572753906,242.3000030517578,242.7949981689453,246060
2025-01-08 20:30:00+01:00,242.6999969482422,242.72000122070312,242.14999389648438,242.16799926757812,214161
2025-01-08 20:35:00+01:00,242.1898956298828,242.36990356445312,242.06019592285156,242.13999938964844,162363
2025-01-08 20:40:00+01:00,242.1199951171875,242.2100067138672,241.8699951171875,241.9949951171875,188683
2025-01-08 20:45:00+01:00,241.97000122070312,242.11500549316406,241.83999633789062,242.02999877929688,168508
2025-01-08 20:50:00+01:00,242.02999877929688,242.0760040283203,241.77999877929688,241.81350708007812,151346
2025-01-08 20:55:00+01:00,241.8249969482422,241.9499969482422,241.75999450683594,241.8699951171875,163838
2025-01-08 21:00:00+01:00,241.88999938964844,242.13999938964844,241.8800048828125,242.1199951171875,355777
2025-01-08 21:05:00+01:00,242.12240600585938,242.14109802246094,241.83999633789062,241.97000122070312,162803
2025-01-08 21:10:00+01:00,241.97000122070312,242.11000061035156,241.6999969482422,241.72000122070312,262090
2025-01-08 21:15:00+01:00,241.72000122070312,242.24000549316406,241.72000122070312,242.1649932861328,222469
2025-01-08 21:20:00+01:00,242.21499633789062,242.33999633789062,242.1300048828125,242.32150268554688,182532
2025-01-08 21:25:00+01:00,242.33999633789062,242.49000549316406,242.1999969482422,242.38400268554688,217649
2025-01-08 21:30:00+01:00,242.3800048828125,242.42999267578125,242.0800018310547,242.08999633789062,216465
2025-01-08 21:35:00+01:00,242.08999633789062,242.1699981689453,241.89999389648438,241.91000366210938,210418
2025-01-08 21:40:00+01:00,241.91000366210938,242.20120239257812,241.85000610351562,242.13999938964844,228469
2025-01-08 21:45:00+01:00,242.1300048828125,242.1999969482422,241.97000122070312,242.07000732421875,238810
2025-01-08 21:50:00+01:00,242.0800018310547,242.5,241.8000030517578,242.38999938964844,718520
2025-01-08 21:55:00+01:00,242.36000061035156,242.98699951171875,242.33999633789062,242.72000122070312,1960750
2025-01-10 15:30:00+01:00,240.02499389648438,240.14999389648438,238.0,238.36000061035156,4071023
2025-01-10 15:35:00+01:00,238.36000061035156,239.1199951171875,238.27999877929688,238.44000244140625,1080678
2025-01-10 15:40:00+01:00,238.44000244140625,239.32000732421875,238.11000061035156,238.99000549316406,889413
2025-01-10 15:45:00+01:00,239.0,239.05999755859375,237.92999267578125,238.0500030517578,875999
2025-01-10 15:50:00+01:00,238.0399932861328,238.33999633789062,237.6699981689453,237.72999572753906,709210
2025-01-10 15:55:00+01:00,237.69000244140625,238.0697021484375,237.47000122070312,237.9499969482422,722180
2025-01-10 16:00:00+01:00,237.8800048828125,237.9149932861328,236.6699981689453,236.74000549316406,951302
2025-01-10 16:05:00+01:00,236.77999877929688,236.89999389648438,236.1199951171875,236.17999267578125,1008457
2025-01-10 16:10:00+01:00,236.18370056152344,236.60000610351562,235.8000030517578,236.48500061035156,952814
2025-01-10 16:15:00+01:00,236.49159240722656,236.66000366210938,236.22000122070312,236.4801025390625,653837
2025-01-10 16:20:00+01:00,236.47999572753906,237.38999938964844,236.42999267578125,237.36500549316406,638121
2025-01-10 16:25:00+01:00,237.35000610351562,237.49000549316406,237.12030029296875,237.4250030517578,584369
2025-01-10 16:30:00+01:00,237.4241943359375,237.44830322265625,236.86000061035156,237.1199951171875,612823
2025-01-10 16:35:00+01:00,237.1199951171875,237.3800048828125,237.02000427246094,237.18499755859375,582713
2025-01-10 16:40:00+01:00,237.1699981689453,237.3000030517578,236.8000946044922,236.91000366210938,455496
2025-01-10 16:45:00+01:00,236.939697265625,237.19000244140625,236.80999755859375,236.94500732421875,470298
2025-01-10 16:50:00+01:00,236.94500732421875,236.9499969482422,235.98890686035156,236.077392578125,686447
2025-01-10 16:55:00+01:00,236.05999755859375,236.1199951171875,235.47000122070312,235.91000366210938,632203
2025-01-10 17:00:00+01:00,235.9250030517578,236.42999267578125,235.72000122070312,236.34010314941406,510565
2025-01-10 17:05:00+01:00,236.36000061035156,236.5800018310547,235.9029998779297,236.27000427246094,477442
2025-01-10 17:10:00+01:00,236.25999450683594,236.27499389648438,235.25,235.35499572753906,682893
2025-01-10 17:15:00+01:00,235.36160278320312,235.3800048828125,234.75,234.88999938964844,864518
2025-01-10 17:20:00+01:00,234.88999938964844,235.13999938964844,234.77000427246094,234.9199981689453,520765
2025-01-10 17:25:00+01:00,234.96099853515625,235.0489044189453,233.5,233.77000427246094,1931812
2025-01-10 17:30:00+01:00,233.77000427246094,234.67990112304688,233.33999633789062,234.0500030517578,976064
2025-01-10 17:35:00+01:00,234.0500030517578,234.0749969482422,233.0,233.48500061035156,1000056
2025-01-10 17:40:00+01:00,233.4600067138672,234.4149932861328,233.4600067138672,234.3300018310547,768929
2025-01-10 17:45:00+01:00,234.33999633789062,234.77999877929688,233.9801025390625,234.20030212402344,729221
2025-01-10 17:50:00+01:00,234.22999572753906,234.8699951171875,234.2100067138672,234.77999877929688,635957
2025-01-10 17:55:00+01:00,234.7801055908203,234.96839904785156,234.36000061035156,234.88999938964844,537414
2025-01-10 18:00:00+01:00,234.89999389648438,235.38999938964844,234.82000732421875,235.0800018310547,643368
2025-01-10 18:05:00+01:00,235.07009887695312,235.69000244140625,235.07009887695312,235.6009979248047,458868
2025-01-10 18:10:00+01:00,235.60000610351562,235.89999389648438,235.41000366210938,235.75999450683594,426015
2025-01-10 18:15:00+01:00,235.77999877929688,235.7899932861328,235.35000610351562,235.64999389648438,404748
2025-01-10 18:20:00+01:00,235.6649932861328,235.77000427246094,235.30999755859375,235.4510040283203,265396
2025-01-10 18:25:00+01:00,235.47999572753906,235.69000244140625,235.3000030517578,235.57000732421875,333635
2025-01-10 18:30:00+01:00,235.5399932861328,235.58999633789062,235.0800018310547,235.2899932861328,353378
2025-01-10 18:35:00+01:00,235.27000427246094,235.5399932861328,235.06500244140625,235.35000610351562,329994
2025-01-10 18:40:00+01:00,235.35000610351562,235.85000610351562,235.35000610351562,235.6999969482422,340025
2025-01-10 18:45:00+01:00,235.69000244140625,235.7989044189453,235.49000549316406,235.61500549316406,272314
2025-01-10 18:50:00+01:00,235.6300048828125,235.88169860839844,235.58999633789062,235.77969360351562,229010
2025-01-10 18:55:00+01:00,235.75999450683594,235.89999389648438,235.66000366210938,235.71499633789062,270027
2025-01-10 19:00:00+01:00,235.71499633789062,236.19000244140625,235.63999938964844,236.10000610351562,432677
2025-01-10 19:05:00+01:00,236.08740234375,236.6300048828125,236.0,236.5399932861328,355510
2025-01-10 19:10:00+01:00,236.5399932861328,236.97000122070312,236.52029418945312,236.75999450683594,360911
2025-01-10 19:15:00+01:00,236.75,236.94000244140625,236.52999877929688,236.7126007080078,293749
2025-01-10 19:20:00+01:00,236.6999969482422,237.14999389648438,236.6699981689453,237.07000732421875,354365
2025-01-10 19:25:00+01:00,237.06500244140625,237.33970642089844,236.97000122070312,237.11500549316406,366611
2025-01-10 19:30:00+01:00,237.1199951171875,237.4499969482422,236.89999389648438,237.4250030517578,325264
2025-01-10 19:35:00+01:00,237.41000366210938,237.4499969482422,237.0500030517578,237.22000122070312,331628
2025-01-10 19:40:00+01:00,237.2100067138672,237.27000427246094,236.9040069580078,236.9600067138672,303373
2025-01-10 19:45:00+01:00,236.9600067138672,237.47000122070312,236.9499969482422,237.40499877929688,242339
2025-01-10 19:50:00+01:00,237.41000366210938,237.45750427246094,237.16000366210938,237.31820678710938,240755
2025-01-10 19:55:00+01:00,237.27999877929688,237.5850067138672,237.25,237.44000244140625,290877
2025-01-10 20:00:00+01:00,237.42999267578125,237.47999572753906,236.97000122070312,236.97999572753906,266213
2025-01-10 20:05:00+01:00,237.0,237.02000427246094,236.47999572753906,236.49000549316406,350373
2025-01-10 20:10:00+01:00,236.5,236.7550048828125,236.41000366210938,236.4949951171875,224812
2025-01-10 20:15:00+01:00,236.50999450683594,236.75,236.50999450683594,236.6999969482422,184297
2025-01-10 20:20:00+01:00,236.6999969482422,236.77000427246094,236.4199981689453,236.70159912109375,232921
2025-01-10 20:25:00+01:00,236.6999969482422,236.9499969482422,236.6999969482422,236.8300018310547,182511
2025-01-10 20:30:00+01:00,236.83999633789062,236.8800048828125,236.52000427246094,236.5200958251953,206802
2025-01-10 20:35:00+01:00,236.52000427246094,236.6300048828125,236.33999633789062,236.5500030517578,233926
2025-01-10 20:40:00+01:00,236.57000732421875,236.60000610351562,236.20010375976562,236.22999572753906,331669
2025-01-10 20:45:00+01:00,236.24749755859375,236.27999877929688,235.94009399414062,235.97999572753906,236780
2025-01-10 20:50:00+01:00,235.97000122070312,236.47000122070312,235.94000244140625,236.42999267578125,231050
2025-01-10 20:55:00+01:00,236.4199981689453,236.47999572753906,236.17999267578125,236.35989379882812,249772
2025-01-10 21:00:00+01:00,236.3300018310547,236.36000061035156,235.89999389648438,235.9600067138672,395711
2025-01-10 21:05:00+01:00,235.9613037109375,236.1999969482422,235.92999267578125,236.11000061035156,290628
2025-01-10 21:10:00+01:00,236.11000061035156,236.18499755859375,235.82009887695312,235.88999938964844,330362
2025-01-10 21:15:00+01:00,235.90499877929688,236.10000610351562,235.75,235.82000732421875,299515
2025-01-10 21:20:00+01:00,235.8175048828125,236.33999633789062,235.75999450683594,236.25779724121094,450347
2025-01-10 21:25:00+01:00,236.25,236.2899932861328,235.96560668945312,235.9949951171875,324103
2025-01-10 21:30:00+01:00,235.9949951171875,236.1199951171875,235.77000427246094,236.07000732421875,395557
2025-01-10 21:35:00+01:00,236.05999755859375,236.49420166015625,236.02999877929688,236.31500244140625,467747
2025-01-10 21:40:00+01:00,236.30999755859375,236.49000549316406,236.0,236.3300018310547,507313
2025-01-10 21:45:00+01:00,236.3300018310547,236.6699981689453,236.25889587402344,236.57789611816406,410963
2025-01-10 21:50:00+01:00,236.5399932861328,236.97000122070312,235.91000366210938,236.94140625,1016355
2025-01-10 21:55:00+01:00,236.91000366210938,237.2899932861328,236.7100067138672,236.92999267578125,2299721
2025-01-13 15:30:00+01:00,233.5,233.58999633789062,231.10000610351562,231.27000427246094,3750279
2025-01-13 15:35:00+01:00,231.2550048828125,231.58250427246094,230.1999969482422,230.49000549316406,1731871
2025-01-13 15:40:00+01:00,230.47999572753906,231.24000549316406,230.3300018310547,231.1699981689453,1066723
2025-01-13 15:45:00+01:00,231.1699981689453,231.39990234375,230.42999267578125,230.47900390625,752454
2025-01-13 15:50:00+01:00,230.4250030517578,231.2899932861328,230.3800048828125,231.25999450683594,1037491
2025-01-13 15:55:00+01:00,231.2100067138672,231.6300048828125,230.2100067138672,230.32000732421875,1001321
2025-01-13 16:00:00+01:00,230.3249969482422,230.3699951171875,229.72000122070312,230.10000610351562,1275681
2025-01-13 16:05:00+01:00,230.1051025390625,231.11000061035156,230.09500122070312,230.92010498046875,771427
2025-01-13 16:10:00+01:00,230.93499755859375,231.3175048828125,230.92959594726562,231.125,518752
2025-01-13 16:15:00+01:00,231.1300048828125,231.32000732421875,230.75,231.22000122070312,465545
2025-01-13 16:20:00+01:00,231.19000244140625,231.30499267578125,230.72500610351562,230.77000427246094,444713
2025-01-13 16:25:00+01:00,230.7696075439453,230.7899932861328,230.11000061035156,230.3800048828125,498217
2025-01-13 16:30:00+01:00,230.3800048828125,230.92990112304688,230.22000122070312,230.69000244140625,641950
2025-01-13 16:35:00+01:00,230.74000549316406,231.26100158691406,230.66000366210938,231.25999450683594,664013
2025-01-13 16:40:00+01:00,231.25990295410156,231.72500610351562,231.03500366210938,231.36500549316406,725775
2025-01-13 16:45:00+01:00,231.36500549316406,231.8000030517578,231.1999969482422,231.6199951171875,458871
2025-01-13 16:50:00+01:00,231.59500122070312,231.65989685058594,230.74000549316406,230.80999755859375,475822
2025-01-13 16:55:00+01:00,230.8000030517578,231.1999969482422,230.72000122070312,231.11500549316406,351612
2025-01-13 17:00:00+01:00,231.16000366210938,231.6199951171875,231.07000732421875,231.36500549316406,355822
2025-01-13 17:05:00+01:00,231.3800048828125,231.39950561523438,230.6999969482422,230.73500061035156,354135
2025-01-13 17:10:00+01:00,230.72999572753906,230.85000610351562,230.52499389648438,230.625,308997
2025-01-13 17:15:00+01:00,230.6356964111328,230.89559936523438,230.5908966064453,230.89559936523438,332774
2025-01-13 17:20:00+01:00,230.88099670410156,230.92999267578125,230.5399932861328,230.625,320872
2025-01-13 17:25:00+01:00,230.64999389648438,230.889892578125,230.3699951171875,230.72500610351562,366546
2025-01-13 17:30:00+01:00,230.7324981689453,231.11959838867188,230.7100067138672,230.9600067138672,300993
2025-01-13 17:35:00+01:00,230.97999572753906,231.3800048828125,230.88999938964844,231.3000030517578,394507
2025-01-13 17:40:00+01:00,231.27000427246094,231.6999969482422,231.14999389648438,231.50999450683594,286530
2025-01-13 17:45:00+01:00,231.50999450683594,231.72000122070312,231.39500427246094,231.48500061035156,256749
2025-01-13 17:50:00+01:00,231.47999572753906,231.52999877929688,231.17999267578125,231.17999267578125,438565
2025-01-13 17:55:00+01:00,231.19000244140625,231.1999969482422,230.4600067138672,230.64950561523438,380523
2025-01-13 18:00:00+01:00,230.6699981689453,231.0,230.39999389648438,230.74000549316406,330465
2025-01-13 18:05:00+01:00,230.73500061035156,231.44940185546875,230.7303009033203,231.43499755859375,295577
2025-01-13 18:10:00+01:00,231.43499755859375,231.92999267578125,231.43499755859375,231.91510009765625,402711
2025-01-13 18:15:00+01:00,231.91099548339844,232.38999938964844,231.8468017578125,232.34010314941406,483433
2025-01-13 18:20:00+01:00,232.35499572753906,232.52000427246094,232.1136016845703,232.41000366210938,331309
2025-01-13 18:25:00+01:00,232.39999389648438,232.52999877929688,232.22999572753906,232.32000732421875,259133
2025-01-13 18:30:00+01:00,232.2899932861328,232.72940063476562,232.2642059326172,232.67999267578125,233538
2025-01-13 18:35:00+01:00,232.7100067138672,232.78250122070312,232.11000061035156,232.1479949951172,278912
2025-01-13 18:40:00+01:00,232.14419555664062,232.23989868164062,231.97999572753906,232.10000610351562,300345
2025-01-13 18:45:00+01:00,232.11000061035156,232.6999969482422,232.05999755859375,232.6649932861328,279777
2025-01-13 18:50:00+01:00,232.6699981689453,232.83999633789062,232.61000061035156,232.8000030517578,190182
2025-01-13 18:55:00+01:00,232.80999755859375,233.23500061035156,232.7899932861328,233.1501007080078,309477
2025-01-13 19:00:00+01:00,233.13999938964844,233.43499755859375,233.07000732421875,233.15499877929688,232169
2025-01-13 19:05:00+01:00,233.14500427246094,233.24000549316406,233.00999450683594,233.05039978027344,194012
2025-01-13 19:10:00+01:00,233.07000732421875,233.24989318847656,232.9499969482422,233.11070251464844,302246
2025-01-13 19:15:00+01:00,233.11000061035156,233.22000122070312,232.84500122070312,232.88999938964844,229080
2025-01-13 19:20:00+01:00,232.88999938964844,233.02000427246094,232.83999633789062,232.97999572753906,156121
2025-01-13 19:25:00+01:00,232.99000549316406,233.38999938964844,232.97000122070312,233.3800048828125,214763
2025-01-13 19:30:00+01:00,233.3800048828125,233.55999755859375,233.2899932861328,233.5,329090
2025-01-13 19:35:00+01:00,233.49000549316406,233.66000366210938,233.38999938964844,233.38999938964844,214275
2025-01-13 19:40:00+01:00,233.38999938964844,233.6300048828125,233.27999877929688,233.3000030517578,228334
2025-01-13 19:45:00+01:00,233.30999755859375,233.67999267578125,233.25999450683594,233.52000427246094,278805
2025-01-13 19:50:00+01:00,233.52000427246094,233.81979370117188,233.44500732421875,233.69009399414062,192959
2025-01-13 19:55:00+01:00,233.7097930908203,233.89999389648438,233.64999389648438,233.8800048828125,229519
2025-01-13 20:00:00+01:00,233.85000610351562,233.9499053955078,233.7100067138672,233.75999450683594,194891
2025-01-13 20:05:00+01:00,233.7899932861328,233.97000122070312,233.57000732421875,233.7100067138672,232310
2025-01-13 20:10:00+01:00,233.71499633789062,233.75999450683594,233.3699951171875,233.42999267578125,205064
2025-01-13 20:15:00+01:00,233.4499969482422,233.5500030517578,233.3300018310547,233.42010498046875,153731
2025-01-13 20:20:00+01:00,233.43479919433594,233.52000427246094,233.33999633789062,233.4499969482422,200448
2025-01-13 20:25:00+01:00,233.4550018310547,233.63999938964844,233.27000427246094,233.55999755859375,219099
2025-01-13 20:30:00+01:00,233.5500030517578,233.77999877929688,233.52000427246094,233.6300048828125,211189
2025-01-13 20:35:00+01:00,233.6199951171875,233.77999877929688,233.42999267578125,233.7100067138672,192493
2025-01-13 20:40:00+01:00,233.69009399414062,234.1999969482422,233.68310546875,234.08639526367188,296901
2025-01-13 20:45:00+01:00,234.09970092773438,234.11000061035156,233.50999450683594,233.5500030517578,255901
2025-01-13 20:50:00+01:00,233.55560302734375,233.72000122070312,233.3699951171875,233.6649932861328,195637
2025-01-13 20:55:00+01:00,233.6699981689453,233.95550537109375,233.625,233.92999267578125,235003
2025-01-13 21:00:00+01:00,233.92999267578125,233.94239807128906,233.67999267578125,233.77999877929688,266392
2025-01-13 21:05:00+01:00,233.77999877929688,233.9875946044922,233.66000366210938,233.71629333496094,209130
2025-01-13 21:10:00+01:00,233.71359252929688,233.75999450683594,233.42999267578125,233.50999450683594,317952
2025-01-13 21:15:00+01:00,233.50999450683594,233.97000122070312,233.43499755859375,233.8800048828125,526264
2025-01-13 21:20:00+01:00,233.88499450683594,233.94500732421875,233.61000061035156,233.62240600585938,274115
2025-01-13 21:25:00+01:00,233.6300048828125,233.75,233.49000549316406,233.6844024658203,309961
2025-01-13 21:30:00+01:00,233.69000244140625,233.81320190429688,233.6699981689453,233.77999877929688,298242
2025-01-13 21:35:00+01:00,233.77499389648438,233.87710571289062,233.65499877929688,233.68499755859375,384744
2025-01-13 21:40:00+01:00,233.68499755859375,233.89999389648438,233.67999267578125,233.875,393656
2025-01-13 21:45:00+01:00,233.8800048828125,233.97999572753906,233.75999450683594,233.8699951171875,431256
2025-01-13 21:50:00+01:00,233.8699951171875,234.4499969482422,233.83999633789062,234.3800048828125,1347686
2025-01-13 21:55:00+01:00,234.38499450683594,234.6699981689453,234.11500549316406,234.39999389648438,1724268
2025-01-14 15:30:00+01:00,234.75,235.94000244140625,234.25999450683594,235.88999938964844,2136084
2025-01-14 15:35:00+01:00,235.8769989013672,236.02999877929688,234.8699951171875,235.02000427246094,740327
2025-01-14 15:40:00+01:00,235.01699829101562,235.5699005126953,234.85000610351562,235.5449981689453,460742
2025-01-14 15:45:00+01:00,235.5449981689453,235.64999389648438,235.0,235.62399291992188,574276
2025-01-14 15:50:00+01:00,235.6300048828125,235.6999969482422,234.9600067138672,235.17999267578125,371774
2025-01-14 15:55:00+01:00,235.14999389648438,235.3000030517578,234.8300018310547,234.9250030517578,365617
2025-01-14 16:00:00+01:00,234.93699645996094,235.42999267578125,234.75999450683594,235.38999938964844,367872
2025-01-14 16:05:00+01:00,235.3699951171875,235.6761016845703,235.30099487304688,235.497802734375,332088
2025-01-14 16:10:00+01:00,235.47999572753906,236.1199951171875,235.36000061035156,235.4398956298828,506250
2025-01-14 16:15:00+01:00,235.43499755859375,236.0399932861328,235.42999267578125,235.77999877929688,327961
2025-01-14 16:20:00+01:00,235.77999877929688,235.9199981689453,235.5240020751953,235.60159301757812,343436
2025-01-14 16:25:00+01:00,235.625,235.8300018310547,235.42999267578125,235.61000061035156,337113
2025-01-14 16:30:00+01:00,235.60000610351562,235.97000122070312,235.57000732421875,235.72999572753906,369644
2025-01-14 16:35:00+01:00,235.63499450683594,235.74000549316406,235.0500030517578,235.0749969482422,473158
2025-01-14 16:40:00+01:00,235.0800018310547,235.89999389648438,235.07220458984375,235.83999633789062,300226
2025-01-14 16:45:00+01:00,235.8300018310547,235.8300018310547,235.1699981689453,235.1699981689453,251016
2025-01-14 16:50:00+01:00,235.17999267578125,235.22000122070312,234.8699951171875,235.1199951171875,342054
2025-01-14 16:55:00+01:00,235.09500122070312,235.11000061035156,234.6501007080078,234.77000427246094,352974
2025-01-14 17:00:00+01:00,234.77999877929688,234.8822021484375,234.414794921875,234.5200958251953,267568
2025-01-14 17:05:00+01:00,234.5200958251953,234.7899932861328,234.42999267578125,234.74000549316406,254755
2025-01-14 17:10:00+01:00,234.72500610351562,234.8300018310547,234.4801025390625,234.61500549316406,213376
2025-01-14 17:15:00+01:00,234.61000061035156,234.67999267578125,234.1300048828125,234.19900512695312,244513
2025-01-14 17:20:00+01:00,234.2095947265625,234.52000427246094,234.13999938964844,234.44000244140625,420826
2025-01-14 17:25:00+01:00,234.42999267578125,234.64999389648438,234.1800994873047,234.2100067138672,346580
2025-01-14 17:30:00+01:00,234.19000244140625,234.47630310058594,234.1800994873047,234.2449951171875,182275
2025-01-14 17:35:00+01:00,234.23500061035156,234.27040100097656,233.8000030517578,233.97000122070312,316920
2025-01-14 17:40:00+01:00,234.0,234.02999877929688,233.3699951171875,233.4499969482422,402798
2025-01-14 17:45:00+01:00,233.4927978515625,233.60000610351562,233.3000030517578,233.4199981689453,255353
2025-01-14 17:50:00+01:00,233.42999267578125,233.5749969482422,233.3300018310547,233.49000549316406,202624
2025-01-14 17:55:00+01:00,233.47999572753906,233.55999755859375,233.14500427246094,233.1741943359375,295924
2025-01-14 18:00:00+01:00,233.1649932861328,233.1999969482422,232.84500122070312,232.9259033203125,413096
2025-01-14 18:05:00+01:00,232.92999267578125,233.5399932861328,232.88999938964844,233.49000549316406,217449
2025-01-14 18:10:00+01:00,233.4604034423828,233.57000732421875,233.22019958496094,233.25,232741
2025-01-14 18:15:00+01:00,233.25999450683594,233.33999633789062,233.00010681152344,233.02499389648438,195434
2025-01-14 18:20:00+01:00,233.05999755859375,233.1300048828125,232.8699951171875,233.08999633789062,199976
2025-01-14 18:25:00+01:00,233.10000610351562,233.39999389648438,233.08999633789062,233.3249969482422,166250
2025-01-14 18:30:00+01:00,233.30999755859375,233.30999755859375,232.82000732421875,232.8800048828125,183797
2025-01-14 18:35:00+01:00,232.88999938964844,233.05999755859375,232.64999389648438,232.97999572753906,212625
2025-01-14 18:40:00+01:00,233.01499938964844,233.4499969482422,233.0,233.37010192871094,197203
2025-01-14 18:45:00+01:00,233.3800048828125,233.42999267578125,233.1199951171875,233.24000549316406,128767
2025-01-14 18:50:00+01:00,233.24989318847656,233.4199981689453,233.235107421875,233.27999877929688,172384
2025-01-14 18:55:00+01:00,233.2899932861328,233.3000030517578,232.96009826660156,233.02999877929688,153733
2025-01-14 19:00:00+01:00,233.02000427246094,233.5500030517578,232.97000122070312,233.5,211951
2025-01-14 19:05:00+01:00,233.51499938964844,233.77000427246094,233.46090698242188,233.59500122070312,168180
2025-01-14 19:10:00+01:00,233.5937957763672,233.64999389648438,233.49000549316406,233.625,165139
2025-01-14 19:15:00+01:00,233.6199951171875,233.88999938964844,233.39999389648438,233.72000122070312,261848
2025-01-14 19:20:00+01:00,233.72000122070312,233.9250030517578,233.61000061035156,233.88999938964844,165214
2025-01-14 19:25:00+01:00,233.94000244140625,234.1199951171875,233.8780059814453,234.02020263671875,158214
2025-01-14 19:30:00+01:00,234.0399932861328,234.0399932861328,233.72000122070312,233.83999633789062,190848
2025-01-14 19:35:00+01:00,233.83999633789062,233.9600067138672,233.7519073486328,233.9550018310547,155954
2025-01-14 19:40:00+01:00,233.94000244140625,234.4199981689453,233.91009521484375,234.3385009765625,235691
2025-01-14 19:45:00+01:00,234.34500122070312,234.57000732421875,234.24009704589844,234.53439331054688,223432
2025-01-14 19:50:00+01:00,234.5301055908203,234.7050018310547,234.50100708007812,234.63999938964844,196845
2025-01-14 19:55:00+01:00,234.64999389648438,234.77310180664062,234.57850646972656,234.69500732421875,197909
2025-01-14 20:00:00+01:00,234.72000122070312,234.79989624023438,234.57000732421875,234.6699981689453,202152
2025-01-14 20:05:00+01:00,234.66259765625,234.9199981689453,234.60000610351562,234.80239868164062,245694
2025-01-14 20:10:00+01:00,234.80499267578125,234.83999633789062,234.5850067138672,234.6699981689453,160426
2025-01-14 20:15:00+01:00,234.6699981689453,234.85000610351562,234.57009887695312,234.64999389648438,243708
2025-01-14 20:20:00+01:00,234.64999389648438,234.67999267578125,234.45030212402344,234.58999633789062,200904
2025-01-14 20:25:00+01:00,234.58999633789062,234.6199951171875,234.23500061035156,234.25869750976562,194847
2025-01-14 20:30:00+01:00,234.25,234.49000549316406,234.19000244140625,234.38499450683594,268363
2025-01-14 20:35:00+01:00,234.39999389648438,234.64999389648438,234.30999755859375,234.41000366210938,326990
2025-01-14 20:40:00+01:00,234.41000366210938,234.41000366210938,234.17999267578125,234.22610473632812,232424
2025-01-14 20:45:00+01:00,234.22500610351562,234.22999572753906,234.0052032470703,234.04119873046875,272438
2025-01-14 20:50:00+01:00,234.05499267578125,234.10000610351562,233.49000549316406,233.5540008544922,419024
2025-01-14 20:55:00+01:00,233.56610107421875,233.6343994140625,233.0500030517578,233.14999389648438,341070
2025-01-14 21:00:00+01:00,233.13499450683594,233.22000122070312,232.4720001220703,232.6300048828125,359347
2025-01-14 21:05:00+01:00,232.625,232.78500366210938,232.5,232.7008056640625,290389
2025-01-14 21:10:00+01:00,232.69000244140625,232.75999450683594,232.47999572753906,232.66729736328125,281326
2025-01-14 21:15:00+01:00,232.6699981689453,233.02000427246094,232.6649932861328,232.7949981689453,306705
2025-01-14 21:20:00+01:00,232.80499267578125,233.14999389648438,232.75,233.10000610351562,301315
2025-01-14 21:25:00+01:00,233.10000610351562,233.30999755859375,233.02000427246094,233.2949981689453,220581
2025-01-14 21:30:00+01:00,233.27999877929688,233.39529418945312,232.85000610351562,232.9398956298828,293566
2025-01-14 21:35:00+01:00,232.92999267578125,233.19000244140625,232.72000122070312,232.72000122070312,310132
2025-01-14 21:40:00+01:00,232.7200927734375,232.97999572753906,232.5399932861328,232.97999572753906,418887
2025-01-14 21:45:00+01:00,232.97999572753906,233.10000610351562,232.92840576171875,232.9600067138672,431513
2025-01-14 21:50:00+01:00,232.97999572753906,233.44000244140625,232.9250030517578,233.2899932861328,1095905
2025-01-14 21:55:00+01:00,233.27999877929688,233.39999389648438,232.77999877929688,233.27999877929688,2301939
2025-01-15 15:30:00+01:00,234.63999938964844,236.9199981689453,234.42999267578125,236.7899932861328,2223901
2025-01-15 15:35:00+01:00,236.7967987060547,237.19000244140625,236.61000061035156,236.9290008544922,884610
2025-01-15 15:40:00+01:00,236.9600067138672,237.52000427246094,236.9499969482422,237.35000610351562,537723
2025-01-15 15:45:00+01:00,237.33999633789062,237.91000366210938,237.33999633789062,237.8699951171875,547889
2025-01-15 15:50:00+01:00,237.89500427246094,238.12100219726562,237.41000366210938,237.431396484375,808161
2025-01-15 15:55:00+01:00,237.42999267578125,237.552001953125,237.1699981689453,237.35000610351562,615509
2025-01-15 16:00:00+01:00,237.3699951171875,238.38999938964844,237.36000061035156,238.2449951171875,807067
2025-01-15 16:05:00+01:00,238.25709533691406,238.2949981689453,237.52999877929688,237.56500244140625,486194
2025-01-15 16:10:00+01:00,237.55999755859375,237.8800048828125,237.42999267578125,237.50999450683594,349005
2025-01-15 16:15:00+01:00,237.5,237.89999389648438,237.39999389648438,237.8800048828125,391234
2025-01-15 16:20:00+01:00,237.91000366210938,238.10000610351562,237.72999572753906,237.83999633789062,446869
2025-01-15 16:25:00+01:00,237.8300018310547,238.0399932861328,237.6199951171875,237.92010498046875,501488
2025-01-15 16:30:00+01:00,237.9600067138672,238.33999633789062,237.77999877929688,237.77999877929688,502344
2025-01-15 16:35:00+01:00,237.77999877929688,238.11000061035156,237.4499969482422,238.08999633789062,331787
2025-01-15 16:40:00+01:00,238.07009887695312,238.11000061035156,237.86000061035156,238.0,249243
2025-01-15 16:45:00+01:00,237.9949951171875,238.16000366210938,237.9499969482422,238.00999450683594,268510
2025-01-15 16:50:00+01:00,238.00999450683594,238.14999389648438,237.7899932861328,237.97999572753906,222176
2025-01-15 16:55:00+01:00,237.97999572753906,238.22999572753906,237.91009521484375,237.97500610351562,278924
2025-01-15 17:00:00+01:00,237.96499633789062,238.5399932861328,237.96499633789062,238.2050018310547,332885
2025-01-15 17:05:00+01:00,238.1903076171875,238.27999877929688,237.66000366210938,237.79220581054688,343533
2025-01-15 17:10:00+01:00,237.94000244140625,238.12989807128906,237.90499877929688,237.91000366210938,273055
2025-01-15 17:15:00+01:00,237.91000366210938,238.07000732421875,237.85020446777344,237.9199981689453,229209
2025-01-15 17:20:00+01:00,237.9199981689453,237.92999267578125,237.49000549316406,237.63999938964844,364165
2025-01-15 17:25:00+01:00,237.6300048828125,237.6300048828125,237.30999755859375,237.40069580078125,309183
2025-01-15 17:30:00+01:00,237.39999389648438,237.39999389648438,236.92999267578125,237.07000732421875,522620
2025-01-15 17:35:00+01:00,237.07989501953125,237.3300018310547,237.01229858398438,237.05999755859375,249018
2025-01-15 17:40:00+01:00,237.07000732421875,237.21499633789062,237.00999450683594,237.00999450683594,171358
2025-01-15 17:45:00+01:00,237.00999450683594,237.1300048828125,236.83999633789062,236.9499969482422,235417
2025-01-15 17:50:00+01:00,236.92999267578125,236.99969482421875,236.6300048828125,236.80999755859375,269680
2025-01-15 17:55:00+01:00,236.8000030517578,236.90499877929688,236.5023956298828,236.77499389648438,249835
2025-01-15 18:00:00+01:00,236.77999877929688,237.19000244140625,236.6699981689453,237.1649932861328,269527
2025-01-15 18:05:00+01:00,237.16000366210938,237.5399932861328,237.11000061035156,237.531005859375,209327
2025-01-15 18:10:00+01:00,237.52999877929688,237.5800018310547,237.30999755859375,237.44500732421875,197842
2025-01-15 18:15:00+01:00,237.4550018310547,237.49000549316406,237.19000244140625,237.22000122070312,195174
2025-01-15 18:20:00+01:00,237.1999969482422,237.4311065673828,237.1699981689453,237.22000122070312,203500
2025-01-15 18:25:00+01:00,237.22000122070312,237.36000061035156,237.0399932861328,237.11990356445312,186286
2025-01-15 18:30:00+01:00,237.11500549316406,237.35000610351562,237.11500549316406,237.2550048828125,241062
2025-01-15 18:35:00+01:00,237.25999450683594,237.47999572753906,237.22000122070312,237.47999572753906,204098
2025-01-15 18:40:00+01:00,237.47000122070312,237.57000732421875,237.44500732421875,237.50999450683594,191427
2025-01-15 18:45:00+01:00,237.51739501953125,237.74000549316406,237.47999572753906,237.64500427246094,208115
2025-01-15 18:50:00+01:00,237.64999389648438,237.64999389648438,237.35000610351562,237.5,198165
2025-01-15 18:55:00+01:00,237.49000549316406,237.5,237.16000366210938,237.19000244140625,211042
2025-01-15 19:00:00+01:00,237.1999969482422,237.47000122070312,237.1999969482422,237.35000610351562,161546
2025-01-15 19:05:00+01:00,237.35980224609375,237.393798828125,237.16000366210938,237.1699981689453,162851
2025-01-15 19:10:00+01:00,237.1623992919922,237.17759704589844,236.97000122070312,237.02499389648438,200159
2025-01-15 19:15:00+01:00,237.02000427246094,237.41000366210938,236.99000549316406,237.3699951171875,169237
2025-01-15 19:20:00+01:00,237.36770629882812,237.5,237.3300018310547,237.44000244140625,132332
2025-01-15 19:25:00+01:00,237.44000244140625,237.5399932861328,237.39999389648438,237.52999877929688,126470
2025-01-15 19:30:00+01:00,237.52000427246094,237.5800018310547,237.39199829101562,237.42990112304688,163974
2025-01-15 19:35:00+01:00,237.4199981689453,237.4499969482422,237.25999450683594,237.3686981201172,205871
2025-01-15 19:40:00+01:00,237.3699951171875,237.60000610351562,237.3000030517578,237.5565948486328,169243
2025-01-15 19:45:00+01:00,237.5500030517578,237.72470092773438,237.5399932861328,237.5601043701172,148324
2025-01-15 19:50:00+01:00,237.5800018310547,237.6999969482422,237.5500030517578,237.5823974609375,172628
2025-01-15 19:55:00+01:00,237.5850067138672,237.6199951171875,237.4949951171875,237.56500244140625,172235
2025-01-15 20:00:00+01:00,237.5800018310547,237.73500061035156,237.57000732421875,237.6199951171875,111086
2025-01-15 20:05:00+01:00,237.64999389648438,237.72999572753906,237.58999633789062,237.65640258789062,140328
2025-01-15 20:10:00+01:00,237.64999389648438,237.75999450683594,237.6300048828125,237.75999450683594,168376
2025-01-15 20:15:00+01:00,237.75999450683594,237.75999450683594,237.57000732421875,237.625,140098
2025-01-15 20:20:00+01:00,237.6300048828125,237.68499755859375,237.42999267578125,237.50999450683594,141105
2025-01-15 20:25:00+01:00,237.5,237.6199951171875,237.44000244140625,237.5601043701172,174986
2025-01-15 20:30:00+01:00,237.5800018310547,237.97999572753906,237.5800018310547,237.8249969482422,212283
2025-01-15 20:35:00+01:00,237.82139587402344,238.03419494628906,237.82000732421875,237.9600067138672,244094
2025-01-15 20:40:00+01:00,237.97999572753906,238.02740478515625,237.75999450683594,237.8350067138672,179482
2025-01-15 20:45:00+01:00,237.8350067138672,237.94000244140625,237.74290466308594,237.77999877929688,198167
2025-01-15 20:50:00+01:00,237.77499389648438,237.94000244140625,237.74000549316406,237.91000366210938,173495
2025-01-15 20:55:00+01:00,237.90350341796875,237.92990112304688,237.8000030517578,237.80999755859375,178017
2025-01-15 21:00:00+01:00,237.8300018310547,237.9134063720703,237.7550048828125,237.77000427246094,184652
2025-01-15 21:05:00+01:00,237.77499389648438,237.8699951171875,237.6230010986328,237.74000549316406,249151
2025-01-15 21:10:00+01:00,237.75,237.89999389648438,237.74000549316406,237.80999755859375,283578
2025-01-15 21:15:00+01:00,237.80999755859375,237.8249969482422,237.74000549316406,237.7899932861328,231766
2025-01-15 21:20:00+01:00,237.7899932861328,237.8300018310547,237.68179321289062,237.72500610351562,242630
2025-01-15 21:25:00+01:00,237.72500610351562,237.80990600585938,237.52000427246094,237.62120056152344,404771
2025-01-15 21:30:00+01:00,237.6199951171875,237.91000366210938,237.61090087890625,237.8800048828125,314544
2025-01-15 21:35:00+01:00,237.86500549316406,237.8800048828125,237.71499633789062,237.8332061767578,284965
2025-01-15 21:40:00+01:00,237.85000610351562,237.9199981689453,237.60000610351562,237.82000732421875,365273
2025-01-15 21:45:00+01:00,237.81410217285156,238.07879638671875,237.81410217285156,237.99000549316406,372098
2025-01-15 21:50:00+01:00,237.97999572753906,237.99000549316406,237.38999938964844,237.67999267578125,1157992
2025-01-15 21:55:00+01:00,237.6699981689453,238.47000122070312,237.60000610351562,237.85000610351562,2189513
2025-01-16 15:30:00+01:00,237.49000549316406,238.00999450683594,235.9199981689453,236.22999572753906,2629327
2025-01-16 15:35:00+01:00,236.27000427246094,237.0,236.19500732421875,236.5500030517578,776456
2025-01-16 15:40:00+01:00,236.5500030517578,236.7100067138672,236.0928955078125,236.25,563525
2025-01-16 15:45:00+01:00,236.24000549316406,236.27999877929688,235.52000427246094,235.67999267578125,608957
2025-01-16 15:50:00+01:00,235.67999267578125,235.8800048828125,235.13999938964844,235.16000366210938,686670
2025-01-16 15:55:00+01:00,235.1688995361328,235.4550018310547,234.74000549316406,234.84500122070312,762651
2025-01-16 16:00:00+01:00,234.84500122070312,235.1699981689453,234.61000061035156,234.9199981689453,682551
2025-01-16 16:05:00+01:00,234.88999938964844,234.97000122070312,234.16000366210938,234.39999389648438,825299
2025-01-16 16:10:00+01:00,234.39999389648438,234.5399932861328,233.91000366210938,233.99000549316406,707880
2025-01-16 16:15:00+01:00,233.98500061035156,234.30999755859375,233.77000427246094,233.77999877929688,555189
2025-01-16 16:20:00+01:00,233.77000427246094,234.0355987548828,233.37139892578125,233.46499633789062,767117
2025-01-16 16:25:00+01:00,233.46499633789062,233.47000122070312,232.71060180664062,232.8179931640625,880152
2025-01-16 16:30:00+01:00,232.802001953125,233.02000427246094,232.1199951171875,232.16000366210938,1248505
2025-01-16 16:35:00+01:00,232.16000366210938,232.72999572753906,231.80999755859375,232.61990356445312,1333016
2025-01-16 16:40:00+01:00,232.61000061035156,232.77999877929688,232.05999755859375,232.3000030517578,809882
2025-01-16 16:45:00+01:00,232.32000732421875,232.3800048828125,231.51510620117188,231.57000732421875,934125
2025-01-16 16:50:00+01:00,231.56260681152344,231.9499969482422,231.16000366210938,231.1649932861328,910395
2025-01-16 16:55:00+01:00,231.1699981689453,232.0699005126953,231.16050720214844,231.96009826660156,977122
2025-01-16 17:00:00+01:00,231.96499633789062,232.0500030517578,231.49000549316406,231.63999938964844,686993
2025-01-16 17:05:00+01:00,231.65499877929688,232.3125,231.56430053710938,232.2899932861328,712404
2025-01-16 17:10:00+01:00,232.2700958251953,232.30999755859375,231.8800048828125,231.9199981689453,627201
2025-01-16 17:15:00+01:00,231.9199981689453,232.02999877929688,231.55999755859375,231.76609802246094,603075
2025-01-16 17:20:00+01:00,231.76499938964844,231.77999877929688,230.39500427246094,230.39500427246094,1130804
2025-01-16 17:25:00+01:00,230.38999938964844,230.6999969482422,230.16000366210938,230.5850067138672,1092991
2025-01-16 17:30:00+01:00,230.59950256347656,230.75990295410156,229.89999389648438,230.0500030517578,1238850
2025-01-16 17:35:00+01:00,230.0653076171875,230.4799041748047,229.82000732421875,230.22000122070312,910500
2025-01-16 17:40:00+01:00,230.24000549316406,230.24000549316406,229.75,229.94000244140625,818523
2025-01-16 17:45:00+01:00,229.9499969482422,230.47000122070312,229.78140258789062,230.31199645996094,689759
2025-01-16 17:50:00+01:00,230.3249969482422,230.5800018310547,230.13999938964844,230.52000427246094,518033
2025-01-16 17:55:00+01:00,230.52000427246094,230.7899932861328,230.2899932861328,230.68539428710938,530277
2025-01-16 18:00:00+01:00,230.67999267578125,230.89999389648438,230.54600524902344,230.66900634765625,715418
2025-01-16 18:05:00+01:00,230.69000244140625,230.77000427246094,230.5500030517578,230.64999389648438,417558
2025-01-16 18:10:00+01:00,230.64999389648438,230.94000244140625,230.61000061035156,230.83380126953125,379206
2025-01-16 18:15:00+01:00,230.8300018310547,230.8300018310547,230.42999267578125,230.58999633789062,563926
2025-01-16 18:20:00+01:00,230.58999633789062,231.0800018310547,230.3800048828125,230.97450256347656,695287
2025-01-16 18:25:00+01:00,230.99000549316406,231.10000610351562,230.83999633789062,230.9199981689453,934726
2025-01-16 18:30:00+01:00,230.9199981689453,231.1199951171875,230.86000061035156,231.0012969970703,429533
2025-01-16 18:35:00+01:00,231.00379943847656,231.08999633789062,230.63999938964844,231.05999755859375,381162
2025-01-16 18:40:00+01:00,231.07000732421875,231.1999969482422,230.81370544433594,231.17999267578125,364727
2025-01-16 18:45:00+01:00,231.1800994873047,231.1999969482422,230.5800018310547,230.6416015625,408663
2025-01-16 18:50:00+01:00,230.63999938964844,230.74000549316406,230.4600067138672,230.65499877929688,500106
2025-01-16 18:55:00+01:00,230.66000366210938,230.75,230.4499969482422,230.4600067138672,354722
2025-01-16 19:00:00+01:00,230.47999572753906,230.6699981689453,230.42999267578125,230.60000610351562,399145
2025-01-16 19:05:00+01:00,230.61990356445312,230.6300048828125,230.2899932861328,230.37989807128906,370122
2025-01-16 19:10:00+01:00,230.375,230.66000366210938,230.05999755859375,230.08999633789062,394596
2025-01-16 19:15:00+01:00,230.08999633789062,230.10000610351562,229.80999755859375,229.82000732421875,1171910
2025-01-16 19:20:00+01:00,229.8101043701172,230.02000427246094,229.7899932861328,229.97999572753906,491352
2025-01-16 19:25:00+01:00,229.97000122070312,230.02999877929688,229.07000732421875,229.19000244140625,957186
2025-01-16 19:30:00+01:00,229.18499755859375,229.2100067138672,228.72999572753906,228.8000946044922,850711
2025-01-16 19:35:00+01:00,228.80999755859375,229.09500122070312,228.6199951171875,229.07000732421875,662597
2025-01-16 19:40:00+01:00,229.0800018310547,229.14999389648438,228.6699981689453,229.02000427246094,547436
2025-01-16 19:45:00+01:00,229.0198974609375,229.25,228.8699951171875,229.24000549316406,449443
2025-01-16 19:50:00+01:00,229.22999572753906,229.26499938964844,228.97999572753906,229.18080139160156,438959
2025-01-16 19:55:00+01:00,229.18099975585938,229.20140075683594,228.83270263671875,229.0,332360
2025-01-16 20:00:00+01:00,228.97000122070312,229.25999450683594,228.8000030517578,229.18499755859375,373772
2025-01-16 20:05:00+01:00,229.19290161132812,229.39999389648438,229.0800018310547,229.08999633789062,373198
2025-01-16 20:10:00+01:00,229.0821990966797,229.25990295410156,228.97999572753906,229.07000732421875,364325
2025-01-16 20:15:00+01:00,229.08999633789062,229.1649932861328,228.8000030517578,228.9199981689453,376709
2025-01-16 20:20:00+01:00,228.9178009033203,229.05999755859375,228.55999755859375,228.66000366210938,510504
2025-01-16 20:25:00+01:00,228.66000366210938,229.2449951171875,228.63009643554688,229.1750030517578,564707
2025-01-16 20:30:00+01:00,229.1750030517578,229.25999450683594,229.00999450683594,229.13499450683594,350063
2025-01-16 20:35:00+01:00,229.1374053955078,229.5800018310547,229.10690307617188,229.46499633789062,524652
2025-01-16 20:40:00+01:00,229.47000122070312,229.47000122070312,229.23089599609375,229.27499389648438,403907
2025-01-16 20:45:00+01:00,229.27499389648438,229.35989379882812,228.99000549316406,229.34219360351562,448625
2025-01-16 20:50:00+01:00,229.33999633789062,229.6300048828125,229.24000549316406,229.58999633789062,466900
2025-01-16 20:55:00+01:00,229.59010314941406,229.92999267578125,229.58999633789062,229.86000061035156,543609
2025-01-16 21:00:00+01:00,229.85499572753906,229.89999389648438,229.52000427246094,229.63999938964844,928957
2025-01-16 21:05:00+01:00,229.63999938964844,229.9199981689453,229.63499450683594,229.9199981689453,423933
2025-01-16 21:10:00+01:00,229.9199981689453,230.068603515625,229.50999450683594,229.52000427246094,661118
2025-01-16 21:15:00+01:00,229.52000427246094,229.60000610351562,229.11099243164062,229.11099243164062,548009
2025-01-16 21:20:00+01:00,229.10000610351562,229.16990661621094,228.89999389648438,228.9700927734375,674645
2025-01-16 21:25:00+01:00,228.97999572753906,229.23989868164062,228.94000244140625,229.02499389648438,495168
2025-01-16 21:30:00+01:00,229.00999450683594,229.2917938232422,228.68499755859375,228.7899932861328,632564
2025-01-16 21:35:00+01:00,228.78900146484375,229.0050048828125,228.7100067138672,228.8708953857422,612008
2025-01-16 21:40:00+01:00,228.8699951171875,229.08999633789062,228.5850067138672,228.73500061035156,1065975
2025-01-16 21:45:00+01:00,228.73500061035156,228.75999450683594,228.11000061035156,228.1300048828125,1241146
2025-01-16 21:50:00+01:00,228.1199951171875,228.6300048828125,228.02999877929688,228.24000549316406,2118765
2025-01-16 21:55:00+01:00,228.24000549316406,228.72999572753906,228.08999633789062,228.24000549316406,3758075
2025-01-17 15:30:00+01:00,232.11500549316406,232.2899932861328,230.8300018310547,231.1199951171875,14233198
2025-01-17 15:35:00+01:00,231.19000244140625,231.27999877929688,229.86000061035156,230.1300048828125,1721461
2025-01-17 15:40:00+01:00,230.1300048828125,230.35000610351562,229.72000122070312,229.88900756835938,1918848
2025-01-17 15:45:00+01:00,229.87010192871094,230.85000610351562,229.8699951171875,230.44500732421875,1571782
2025-01-17 15:50:00+01:00,230.42999267578125,230.47999572753906,229.97999572753906,230.15750122070312,952385
2025-01-17 15:55:00+01:00,230.14999389648438,231.0800018310547,230.14039611816406,230.7899932861328,1036095
2025-01-17 16:00:00+01:00,230.77000427246094,231.24000549316406,230.6072998046875,230.9199981689453,889875
2025-01-17 16:05:00+01:00,230.9149932861328,231.27000427246094,230.72000122070312,230.74000549316406,646762
2025-01-17 16:10:00+01:00,230.75,230.89999389648438,230.5399932861328,230.625,777339
2025-01-17 16:15:00+01:00,230.6199951171875,230.69000244140625,230.33999633789062,230.5,505436
2025-01-17 16:20:00+01:00,230.50999450683594,230.58999633789062,230.1488037109375,230.47999572753906,753570
2025-01-17 16:25:00+01:00,230.47999572753906,230.49000549316406,230.0,230.38499450683594,697635
2025-01-17 16:30:00+01:00,230.39999389648438,231.22999572753906,230.35000610351562,231.17689514160156,777630
2025-01-17 16:35:00+01:00,231.1699981689453,231.64999389648438,231.0814971923828,231.33999633789062,664804
2025-01-17 16:40:00+01:00,231.3300018310547,231.52999877929688,231.0,231.13999938964844,621367
2025-01-17 16:45:00+01:00,231.1699981689453,231.2969970703125,230.86000061035156,231.27999877929688,402089
2025-01-17 16:50:00+01:00,231.2899932861328,231.4199981689453,231.0847930908203,231.10000610351562,516742
2025-01-17 16:55:00+01:00,231.0821990966797,231.44000244140625,231.0800018310547,231.3397979736328,291988
2025-01-17 17:00:00+01:00,231.3376007080078,231.40499877929688,231.07000732421875,231.14990234375,1163005
2025-01-17 17:05:00+01:00,231.13589477539062,231.3350067138672,231.07000732421875,231.13499450683594,344436
2025-01-17 17:10:00+01:00,231.13999938964844,231.2899932861328,231.00999450683594,231.06300354003906,315094
2025-01-17 17:15:00+01:00,231.0800018310547,231.08999633789062,230.8699951171875,231.0352020263672,479226
2025-01-17 17:20:00+01:00,231.02999877929688,231.35000610351562,231.0028076171875,231.33999633789062,459051
2025-01-17 17:25:00+01:00,231.34649658203125,231.50999450683594,231.24000549316406,231.2812957763672,605605
2025-01-17 17:30:00+01:00,231.2899932861328,231.32000732421875,230.5,230.56719970703125,597918
2025-01-17 17:35:00+01:00,230.5749969482422,230.6699981689453,230.25,230.25140380859375,488022
2025-01-17 17:40:00+01:00,230.2698974609375,230.3800048828125,230.0800018310547,230.26629638671875,426912
2025-01-17 17:45:00+01:00,230.2698974609375,230.3699951171875,229.9199981689453,229.9499969482422,474052
2025-01-17 17:50:00+01:00,229.9600067138672,230.08999633789062,229.77000427246094,229.80999755859375,385442
2025-01-17 17:55:00+01:00,229.80999755859375,229.9600067138672,229.5500030517578,229.66110229492188,352256
2025-01-17 18:00:00+01:00,229.63999938964844,229.7198944091797,229.49000549316406,229.67999267578125,975579
2025-01-17 18:05:00+01:00,229.68499755859375,230.05999755859375,229.66000366210938,229.88999938964844,355181
2025-01-17 18:10:00+01:00,229.8914031982422,229.9600067138672,229.6999969482422,229.72999572753906,444220
2025-01-17 18:15:00+01:00,229.72000122070312,229.77000427246094,229.50010681152344,229.69000244140625,312718
2025-01-17 18:20:00+01:00,229.69000244140625,230.19500732421875,229.66000366210938,230.19000244140625,381666
2025-01-17 18:25:00+01:00,230.19000244140625,230.34429931640625,230.14010620117188,230.25909423828125,442056
2025-01-17 18:30:00+01:00,230.26499938964844,230.29519653320312,230.0800018310547,230.11590576171875,232014
2025-01-17 18:35:00+01:00,230.10519409179688,230.17990112304688,229.88999938964844,229.9600067138672,349440
2025-01-17 18:40:00+01:00,229.960205078125,230.02999877929688,229.9499969482422,229.9949951171875,582657
2025-01-17 18:45:00+01:00,229.9949951171875,230.44000244140625,229.99000549316406,230.3708953857422,400461
2025-01-17 18:50:00+01:00,230.3800048828125,230.41000366210938,230.16000366210938,230.2200927734375,194776
2025-01-17 18:55:00+01:00,230.22000122070312,230.24000549316406,230.08999633789062,230.16000366210938,248322
2025-01-17 19:00:00+01:00,230.14999389648438,230.1699981689453,230.02999877929688,230.0570068359375,176782
2025-01-17 19:05:00+01:00,230.0449981689453,230.1999969482422,229.92999267578125,229.9949951171875,288700
2025-01-17 19:10:00+01:00,229.99899291992188,230.0800018310547,229.94500732421875,230.06500244140625,324134
2025-01-17 19:15:00+01:00,230.0583953857422,230.30999755859375,230.0583953857422,230.3000030517578,289251
2025-01-17 19:20:00+01:00,230.2899932861328,230.35000610351562,230.07000732421875,230.07000732421875,270053
2025-01-17 19:25:00+01:00,230.08990478515625,230.1199951171875,229.88999938964844,229.91000366210938,282765
2025-01-17 19:30:00+01:00,229.9102020263672,229.9499969482422,229.75999450683594,229.7949981689453,295556
2025-01-17 19:35:00+01:00,229.8000030517578,229.83999633789062,229.6300048828125,229.7689971923828,821760
2025-01-17 19:40:00+01:00,229.7696990966797,229.8009033203125,229.52259826660156,229.57000732421875,296041
2025-01-17 19:45:00+01:00,229.5800018310547,229.6199951171875,229.1999969482422,229.2100067138672,427599
2025-01-17 19:50:00+01:00,229.22000122070312,229.4499053955078,229.15139770507812,229.32000732421875,390386
2025-01-17 19:55:00+01:00,229.31300354003906,229.3800048828125,229.1199951171875,229.2899932861328,406675
2025-01-17 20:00:00+01:00,229.28500366210938,229.32000732421875,228.91000366210938,228.94000244140625,439495
2025-01-17 20:05:00+01:00,228.94000244140625,228.9635009765625,228.60009765625,228.6300048828125,474507
2025-01-17 20:10:00+01:00,228.6300048828125,228.9499969482422,228.47999572753906,228.9499053955078,498546
2025-01-17 20:15:00+01:00,228.94000244140625,229.05999755859375,228.7344970703125,228.75010681152344,346845
2025-01-17 20:20:00+01:00,228.77999877929688,229.17999267578125,228.76190185546875,229.14999389648438,311410
2025-01-17 20:25:00+01:00,229.1613006591797,229.25,229.02999877929688,229.17999267578125,287778
2025-01-17 20:30:00+01:00,229.17999267578125,229.44839477539062,229.1741943359375,229.3101043701172,377894
2025-01-17 20:35:00+01:00,229.32420349121094,229.49989318847656,229.32420349121094,229.406005859375,278508
2025-01-17 20:40:00+01:00,229.39999389648438,229.43980407714844,229.17999267578125,229.27999877929688,263481
2025-01-17 20:45:00+01:00,229.2899932861328,229.60879516601562,229.2899932861328,229.51499938964844,367366
2025-01-17 20:50:00+01:00,229.50999450683594,229.5399932861328,229.3300018310547,229.38999938964844,239589
2025-01-17 20:55:00+01:00,229.3800048828125,229.38999938964844,229.17999267578125,229.20570373535156,349568
2025-01-17 21:00:00+01:00,229.1999969482422,229.33990478515625,229.0800018310547,229.27000427246094,356007
2025-01-17 21:05:00+01:00,229.25999450683594,229.40499877929688,229.13209533691406,229.38999938964844,490168
2025-01-17 21:10:00+01:00,229.38999938964844,229.77000427246094,229.38999938964844,229.6696014404297,496501
2025-01-17 21:15:00+01:00,229.66000366210938,229.75,229.47999572753906,229.52499389648438,351150
2025-01-17 21:20:00+01:00,229.52499389648438,229.55999755859375,229.3800048828125,229.48910522460938,373853
2025-01-17 21:25:00+01:00,229.47999572753906,229.5500030517578,229.375,229.44009399414062,464612
2025-01-17 21:30:00+01:00,229.44000244140625,229.63999938964844,229.42999267578125,229.52000427246094,536814
2025-01-17 21:35:00+01:00,229.52000427246094,229.68499755859375,229.47000122070312,229.4998016357422,491072
2025-01-17 21:40:00+01:00,229.4949951171875,229.52499389648438,229.31500244140625,229.42579650878906,490747
2025-01-17 21:45:00+01:00,229.4208984375,229.59950256347656,229.3800048828125,229.41000366210938,485702
2025-01-17 21:50:00+01:00,229.41000366210938,229.88999938964844,229.22999572753906,229.72500610351562,1204686
2025-01-17 21:55:00+01:00,229.72000122070312,230.02000427246094,229.33999633789062,229.99000549316406,2221131
2025-01-21 15:30:00+01:00,224.0,224.4199981689453,222.1300048828125,222.30999755859375,8298937
2025-01-21 15:35:00+01:00,222.32969665527344,222.6999969482422,221.69000244140625,222.42999267578125,2724410
2025-01-21 15:40:00+01:00,222.4199981689453,222.42999267578125,220.8000030517578,220.89999389648438,2577792
2025-01-21 15:45:00+01:00,220.91189575195312,222.4062957763672,220.88999938964844,222.36500549316406,2625992
2025-01-21 15:50:00+01:00,222.36000061035156,222.41000366210938,221.268798828125,221.28500366210938,1401175
2025-01-21 15:55:00+01:00,221.30999755859375,221.97000122070312,221.07000732421875,221.86000061035156,1653202
2025-01-21 16:00:00+01:00,221.85000610351562,222.0,221.5399932861328,221.6999969482422,980335
2025-01-21 16:05:00+01:00,221.69009399414062,222.3000030517578,221.61000061035156,221.8800048828125,1188183
2025-01-21 16:10:00+01:00,221.88999938964844,222.05999755859375,221.19000244140625,221.35000610351562,1058442
2025-01-21 16:15:00+01:00,221.34500122070312,222.0,221.25,221.87989807128906,1018235
2025-01-21 16:20:00+01:00,221.87109375,222.0500030517578,221.4600067138672,221.81500244140625,859622
2025-01-21 16:25:00+01:00,221.8199005126953,222.02999877929688,221.49000549316406,221.77029418945312,868099
2025-01-21 16:30:00+01:00,221.77499389648438,222.08999633789062,221.3800048828125,221.5050048828125,1247592
2025-01-21 16:35:00+01:00,221.5,221.61000061035156,220.88999938964844,221.0050048828125,1185674
2025-01-21 16:40:00+01:00,220.9499969482422,221.1199951171875,220.61000061035156,220.97000122070312,1288594
2025-01-21 16:45:00+01:00,220.9949951171875,221.24000549316406,220.74009704589844,220.83999633789062,835328
2025-01-21 16:50:00+01:00,220.85000610351562,221.2028045654297,220.60000610351562,221.14500427246094,900121
2025-01-21 16:55:00+01:00,221.1199951171875,221.33880615234375,220.97000122070312,221.30999755859375,772385
2025-01-21 17:00:00+01:00,221.3000030517578,221.4199981689453,220.97000122070312,221.22999572753906,838738
2025-01-21 17:05:00+01:00,221.2449951171875,221.44000244140625,220.9499969482422,220.9600067138672,693275
2025-01-21 17:10:00+01:00,220.9550018310547,220.9600067138672,220.35000610351562,220.51980590820312,1120893
2025-01-21 17:15:00+01:00,220.50999450683594,220.52999877929688,220.0800018310547,220.2700958251953,1176992
2025-01-21 17:20:00+01:00,220.28500366210938,220.50999450683594,220.10000610351562,220.1363067626953,1042150
2025-01-21 17:25:00+01:00,220.13499450683594,220.19000244140625,219.6999969482422,220.10780334472656,2328084
2025-01-21 17:30:00+01:00,220.08999633789062,220.3800048828125,219.97999572753906,220.0500030517578,1006481
2025-01-21 17:35:00+01:00,220.0500030517578,220.17999267578125,219.86000061035156,219.99000549316406,935280
2025-01-21 17:40:00+01:00,219.99000549316406,220.00999450683594,219.3800048828125,219.57020568847656,1224648
2025-01-21 17:45:00+01:00,219.60000610351562,220.00999450683594,219.51499938964844,219.94500732421875,781388
2025-01-21 17:50:00+01:00,219.94000244140625,220.1199951171875,219.89999389648438,220.02499389648438,683570
2025-01-21 17:55:00+01:00,220.02000427246094,220.3800048828125,220.02000427246094,220.1699981689453,692064
2025-01-21 18:00:00+01:00,220.1757049560547,220.39999389648438,219.91000366210938,220.3907012939453,559977
2025-01-21 18:05:00+01:00,220.38999938964844,220.77000427246094,220.3699951171875,220.6699981689453,723783
2025-01-21 18:10:00+01:00,220.66000366210938,220.72999572753906,220.50999450683594,220.63999938964844,601925
2025-01-21 18:15:00+01:00,220.63499450683594,220.6699981689453,219.89999389648438,220.1300048828125,965313
2025-01-21 18:20:00+01:00,220.1300048828125,220.15499877929688,219.8300018310547,219.9774932861328,638517
2025-01-21 18:25:00+01:00,219.9927978515625,220.4600067138672,219.9499969482422,220.36000061035156,638839
2025-01-21 18:30:00+01:00,220.36000061035156,220.6300048828125,220.34500122070312,220.62869262695312,518687
2025-01-21 18:35:00+01:00,220.6199951171875,220.74000549316406,220.5200958251953,220.6699981689453,441619
2025-01-21 18:40:00+01:00,220.6750030517578,220.8000030517578,220.49000549316406,220.77999877929688,545172
2025-01-21 18:45:00+01:00,220.77999877929688,221.07000732421875,220.77049255371094,220.7957000732422,880488
2025-01-21 18:50:00+01:00,220.8000030517578,220.8300018310547,220.52999877929688,220.60000610351562,551990
2025-01-21 18:55:00+01:00,220.61000061035156,220.64999389648438,220.22000122070312,220.23500061035156,548264
2025-01-21 19:00:00+01:00,220.22000122070312,220.25999450683594,220.02000427246094,220.1300048828125,533323
2025-01-21 19:05:00+01:00,220.13999938964844,220.40499877929688,220.12159729003906,220.24000549316406,451366
2025-01-21 19:10:00+01:00,220.25,220.35000610351562,220.11000061035156,220.22999572753906,423242
2025-01-21 19:15:00+01:00,220.25,220.3780059814453,220.0601043701172,220.07000732421875,470677
2025-01-21 19:20:00+01:00,220.05999755859375,220.24000549316406,220.00999450683594,220.13999938964844,455874
2025-01-21 19:25:00+01:00,220.15499877929688,220.5,220.13999938964844,220.40499877929688,494316
2025-01-21 19:30:00+01:00,220.40469360351562,220.67999267578125,220.3699951171875,220.67999267578125,756048
2025-01-21 19:35:00+01:00,220.6750030517578,221.19000244140625,220.6721954345703,221.19000244140625,575166
2025-01-21 19:40:00+01:00,221.19000244140625,221.26499938964844,221.0,221.22000122070312,598464
2025-01-21 19:45:00+01:00,221.22000122070312,221.22999572753906,220.72999572753906,220.80999755859375,568204
2025-01-21 19:50:00+01:00,220.82000732421875,220.91000366210938,220.6804962158203,220.7899932861328,342313
2025-01-21 19:55:00+01:00,220.7899932861328,221.27999877929688,220.75999450683594,221.2100067138672,500756
2025-01-21 20:00:00+01:00,221.1999969482422,221.1999969482422,221.0,221.09500122070312,415998
2025-01-21 20:05:00+01:00,221.08999633789062,221.16990661621094,220.97999572753906,221.08999633789062,428668
2025-01-21 20:10:00+01:00,221.08999633789062,221.36000061035156,220.9499969482422,221.30499267578125,575263
2025-01-21 20:15:00+01:00,221.32000732421875,221.33999633789062,220.97000122070312,221.1649932861328,454190
2025-01-21 20:20:00+01:00,221.17190551757812,221.2899932861328,221.14930725097656,221.22999572753906,392919
2025-01-21 20:25:00+01:00,221.2375946044922,221.69000244140625,221.2375946044922,221.60989379882812,1306979
2025-01-21 20:30:00+01:00,221.60499572753906,221.61000061035156,221.28500366210938,221.29049682617188,582411
2025-01-21 20:35:00+01:00,221.2957000732422,221.3000030517578,220.64999389648438,220.72999572753906,610434
2025-01-21 20:40:00+01:00,220.73500061035156,221.0,220.52999877929688,220.63499450683594,660583
2025-01-21 20:45:00+01:00,220.63949584960938,220.64999389648438,220.3800048828125,220.5850067138672,560458
2025-01-21 20:50:00+01:00,220.5850067138672,220.83999633789062,220.5399932861328,220.81700134277344,424405
2025-01-21 20:55:00+01:00,220.83999633789062,221.14990234375,220.810302734375,221.12030029296875,403288
2025-01-21 21:00:00+01:00,221.125,221.17709350585938,220.30999755859375,220.89999389648438,980793
2025-01-21 21:05:00+01:00,220.89999389648438,221.38499450683594,220.89500427246094,221.37539672851562,538055
2025-01-21 21:10:00+01:00,221.38499450683594,221.3975067138672,221.13999938964844,221.36000061035156,587170
2025-01-21 21:15:00+01:00,221.36019897460938,221.6165008544922,221.32899475097656,221.42990112304688,674823
2025-01-21 21:20:00+01:00,221.4199981689453,221.52000427246094,221.27000427246094,221.42999267578125,564983
2025-01-21 21:25:00+01:00,221.42999267578125,221.6699981689453,221.32000732421875,221.64990234375,518063
2025-01-21 21:30:00+01:00,221.63999938964844,221.8300018310547,221.47000122070312,221.47999572753906,645274
2025-01-21 21:35:00+01:00,221.4949951171875,221.58999633789062,221.33999633789062,221.58399963378906,748438
2025-01-21 21:40:00+01:00,221.5800018310547,221.71949768066406,221.4499969482422,221.5500030517578,594588
2025-01-21 21:45:00+01:00,221.55999755859375,221.9499969482422,221.43099975585938,221.94000244140625,832573
2025-01-21 21:50:00+01:00,221.92999267578125,222.4600067138672,221.89999389648438,222.4600067138672,1515237
2025-01-21 21:55:00+01:00,222.4499969482422,222.77999877929688,222.39999389648438,222.66000366210938,2906218
2025-01-22 15:30:00+01:00,219.94000244140625,222.83999633789062,219.8000030517578,222.58999633789062,5729411
2025-01-22 15:35:00+01:00,222.61000061035156,223.08999633789062,222.1300048828125,222.56500244140625,1473545
2025-01-22 15:40:00+01:00,222.5399932861328,222.7344970703125,221.4199981689453,221.447998046875,1093725
2025-01-22 15:45:00+01:00,221.44009399414062,222.50999450683594,221.07000732421875,222.5,1116680
2025-01-22 15:50:00+01:00,222.5,223.27999877929688,222.27999877929688,223.15260314941406,1431396
2025-01-22 15:55:00+01:00,223.14500427246094,223.20970153808594,222.49000549316406,222.9600067138672,1188341
2025-01-22 16:00:00+01:00,222.9600067138672,223.35279846191406,222.74000549316406,222.9499969482422,1217863
2025-01-22 16:05:00+01:00,222.92999267578125,223.02999877929688,222.42999267578125,222.61000061035156,647788
2025-01-22 16:10:00+01:00,222.61000061035156,222.97000122070312,222.3820037841797,222.4600067138672,784869
2025-01-22 16:15:00+01:00,222.4499969482422,222.5399932861328,222.2100067138672,222.26370239257812,463479
2025-01-22 16:20:00+01:00,222.24839782714844,222.4199981689453,221.8300018310547,221.86500549316406,535550
2025-01-22 16:25:00+01:00,221.8699951171875,221.94000244140625,221.52000427246094,221.63099670410156,616015
2025-01-22 16:30:00+01:00,221.63499450683594,222.0,221.60000610351562,221.97999572753906,695527
2025-01-22 16:35:00+01:00,221.99000549316406,222.22000122070312,221.625,221.6999969482422,685423
2025-01-22 16:40:00+01:00,221.7100067138672,221.86000061035156,221.5500030517578,221.85000610351562,602407
2025-01-22 16:45:00+01:00,221.85000610351562,222.25540161132812,221.80999755859375,222.2100067138672,630101
2025-01-22 16:50:00+01:00,222.2050018310547,222.69000244140625,222.1999969482422,222.57000732421875,584889
2025-01-22 16:55:00+01:00,222.5800018310547,222.97000122070312,222.57000732421875,222.93499755859375,542950
2025-01-22 17:00:00+01:00,222.94000244140625,223.02000427246094,222.69000244140625,222.8300018310547,561571
2025-01-22 17:05:00+01:00,222.82969665527344,222.94000244140625,222.67999267578125,222.7449951171875,500813
2025-01-22 17:10:00+01:00,222.74000549316406,222.9600067138672,222.67999267578125,222.87289428710938,395796
2025-01-22 17:15:00+01:00,222.8800048828125,223.0800018310547,222.6999969482422,222.72500610351562,537463
2025-01-22 17:20:00+01:00,222.72500610351562,222.72500610351562,222.47000122070312,222.6699981689453,574039
2025-01-22 17:25:00+01:00,222.6898956298828,222.91000366210938,222.66000366210938,222.85980224609375,429308
2025-01-22 17:30:00+01:00,222.85789489746094,222.92799377441406,222.51010131835938,222.58999633789062,417455
2025-01-22 17:35:00+01:00,222.5800018310547,222.66000366210938,222.22999572753906,222.3000946044922,433858
2025-01-22 17:40:00+01:00,222.31350708007812,222.4199981689453,221.89999389648438,221.97999572753906,468016
2025-01-22 17:45:00+01:00,221.97000122070312,222.0500030517578,221.6999969482422,221.81500244140625,494917
2025-01-22 17:50:00+01:00,221.82000732421875,222.02000427246094,221.77000427246094,221.88999938964844,508569
2025-01-22 17:55:00+01:00,221.88999938964844,222.0373992919922,221.82000732421875,221.92999267578125,351390
2025-01-22 18:00:00+01:00,221.94500732421875,222.08999633789062,221.8800048828125,222.05999755859375,384599
2025-01-22 18:05:00+01:00,222.0800018310547,222.08999633789062,221.89999389648438,221.9781036376953,325368
2025-01-22 18:10:00+01:00,221.9600067138672,222.02999877929688,221.8000030517578,221.97999572753906,434161
2025-01-22 18:15:00+01:00,221.98800659179688,222.22000122070312,221.96420288085938,222.1750030517578,521668
2025-01-22 18:20:00+01:00,222.17010498046875,222.5,222.16000366210938,222.35499572753906,481230
2025-01-22 18:25:00+01:00,222.35000610351562,222.58999633789062,222.3300018310547,222.56500244140625,273516
2025-01-22 18:30:00+01:00,222.56500244140625,222.57000732421875,222.38999938964844,222.38999938964844,254216
2025-01-22 18:35:00+01:00,222.3800048828125,222.7926025390625,222.35000610351562,222.7926025390625,364493
2025-01-22 18:40:00+01:00,222.79989624023438,222.82989501953125,222.66000366210938,222.75,357725
2025-01-22 18:45:00+01:00,222.74000549316406,222.77000427246094,222.60000610351562,222.72000122070312,306789
2025-01-22 18:50:00+01:00,222.72999572753906,222.8000030517578,222.41000366210938,222.4882049560547,367916
2025-01-22 18:55:00+01:00,222.48719787597656,222.75999450683594,222.46499633789062,222.7299041748047,223359
2025-01-22 19:00:00+01:00,222.72999572753906,222.85000610351562,222.55999755859375,222.57000732421875,370699
2025-01-22 19:05:00+01:00,222.57000732421875,222.58999633789062,222.39999389648438,222.50469970703125,330859
2025-01-22 19:10:00+01:00,222.50100708007812,222.55999755859375,222.35800170898438,222.49000549316406,251776
2025-01-22 19:15:00+01:00,222.4949951171875,222.5500030517578,222.41000366210938,222.44000244140625,251419
2025-01-22 19:20:00+01:00,222.44500732421875,222.4550018310547,222.2100067138672,222.3802947998047,353553
2025-01-22 19:25:00+01:00,222.3800048828125,222.3800048828125,222.01499938964844,222.11570739746094,521424
2025-01-22 19:30:00+01:00,222.1300048828125,222.1999969482422,221.91000366210938,222.02200317382812,395909
2025-01-22 19:35:00+01:00,222.00999450683594,222.0500030517578,221.9499969482422,222.0,205730
2025-01-22 19:40:00+01:00,222.00180053710938,222.2198944091797,221.9199981689453,222.16000366210938,279888
2025-01-22 19:45:00+01:00,222.15499877929688,222.5,222.0399932861328,222.4499969482422,317506
2025-01-22 19:50:00+01:00,222.44000244140625,222.64999389648438,222.44000244140625,222.6300048828125,303130
2025-01-22 19:55:00+01:00,222.63499450683594,222.6999969482422,222.38999938964844,222.44000244140625,281052
2025-01-22 20:00:00+01:00,222.42990112304688,222.5699005126953,222.36000061035156,222.51449584960938,202092
2025-01-22 20:05:00+01:00,222.50999450683594,222.5500030517578,222.44000244140625,222.4600067138672,222658
2025-01-22 20:10:00+01:00,222.47000122070312,222.58999633789062,222.35000610351562,222.5449981689453,282185
2025-01-22 20:15:00+01:00,222.5500030517578,222.67869567871094,222.5500030517578,222.64500427246094,204928
2025-01-22 20:20:00+01:00,222.64500427246094,222.86500549316406,222.58099365234375,222.8000030517578,328573
2025-01-22 20:25:00+01:00,222.7899932861328,222.80999755859375,222.63999938964844,222.74600219726562,360881
2025-01-22 20:30:00+01:00,222.75,222.91990661621094,222.67999267578125,222.8090057373047,326021
2025-01-22 20:35:00+01:00,222.8000030517578,222.80999755859375,222.5500030517578,222.70989990234375,298891
2025-01-22 20:40:00+01:00,222.72000122070312,222.7498016357422,222.57000732421875,222.61000061035156,662188
2025-01-22 20:45:00+01:00,222.61000061035156,222.89999389648438,222.4199981689453,222.8800048828125,389630
2025-01-22 20:50:00+01:00,222.8892059326172,223.10000610351562,222.82000732421875,223.07000732421875,465585
2025-01-22 20:55:00+01:00,223.0800018310547,223.39999389648438,223.07000732421875,223.38890075683594,588861
2025-01-22 21:00:00+01:00,223.38909912109375,223.60000610351562,223.3809051513672,223.41000366210938,523717
2025-01-22 21:05:00+01:00,223.4199981689453,223.44500732421875,223.0749969482422,223.0800018310547,455346
2025-01-22 21:10:00+01:00,223.08999633789062,223.08999633789062,222.85000610351562,222.93499755859375,508528
2025-01-22 21:15:00+01:00,222.93499755859375,223.01370239257812,222.82000732421875,223.00900268554688,432087
2025-01-22 21:20:00+01:00,223.00599670410156,223.4250946044922,222.9600067138672,223.4250946044922,532022
2025-01-22 21:25:00+01:00,223.42080688476562,223.43499755859375,223.25079345703125,223.35000610351562,423634
2025-01-22 21:30:00+01:00,223.36500549316406,223.48500061035156,223.3000030517578,223.3300018310547,415089
2025-01-22 21:35:00+01:00,223.3350067138672,223.42999267578125,223.16000366210938,223.27999877929688,506403
2025-01-22 21:40:00+01:00,223.27000427246094,223.35000610351562,223.05999755859375,223.16200256347656,395269
2025-01-22 21:45:00+01:00,223.1553955078125,223.3000030517578,223.05999755859375,223.2100067138672,424894
2025-01-22 21:50:00+01:00,223.2100067138672,223.97999572753906,223.05999755859375,223.81109619140625,1206295
2025-01-22 21:55:00+01:00,223.81500244140625,223.97999572753906,223.63999938964844,223.77000427246094,2079661
2025-01-23 15:30:00+01:00,224.72999572753906,226.25999450683594,224.5,225.2799072265625,4153758
2025-01-23 15:35:00+01:00,225.27000427246094,225.77999877929688,224.6820068359375,225.5399932861328,1150360
2025-01-23 15:40:00+01:00,225.5301055908203,225.82000732421875,224.72999572753906,224.77000427246094,930352
2025-01-23 15:45:00+01:00,224.77499389648438,224.99000549316406,224.25999450683594,224.89999389648438,871448
2025-01-23 15:50:00+01:00,224.92999267578125,225.50999450683594,224.68499755859375,225.5,704642
2025-01-23 15:55:00+01:00,225.49000549316406,225.5800018310547,224.6699981689453,225.1649932861328,791844
2025-01-23 16:00:00+01:00,225.19000244140625,225.61940002441406,224.8903045654297,225.52000427246094,842463
2025-01-23 16:05:00+01:00,225.50999450683594,226.01499938964844,225.28970336914062,225.83999633789062,1169048
2025-01-23 16:10:00+01:00,225.83999633789062,226.10000610351562,225.5301055908203,226.05999755859375,749746
2025-01-23 16:15:00+01:00,226.05999755859375,226.69979858398438,226.0500030517578,226.63499450683594,1054417
2025-01-23 16:20:00+01:00,226.6199951171875,227.02999877929688,226.3699951171875,226.85000610351562,966043
2025-01-23 16:25:00+01:00,226.80999755859375,226.99000549316406,225.84500122070312,225.97000122070312,931891
2025-01-23 16:30:00+01:00,225.96499633789062,226.19000244140625,225.52000427246094,225.79930114746094,798999
2025-01-23 16:35:00+01:00,225.7899932861328,226.3625030517578,225.69070434570312,226.26499938964844,667540
2025-01-23 16:40:00+01:00,226.27000427246094,226.3699951171875,226.1199951171875,226.1699981689453,401613
2025-01-23 16:45:00+01:00,226.17999267578125,226.19000244140625,225.6407928466797,225.66000366210938,444353
2025-01-23 16:50:00+01:00,225.66000366210938,225.83999633789062,225.2100067138672,225.26499938964844,703185
2025-01-23 16:55:00+01:00,225.25999450683594,225.41000366210938,225.10000610351562,225.32420349121094,463704
2025-01-23 17:00:00+01:00,225.3336944580078,225.41000366210938,225.0800018310547,225.24000549316406,413334
2025-01-23 17:05:00+01:00,225.25999450683594,225.27999877929688,224.75,224.89999389648438,633396
2025-01-23 17:10:00+01:00,224.89999389648438,225.16000366210938,224.8101043701172,224.9499969482422,543666
2025-01-23 17:15:00+01:00,224.9499969482422,224.9499969482422,224.50999450683594,224.5395050048828,498910
2025-01-23 17:20:00+01:00,224.53819274902344,224.77999877929688,224.3800048828125,224.6999969482422,467866
2025-01-23 17:25:00+01:00,224.69000244140625,225.22000122070312,224.69000244140625,225.1750030517578,625036
2025-01-23 17:30:00+01:00,225.16000366210938,225.19500732421875,224.4600067138672,224.49000549316406,528008
2025-01-23 17:35:00+01:00,224.49000549316406,224.52999877929688,224.12130737304688,224.3300018310547,586522
2025-01-23 17:40:00+01:00,224.3300018310547,224.59010314941406,224.30999755859375,224.42999267578125,373461
2025-01-23 17:45:00+01:00,224.4499969482422,224.58999633789062,224.25,224.32000732421875,359990
2025-01-23 17:50:00+01:00,224.32000732421875,224.37049865722656,223.80999755859375,223.9199981689453,580570
2025-01-23 17:55:00+01:00,223.9199981689453,224.19500732421875,223.85000610351562,224.0399932861328,370521
2025-01-23 18:00:00+01:00,224.05999755859375,224.15859985351562,223.3856964111328,223.4199981689453,488985
2025-01-23 18:05:00+01:00,223.42999267578125,223.92999267578125,223.41000366210938,223.92990112304688,509296
2025-01-23 18:10:00+01:00,223.9149932861328,224.11000061035156,223.78529357910156,224.10989379882812,284577
2025-01-23 18:15:00+01:00,224.10110473632812,224.1300048828125,223.77999877929688,223.85000610351562,565557
2025-01-23 18:20:00+01:00,223.86000061035156,223.9149932861328,223.5,223.53500366210938,320447
2025-01-23 18:25:00+01:00,223.53469848632812,223.6905059814453,223.48500061035156,223.57000732421875,299431
2025-01-23 18:30:00+01:00,223.56500244140625,223.60000610351562,223.32000732421875,223.5,494418
2025-01-23 18:35:00+01:00,223.50990295410156,223.50990295410156,223.19000244140625,223.1999969482422,728319
2025-01-23 18:40:00+01:00,223.19500732421875,223.47000122070312,223.19500732421875,223.42999267578125,324086
2025-01-23 18:45:00+01:00,223.41000366210938,223.52999877929688,223.30999755859375,223.4792938232422,278408
2025-01-23 18:50:00+01:00,223.47999572753906,223.67990112304688,223.38999938964844,223.63999938964844,294323
2025-01-23 18:55:00+01:00,223.64999389648438,223.72000122070312,223.5399932861328,223.69500732421875,1347024
2025-01-23 19:00:00+01:00,223.69000244140625,223.77999877929688,223.46600341796875,223.5,325446
2025-01-23 19:05:00+01:00,223.49740600585938,223.60000610351562,223.39999389648438,223.5,293519
2025-01-23 19:10:00+01:00,223.50999450683594,223.75999450683594,223.47999572753906,223.72000122070312,244292
2025-01-23 19:15:00+01:00,223.7111053466797,223.7111053466797,223.4499969482422,223.58999633789062,305903
2025-01-23 19:20:00+01:00,223.61000061035156,223.7050018310547,223.5601043701172,223.5749969482422,241490
2025-01-23 19:25:00+01:00,223.57139587402344,223.6300048828125,223.49000549316406,223.5500030517578,206215
2025-01-23 19:30:00+01:00,223.55999755859375,223.63499450683594,223.50999450683594,223.57479858398438,200368
2025-01-23 19:35:00+01:00,223.5749969482422,223.6300048828125,223.22999572753906,223.2899932861328,425326
2025-01-23 19:40:00+01:00,223.28500366210938,223.44320678710938,223.25,223.38499450683594,237771
2025-01-23 19:45:00+01:00,223.3800048828125,223.4499969482422,223.00999450683594,223.07000732421875,534501
2025-01-23 19:50:00+01:00,223.08999633789062,223.27000427246094,223.0800018310547,223.24000549316406,300164
2025-01-23 19:55:00+01:00,223.2321014404297,223.25,223.05999755859375,223.0742950439453,217870
2025-01-23 20:00:00+01:00,223.0749969482422,223.15989685058594,222.91000366210938,222.95069885253906,399122
2025-01-23 20:05:00+01:00,222.9499969482422,222.9600067138672,222.60000610351562,222.60000610351562,461121
2025-01-23 20:10:00+01:00,222.60499572753906,222.7449951171875,222.5,222.63999938964844,87712
2025-01-23 20:15:00+01:00,222.65989685058594,222.6833953857422,222.50999450683594,222.52999877929688,316871
2025-01-23 20:20:00+01:00,222.52000427246094,222.88999938964844,222.42999267578125,222.86380004882812,507616
2025-01-23 20:25:00+01:00,222.86109924316406,223.0050048828125,222.77000427246094,222.8000030517578,429379
2025-01-23 20:30:00+01:00,222.80999755859375,222.97000122070312,222.75,222.80569458007812,296009
2025-01-23 20:35:00+01:00,222.8000030517578,222.83999633789062,222.6699981689453,222.8000030517578,407846
2025-01-23 20:40:00+01:00,222.7949981689453,222.83999633789062,222.5749969482422,222.64999389648438,354150
2025-01-23 20:45:00+01:00,222.64999389648438,222.74000549316406,222.63999938964844,222.69000244140625,354754
2025-01-23 20:50:00+01:00,222.7050018310547,222.8000030517578,222.6699981689453,222.8000030517578,269377
2025-01-23 20:55:00+01:00,222.7899932861328,222.83999633789062,222.6999969482422,222.75,289991
2025-01-23 21:00:00+01:00,222.74000549316406,223.0,222.6804962158203,222.9613037109375,308971
2025-01-23 21:05:00+01:00,222.9698028564453,223.1300048828125,222.83999633789062,222.89500427246094,465860
2025-01-23 21:10:00+01:00,222.8997039794922,223.0,222.83999633789062,222.90870666503906,317456
2025-01-23 21:15:00+01:00,222.91000366210938,222.9550018310547,222.8699951171875,222.9445037841797,287083
2025-01-23 21:20:00+01:00,222.9499969482422,223.0500030517578,222.89999389648438,222.9759979248047,339210
2025-01-23 21:25:00+01:00,222.97500610351562,223.1699981689453,222.83999633789062,222.8800048828125,406074
2025-01-23 21:30:00+01:00,222.86500549316406,222.94000244140625,222.60009765625,222.66859436035156,439350
2025-01-23 21:35:00+01:00,222.66000366210938,222.66000366210938,222.4199981689453,222.5850067138672,403993
2025-01-23 21:40:00+01:00,222.5850067138672,222.67849731445312,222.3000030517578,222.36000061035156,564990
2025-01-23 21:45:00+01:00,222.3699951171875,222.61000061035156,222.3699951171875,222.61000061035156,556184
2025-01-23 21:50:00+01:00,222.60499572753906,223.17999267578125,222.5500030517578,222.85479736328125,1510111
2025-01-23 21:55:00+01:00,222.85499572753906,223.64999389648438,222.80999755859375,223.64999389648438,3429201
2025-01-24 15:30:00+01:00,224.97500610351562,225.6300048828125,224.72000122070312,224.75,5341433
2025-01-24 15:35:00+01:00,224.61500549316406,224.8831024169922,224.3300018310547,224.87989807128906,1708007
2025-01-24 15:40:00+01:00,224.875,225.17999267578125,224.64999389648438,225.09500122070312,828907
2025-01-24 15:45:00+01:00,225.10000610351562,225.4250030517578,224.64999389648438,224.82000732421875,950352
2025-01-24 15:50:00+01:00,224.82000732421875,224.91929626464844,224.4600067138672,224.77000427246094,613909
2025-01-24 15:55:00+01:00,224.75999450683594,224.78799438476562,224.30999755859375,224.50999450683594,579735
2025-01-24 16:00:00+01:00,224.53500366210938,224.58999633789062,223.57049560546875,223.69000244140625,1224426
2025-01-24 16:05:00+01:00,223.68499755859375,223.6999969482422,223.28500366210938,223.39999389648438,917794
2025-01-24 16:10:00+01:00,223.39500427246094,223.5399932861328,222.89999389648438,223.2550048828125,993321
2025-01-24 16:15:00+01:00,223.25990295410156,223.3699951171875,223.00999450683594,223.17999267578125,652078
2025-01-24 16:20:00+01:00,223.17999267578125,223.17999267578125,222.7100067138672,223.01499938964844,792035
2025-01-24 16:25:00+01:00,223.01499938964844,223.10000610351562,222.5301055908203,222.72999572753906,644199
2025-01-24 16:30:00+01:00,222.73500061035156,223.11000061035156,222.66000366210938,223.0399932861328,546659
2025-01-24 16:35:00+01:00,223.0399932861328,223.23989868164062,222.97000122070312,223.19000244140625,543911
2025-01-24 16:40:00+01:00,223.19000244140625,223.3699951171875,222.9499969482422,223.21499633789062,707194
2025-01-24 16:45:00+01:00,223.21499633789062,223.3300018310547,223.10000610351562,223.25990295410156,338389
2025-01-24 16:50:00+01:00,223.25999450683594,223.3300018310547,222.97000122070312,222.97000122070312,537185
2025-01-24 16:55:00+01:00,222.97000122070312,223.32000732421875,222.94000244140625,223.06500244140625,373824
2025-01-24 17:00:00+01:00,223.06500244140625,223.10000610351562,222.4600067138672,222.54379272460938,588403
2025-01-24 17:05:00+01:00,222.52999877929688,222.8668975830078,222.3800048828125,222.82000732421875,444506
2025-01-24 17:10:00+01:00,222.82000732421875,222.91000366210938,222.57000732421875,222.67999267578125,491065
2025-01-24 17:15:00+01:00,222.7100067138672,222.74000549316406,222.60499572753906,222.63999938964844,435499
2025-01-24 17:20:00+01:00,222.64349365234375,222.6999969482422,222.4499969482422,222.47000122070312,579449
2025-01-24 17:25:00+01:00,222.48500061035156,222.7899932861328,222.35009765625,222.75999450683594,504416
2025-01-24 17:30:00+01:00,222.77000427246094,222.89999389648438,222.6905059814453,222.6999969482422,369141
2025-01-24 17:35:00+01:00,222.72500610351562,223.14990234375,222.60000610351562,223.1300048828125,406837
2025-01-24 17:40:00+01:00,223.1300048828125,223.4600067138672,223.05999755859375,223.41650390625,805393
2025-01-24 17:45:00+01:00,223.4199981689453,223.4499969482422,223.07000732421875,223.07000732421875,319444
2025-01-24 17:50:00+01:00,223.07000732421875,223.49000549316406,222.92999267578125,223.0,654127
2025-01-24 17:55:00+01:00,223.0,223.0850067138672,222.65499877929688,222.72999572753906,408300
2025-01-24 18:00:00+01:00,222.73989868164062,222.8800048828125,222.66000366210938,222.81500244140625,351300
2025-01-24 18:05:00+01:00,222.8249969482422,223.0399932861328,222.72999572753906,223.01499938964844,261251
2025-01-24 18:10:00+01:00,223.0,223.27000427246094,222.9600067138672,223.11050415039062,265373
2025-01-24 18:15:00+01:00,223.110107421875,223.19000244140625,222.88380432128906,222.9149932861328,290270
2025-01-24 18:20:00+01:00,222.9199981689453,223.02000427246094,222.83999633789062,222.8800048828125,293105
2025-01-24 18:25:00+01:00,222.8800048828125,222.88499450683594,222.13999938964844,222.27999877929688,642866
2025-01-24 18:30:00+01:00,222.27999877929688,222.32899475097656,222.08999633789062,222.25,394848
2025-01-24 18:35:00+01:00,222.24000549316406,222.27999877929688,222.16000366210938,222.19000244140625,223811
2025-01-24 18:40:00+01:00,222.1999969482422,222.41000366210938,221.9499969482422,222.34010314941406,543871
2025-01-24 18:45:00+01:00,222.35000610351562,222.69000244140625,222.35000610351562,222.58999633789062,370942
2025-01-24 18:50:00+01:00,222.57000732421875,222.67999267578125,222.44349670410156,222.66000366210938,267013
2025-01-24 18:55:00+01:00,222.6649932861328,222.72450256347656,222.33999633789062,222.39239501953125,353547
2025-01-24 19:00:00+01:00,222.40989685058594,222.55999755859375,222.30999755859375,222.3177947998047,212597
2025-01-24 19:05:00+01:00,222.33999633789062,222.33999633789062,222.08999633789062,222.08999633789062,309154
2025-01-24 19:10:00+01:00,222.11000061035156,222.2342071533203,222.0200958251953,222.2100067138672,219731
2025-01-24 19:15:00+01:00,222.22999572753906,222.2899932861328,222.1750030517578,222.2449951171875,223766
2025-01-24 19:20:00+01:00,222.24000549316406,222.389892578125,222.2100067138672,222.27000427246094,195327
2025-01-24 19:25:00+01:00,222.27000427246094,222.3000030517578,222.05999755859375,222.16000366210938,272080
2025-01-24 19:30:00+01:00,222.13999938964844,222.27000427246094,222.1199951171875,222.1300048828125,222118
2025-01-24 19:35:00+01:00,222.13499450683594,222.35000610351562,222.07000732421875,222.35000610351562,244758
2025-01-24 19:40:00+01:00,222.35000610351562,222.36000061035156,222.2301025390625,222.32000732421875,152984
2025-01-24 19:45:00+01:00,222.30999755859375,222.5399932861328,222.27999877929688,222.5229949951172,295701
2025-01-24 19:50:00+01:00,222.52110290527344,222.5500030517578,222.27000427246094,222.32000732421875,221355
2025-01-24 19:55:00+01:00,222.3282012939453,222.35499572753906,221.9199981689453,222.0500030517578,375325
2025-01-24 20:00:00+01:00,222.05999755859375,222.33999633789062,222.02000427246094,222.22999572753906,261212
2025-01-24 20:05:00+01:00,222.24000549316406,222.35000610351562,222.14999389648438,222.21180725097656,252120
2025-01-24 20:10:00+01:00,222.21499633789062,222.24000549316406,222.07000732421875,222.2371063232422,259673
2025-01-24 20:15:00+01:00,222.22030639648438,222.3249969482422,222.17999267578125,222.28500366210938,154268
2025-01-24 20:20:00+01:00,222.2899932861328,222.36000061035156,222.25,222.32000732421875,201769
2025-01-24 20:25:00+01:00,222.32000732421875,222.39999389648438,222.3000030517578,222.3699951171875,271212
2025-01-24 20:30:00+01:00,222.35000610351562,222.67999267578125,222.32000732421875,222.61500549316406,338141
2025-01-24 20:35:00+01:00,222.61500549316406,222.74000549316406,222.61000061035156,222.6300048828125,307580
2025-01-24 20:40:00+01:00,222.6300048828125,222.75999450683594,222.55999755859375,222.7100067138672,293008
2025-01-24 20:45:00+01:00,222.7100067138672,222.75,222.58999633789062,222.72999572753906,264274
2025-01-24 20:50:00+01:00,222.72000122070312,222.8699951171875,222.72000122070312,222.84500122070312,240691
2025-01-24 20:55:00+01:00,222.85000610351562,222.86000061035156,222.55999755859375,222.60000610351562,393973
2025-01-24 21:00:00+01:00,222.55169677734375,222.85549926757812,222.4600067138672,222.7899932861328,314219
2025-01-24 21:05:00+01:00,222.7899932861328,222.86000061035156,222.7100067138672,222.7949981689453,274409
2025-01-24 21:10:00+01:00,222.8000030517578,222.889892578125,222.6959991455078,222.8699951171875,309593
2025-01-24 21:15:00+01:00,222.86000061035156,222.9199981689453,222.75,222.75999450683594,330914
2025-01-24 21:20:00+01:00,222.77000427246094,222.92999267578125,222.7100067138672,222.75999450683594,346492
2025-01-24 21:25:00+01:00,222.77999877929688,222.82000732421875,221.41000366210938,222.32000732421875,1273270
2025-01-24 21:30:00+01:00,222.31500244140625,222.52969360351562,222.3000030517578,222.4600067138672,460318
2025-01-24 21:35:00+01:00,222.4600067138672,222.50990295410156,222.218505859375,222.36500549316406,382770
2025-01-24 21:40:00+01:00,222.36990356445312,222.39999389648438,222.1999969482422,222.27499389648438,492812
2025-01-24 21:45:00+01:00,222.25999450683594,222.60000610351562,222.25,222.52999877929688,637484
2025-01-24 21:50:00+01:00,222.5399932861328,222.9499969482422,222.41000366210938,222.83999633789062,1004550
2025-01-24 21:55:00+01:00,222.83999633789062,223.0449981689453,222.27000427246094,222.7899932861328,2259110
2025-01-27 15:30:00+01:00,224.02999877929688,226.99000549316406,224.0,226.47000122070312,8898797
2025-01-27 15:35:00+01:00,226.52000427246094,226.72000122070312,225.35000610351562,225.5399932861328,2637361
2025-01-27 15:40:00+01:00,225.5399932861328,227.3800048828125,225.5399932861328,226.7205047607422,2141331
2025-01-27 15:45:00+01:00,226.75,227.62139892578125,226.7126007080078,227.4149932861328,1740989
2025-01-27 15:50:00+01:00,227.3699951171875,227.6999969482422,226.9842071533203,227.4199981689453,1373970
2025-01-27 15:55:00+01:00,227.44000244140625,227.4550018310547,225.4199981689453,225.66000366210938,1238907
2025-01-27 16:00:00+01:00,225.64999389648438,225.64999389648438,224.9506072998047,225.30999755859375,1060928
2025-01-27 16:05:00+01:00,225.3007049560547,226.0399932861328,225.11000061035156,225.375,863675
2025-01-27 16:10:00+01:00,225.37460327148438,225.61000061035156,224.82000732421875,225.19000244140625,718153
2025-01-27 16:15:00+01:00,225.19500732421875,225.69000244140625,225.0601043701172,225.64999389648438,551710
2025-01-27 16:20:00+01:00,225.64149475097656,226.3000030517578,225.5500030517578,226.19000244140625,851447
2025-01-27 16:25:00+01:00,226.19000244140625,227.29229736328125,226.05999755859375,227.29229736328125,818448
2025-01-27 16:30:00+01:00,227.3000030517578,228.17999267578125,227.08999633789062,228.0500030517578,1220233
2025-01-27 16:35:00+01:00,228.07000732421875,228.52999877929688,227.97000122070312,228.1699981689453,1044214
2025-01-27 16:40:00+01:00,228.16000366210938,228.5876007080078,227.7899932861328,227.8800048828125,845787
2025-01-27 16:45:00+01:00,227.9199981689453,227.9499969482422,227.3404998779297,227.49000549316406,836678
2025-01-27 16:50:00+01:00,227.5,228.17999267578125,227.26010131835938,228.08999633789062,780922
2025-01-27 16:55:00+01:00,228.08999633789062,228.2100067138672,227.5800018310547,227.7899932861328,607566
2025-01-27 17:00:00+01:00,227.75999450683594,228.1699981689453,227.7100067138672,228.14999389648438,586916
2025-01-27 17:05:00+01:00,228.17999267578125,228.68499755859375,228.05999755859375,228.61500549316406,695974
2025-01-27 17:10:00+01:00,228.65499877929688,228.8300018310547,227.8343048095703,227.85000610351562,1099584
2025-01-27 17:15:00+01:00,227.8350067138672,228.33990478515625,227.50999450683594,227.6199951171875,670793
2025-01-27 17:20:00+01:00,227.63999938964844,228.2899932861328,227.625,228.1300048828125,574498
2025-01-27 17:25:00+01:00,228.13999938964844,228.5500030517578,227.99000549316406,228.49380493164062,601905
2025-01-27 17:30:00+01:00,228.47000122070312,228.6300048828125,228.2301025390625,228.57000732421875,581830
2025-01-27 17:35:00+01:00,228.5800018310547,229.2899932861328,228.33999633789062,229.22000122070312,916610
2025-01-27 17:40:00+01:00,229.17999267578125,229.60000610351562,229.05999755859375,229.60000610351562,841485
2025-01-27 17:45:00+01:00,229.5850067138672,229.77999877929688,229.36050415039062,229.50999450683594,844884
2025-01-27 17:50:00+01:00,229.50999450683594,229.52999877929688,228.50999450683594,228.5260009765625,1098856
2025-01-27 17:55:00+01:00,228.52890014648438,229.1699981689453,228.17999267578125,228.44500732421875,952632
2025-01-27 18:00:00+01:00,228.46609497070312,228.9499969482422,228.2899932861328,228.85679626464844,507908
2025-01-27 18:05:00+01:00,228.85000610351562,229.02999877929688,228.3699951171875,228.57000732421875,561890
2025-01-27 18:10:00+01:00,228.57000732421875,229.29989624023438,228.52999877929688,229.13999938964844,424568
2025-01-27 18:15:00+01:00,229.1699981689453,229.24000549316406,228.86000061035156,229.1699981689453,354550
2025-01-27 18:20:00+01:00,229.1750030517578,229.3699951171875,229.02999877929688,229.3354949951172,362420
2025-01-27 18:25:00+01:00,229.3300018310547,230.13999938964844,229.19000244140625,230.08999633789062,1076122
2025-01-27 18:30:00+01:00,230.08999633789062,230.35049438476562,229.94000244140625,230.33999633789062,629897
2025-01-27 18:35:00+01:00,230.30020141601562,230.47000122070312,230.00999450683594,230.09500122070312,644787
2025-01-27 18:40:00+01:00,230.08009338378906,230.3800048828125,230.08009338378906,230.2949981689453,444022
2025-01-27 18:45:00+01:00,230.2949981689453,230.47999572753906,229.98500061035156,230.35499572753906,557667
2025-01-27 18:50:00+01:00,230.3699951171875,230.41000366210938,229.8105010986328,230.08999633789062,616420
2025-01-27 18:55:00+01:00,230.0850067138672,230.22000122070312,229.97000122070312,230.14999389648438,493010
2025-01-27 19:00:00+01:00,230.1699981689453,230.8000030517578,230.07000732421875,230.64999389648438,635229
2025-01-27 19:05:00+01:00,230.64999389648438,230.8800048828125,230.30479431152344,230.49200439453125,580962
2025-01-27 19:10:00+01:00,230.48500061035156,230.85499572753906,230.42999267578125,230.67010498046875,387815
2025-01-27 19:15:00+01:00,230.69000244140625,230.99000549316406,230.5,230.64999389648438,537649
2025-01-27 19:20:00+01:00,230.6699981689453,231.3800048828125,230.6562957763672,231.2209930419922,800886
2025-01-27 19:25:00+01:00,231.2209014892578,231.3699951171875,231.0500030517578,231.32000732421875,437708
2025-01-27 19:30:00+01:00,231.3000030517578,231.6750030517578,231.24000549316406,231.35360717773438,689517
2025-01-27 19:35:00+01:00,231.34500122070312,231.77999877929688,231.34500122070312,231.41000366210938,641440
2025-01-27 19:40:00+01:00,231.39300537109375,231.67999267578125,231.1300048828125,231.3280029296875,912930
2025-01-27 19:45:00+01:00,231.32000732421875,231.4600067138672,231.02000427246094,231.14999389648438,551335
2025-01-27 19:50:00+01:00,231.15570068359375,231.63999938964844,231.0500030517578,231.47000122070312,570971
2025-01-27 19:55:00+01:00,231.46499633789062,231.6649932861328,231.24000549316406,231.43499755859375,528610
2025-01-27 20:00:00+01:00,231.42999267578125,231.6199951171875,231.25,231.36500549316406,506159
2025-01-27 20:05:00+01:00,231.36000061035156,231.39999389648438,230.99000549316406,231.1300048828125,577569
2025-01-27 20:10:00+01:00,231.14999389648438,231.30999755859375,231.00999450683594,231.15499877929688,404082
2025-01-27 20:15:00+01:00,231.17999267578125,231.66000366210938,231.1300048828125,231.6199951171875,480083
2025-01-27 20:20:00+01:00,231.6300048828125,231.7895050048828,231.53500366210938,231.67999267578125,473107
2025-01-27 20:25:00+01:00,231.65499877929688,232.14999389648438,231.6501007080078,232.02999877929688,744636
2025-01-27 20:30:00+01:00,232.02999877929688,232.02999877929688,231.32000732421875,231.42999267578125,578861
2025-01-27 20:35:00+01:00,231.42999267578125,231.63999938964844,231.2899932861328,231.52999877929688,507428
2025-01-27 20:40:00+01:00,231.5500030517578,231.6699981689453,231.1199951171875,231.1999969482422,489579
2025-01-27 20:45:00+01:00,231.19000244140625,231.1999969482422,230.44000244140625,230.5399932861328,648466
2025-01-27 20:50:00+01:00,230.5399932861328,230.94000244140625,230.13999938964844,230.88999938964844,583152
2025-01-27 20:55:00+01:00,230.88999938964844,231.6699981689453,230.86000061035156,231.5800018310547,667442
2025-01-27 21:00:00+01:00,231.58999633789062,231.91000366210938,231.34500122070312,231.85000610351562,659791
2025-01-27 21:05:00+01:00,231.85000610351562,231.89999389648438,231.05999755859375,231.47000122070312,1241316
2025-01-27 21:10:00+01:00,231.47000122070312,231.5500030517578,230.85000610351562,231.00999450683594,727389
2025-01-27 21:15:00+01:00,230.9949951171875,230.9949951171875,230.17999267578125,230.50999450683594,1276692
2025-01-27 21:20:00+01:00,230.50999450683594,231.3699951171875,230.47999572753906,231.21499633789062,658648
2025-01-27 21:25:00+01:00,231.21499633789062,231.21499633789062,230.3800048828125,230.67999267578125,1376724
2025-01-27 21:30:00+01:00,230.6999969482422,230.91000366210938,230.5399932861328,230.77000427246094,886599
2025-01-27 21:35:00+01:00,230.77999877929688,231.3800048828125,230.77999877929688,231.1199951171875,786561
2025-01-27 21:40:00+01:00,231.11000061035156,231.1999969482422,230.72500610351562,230.8800048828125,726443
2025-01-27 21:45:00+01:00,230.8699951171875,230.9199981689453,230.0500030517578,230.19500732421875,1090589
2025-01-27 21:50:00+01:00,230.1999969482422,230.1999969482422,228.47999572753906,229.58999633789062,3038494
2025-01-27 21:55:00+01:00,229.6199951171875,230.05999755859375,229.1300048828125,229.94000244140625,4286472
2025-01-28 15:30:00+01:00,230.8800048828125,234.19000244140625,230.8800048828125,234.1699981689453,5892125
2025-01-28 15:35:00+01:00,234.17430114746094,234.6999969482422,232.75,234.66000366210938,2016397
2025-01-28 15:40:00+01:00,234.6699981689453,235.39999389648438,234.32000732421875,235.02999877929688,1974862
2025-01-28 15:45:00+01:00,235.01559448242188,235.5800018310547,233.8800048828125,235.20989990234375,1789085
2025-01-28 15:50:00+01:00,235.16009521484375,235.58999633789062,234.8300018310547,235.1999969482422,1303931
2025-01-28 15:55:00+01:00,235.1649932861328,235.2303924560547,234.5,234.7100067138672,1048145
2025-01-28 16:00:00+01:00,234.6699981689453,235.83970642089844,234.3800048828125,235.77999877929688,1107301
2025-01-28 16:05:00+01:00,235.77499389648438,236.17999267578125,235.64999389648438,236.0178985595703,1244394
2025-01-28 16:10:00+01:00,235.99000549316406,236.85000610351562,235.93499755859375,236.55999755859375,1275726
2025-01-28 16:15:00+01:00,236.58250427246094,236.83999633789062,236.27999877929688,236.55999755859375,1004723
2025-01-28 16:20:00+01:00,236.5399932861328,237.44000244140625,236.25999450683594,237.38999938964844,1126341
2025-01-28 16:25:00+01:00,237.39999389648438,237.7899932861328,237.24000549316406,237.63999938964844,1330691
2025-01-28 16:30:00+01:00,237.64999389648438,238.25,237.6300048828125,238.10000610351562,1834680
2025-01-28 16:35:00+01:00,238.11439514160156,238.69000244140625,237.6300048828125,238.6750030517578,1621408
2025-01-28 16:40:00+01:00,238.6699981689453,238.75,238.22000122070312,238.61000061035156,1094007
2025-01-28 16:45:00+01:00,238.6199951171875,238.8000030517578,238.0800018310547,238.60499572753906,824998
2025-01-28 16:50:00+01:00,238.6199951171875,239.05999755859375,238.25,238.74000549316406,1043312
2025-01-28 16:55:00+01:00,238.75,239.25,238.62010192871094,238.83999633789062,896836
2025-01-28 17:00:00+01:00,238.83999633789062,239.02000427246094,238.1699981689453,238.32260131835938,860975
2025-01-28 17:05:00+01:00,238.30999755859375,238.77999877929688,238.2899932861328,238.6300048828125,458658
2025-01-28 17:10:00+01:00,238.92010498046875,239.4499969482422,238.92010498046875,239.4250030517578,1285890
2025-01-28 17:15:00+01:00,239.41000366210938,239.44000244140625,239.0500030517578,239.3000030517578,649501
2025-01-28 17:20:00+01:00,239.27999877929688,239.29299926757812,238.80999755859375,238.97000122070312,948564
2025-01-28 17:25:00+01:00,238.981201171875,239.38999938964844,238.85000610351562,239.0800018310547,756887
2025-01-28 17:30:00+01:00,239.05999755859375,239.67999267578125,239.0399932861328,239.60000610351562,1079442
2025-01-28 17:35:00+01:00,239.60000610351562,240.1894989013672,239.44000244140625,240.13999938964844,1513017
2025-01-28 17:40:00+01:00,240.13999938964844,240.19000244140625,239.30999755859375,239.44000244140625,820982
2025-01-28 17:45:00+01:00,239.44000244140625,239.64999389648438,239.27999877929688,239.40499877929688,464079
2025-01-28 17:50:00+01:00,239.39999389648438,239.66000366210938,239.17999267578125,239.64999389648438,533796
2025-01-28 17:55:00+01:00,239.66000366210938,239.83949279785156,239.58009338378906,239.72000122070312,486889
2025-01-28 18:00:00+01:00,239.7050018310547,239.92990112304688,239.5800018310547,239.89500427246094,433718
2025-01-28 18:05:00+01:00,239.89500427246094,240.1699981689453,239.75,239.81500244140625,618090
2025-01-28 18:10:00+01:00,239.82989501953125,239.89999389648438,239.33999633789062,239.33999633789062,527006
2025-01-28 18:15:00+01:00,239.34100341796875,239.3800048828125,238.66000366210938,238.7209014892578,724127
2025-01-28 18:20:00+01:00,238.72999572753906,238.9199981689453,238.41000366210938,238.47520446777344,610671
2025-01-28 18:25:00+01:00,238.47000122070312,238.6199951171875,238.20010375976562,238.5500030517578,572601
2025-01-28 18:30:00+01:00,238.5500030517578,238.9250030517578,238.5,238.72000122070312,345581
2025-01-28 18:35:00+01:00,238.7100067138672,238.90499877929688,238.4600067138672,238.84300231933594,419824
2025-01-28 18:40:00+01:00,238.85499572753906,238.92999267578125,238.52999877929688,238.55999755859375,288876
2025-01-28 18:45:00+01:00,238.57000732421875,238.63499450683594,238.23500061035156,238.48500061035156,413335
2025-01-28 18:50:00+01:00,238.47000122070312,238.71499633789062,238.43069458007812,238.6300048828125,274561
2025-01-28 18:55:00+01:00,238.63999938964844,238.8300018310547,238.54010009765625,238.72000122070312,266814
2025-01-28 19:00:00+01:00,238.7050018310547,239.17999267578125,238.69000244140625,239.0500030517578,365369
2025-01-28 19:05:00+01:00,239.05999755859375,239.24989318847656,238.8800048828125,238.88499450683594,317457
2025-01-28 19:10:00+01:00,238.88999938964844,238.99000549316406,238.7100067138672,238.8249969482422,238012
2025-01-28 19:15:00+01:00,238.83999633789062,238.96400451660156,238.75,238.8350067138672,251330
2025-01-28 19:20:00+01:00,238.8300018310547,238.90870666503906,238.5500030517578,238.5500030517578,288869
2025-01-28 19:25:00+01:00,238.5399932861328,238.80999755859375,238.47000122070312,238.74420166015625,300396
2025-01-28 19:30:00+01:00,238.76800537109375,238.94979858398438,238.69000244140625,238.8800048828125,209822
2025-01-28 19:35:00+01:00,238.8800048828125,238.8800048828125,238.6699981689453,238.7100067138672,231268
2025-01-28 19:40:00+01:00,238.71499633789062,238.9949951171875,238.61000061035156,238.97000122070312,279176
2025-01-28 19:45:00+01:00,238.97000122070312,239.05999755859375,238.6999969482422,238.91929626464844,335185
2025-01-28 19:50:00+01:00,238.94500732421875,238.9600067138672,238.6649932861328,238.74000549316406,210881
2025-01-28 19:55:00+01:00,238.7449951171875,238.89999389648438,238.6999969482422,238.80999755859375,317435
2025-01-28 20:00:00+01:00,238.80999755859375,238.95120239257812,238.7899932861328,238.8643035888672,193703
2025-01-28 20:05:00+01:00,238.86000061035156,238.8800048828125,238.58999633789062,238.68499755859375,353547
2025-01-28 20:10:00+01:00,238.68499755859375,238.80499267578125,238.60000610351562,238.77999877929688,256072
2025-01-28 20:15:00+01:00,238.77999877929688,239.0399932861328,238.77000427246094,238.9927978515625,233984
2025-01-28 20:20:00+01:00,238.9927978515625,239.10000610351562,238.80999755859375,238.85499572753906,379906
2025-01-28 20:25:00+01:00,238.85499572753906,238.8699951171875,238.67999267578125,238.82000732421875,368714
2025-01-28 20:30:00+01:00,238.82220458984375,239.19000244140625,238.7899932861328,239.17999267578125,282023
2025-01-28 20:35:00+01:00,239.1761016845703,239.3800048828125,239.02999877929688,239.19000244140625,411817
2025-01-28 20:40:00+01:00,239.19000244140625,239.38999938964844,239.1699981689453,239.25,314411
2025-01-28 20:45:00+01:00,239.2100067138672,239.47999572753906,239.16250610351562,239.41000366210938,376082
2025-01-28 20:50:00+01:00,239.39999389648438,239.47000122070312,239.27999877929688,239.3800048828125,286439
2025-01-28 20:55:00+01:00,239.3699951171875,239.3699951171875,239.02000427246094,239.1649932861328,368309
2025-01-28 21:00:00+01:00,239.15499877929688,239.1999969482422,238.3101043701172,238.49000549316406,471386
2025-01-28 21:05:00+01:00,238.4810028076172,238.72999572753906,238.32000732421875,238.60000610351562,371185
2025-01-28 21:10:00+01:00,238.5800018310547,238.63499450683594,238.30999755859375,238.5399932861328,390531
2025-01-28 21:15:00+01:00,238.55999755859375,238.97999572753906,238.54049682617188,238.97000122070312,397358
2025-01-28 21:20:00+01:00,238.97000122070312,239.25,238.83999633789062,239.17579650878906,500043
2025-01-28 21:25:00+01:00,239.14999389648438,239.23500061035156,238.7899932861328,238.83999633789062,707617
2025-01-28 21:30:00+01:00,238.8800048828125,238.9199981689453,238.72999572753906,238.7449951171875,349138
2025-01-28 21:35:00+01:00,238.74000549316406,238.7899932861328,238.5,238.7700958251953,383495
2025-01-28 21:40:00+01:00,238.77999877929688,238.88999938964844,238.5,238.875,553884
2025-01-28 21:45:00+01:00,238.8699951171875,238.8699951171875,238.0500030517578,238.2100067138672,686955
2025-01-28 21:50:00+01:00,238.19000244140625,238.30999755859375,237.75999450683594,238.25999450683594,1255406
2025-01-28 21:55:00+01:00,238.25,238.97999572753906,238.22999572753906,238.24000549316406,1914733
2025-01-29 15:30:00+01:00,234.14999389648438,235.60000610351562,234.00999450683594,235.0,4886809
2025-01-29 15:35:00+01:00,234.99000549316406,235.75999450683594,234.9405059814453,235.30999755859375,897995
2025-01-29 15:40:00+01:00,235.3300018310547,236.1699981689453,235.22000122070312,235.79820251464844,940480
2025-01-29 15:45:00+01:00,235.74000549316406,236.2899932861328,234.97999572753906,235.4199981689453,764957
2025-01-29 15:50:00+01:00,235.43960571289062,236.14999389648438,235.1300048828125,235.6999969482422,617249
2025-01-29 15:55:00+01:00,235.7259979248047,236.03439331054688,235.44000244140625,235.77000427246094,390001
2025-01-29 16:00:00+01:00,235.80499267578125,236.16000366210938,235.52000427246094,235.84739685058594,562261
2025-01-29 16:05:00+01:00,235.85000610351562,236.64999389648438,235.77000427246094,236.44000244140625,657289
2025-01-29 16:10:00+01:00,236.41000366210938,236.8699951171875,236.26010131835938,236.5500030517578,529520
2025-01-29 16:15:00+01:00,236.55999755859375,236.72999572753906,236.1699981689453,236.72999572753906,416770
2025-01-29 16:20:00+01:00,236.72999572753906,237.1300048828125,236.6999969482422,236.94000244140625,494391
2025-01-29 16:25:00+01:00,236.9499969482422,237.0,236.42010498046875,236.8300018310547,453388
2025-01-29 16:30:00+01:00,236.80999755859375,237.10060119628906,236.7100067138672,236.95689392089844,377302
2025-01-29 16:35:00+01:00,236.92999267578125,237.60000610351562,236.86000061035156,237.4949951171875,578261
2025-01-29 16:40:00+01:00,237.4949951171875,237.9550018310547,237.36000061035156,237.5800018310547,599582
2025-01-29 16:45:00+01:00,237.57029724121094,238.0,237.3000030517578,237.89959716796875,540371
2025-01-29 16:50:00+01:00,237.9001007080078,238.0,237.4499969482422,237.9499969482422,322364
2025-01-29 16:55:00+01:00,237.9550018310547,237.9550018310547,237.55999755859375,237.78939819335938,380956
2025-01-29 17:00:00+01:00,237.77999877929688,237.9499969482422,237.52999877929688,237.60000610351562,288379
2025-01-29 17:05:00+01:00,237.60000610351562,237.60000610351562,237.1699981689453,237.27000427246094,405097
2025-01-29 17:10:00+01:00,237.27999877929688,237.34500122070312,237.0800018310547,237.17970275878906,329040
2025-01-29 17:15:00+01:00,237.17999267578125,237.2550048828125,236.5800018310547,236.9250030517578,468064
2025-01-29 17:20:00+01:00,236.9250030517578,237.03050231933594,236.42999267578125,236.8000030517578,302749
2025-01-29 17:25:00+01:00,236.80999755859375,236.8699951171875,236.4810028076172,236.5157012939453,265254
2025-01-29 17:30:00+01:00,236.52999877929688,237.22000122070312,236.5,237.14939880371094,313363
2025-01-29 17:35:00+01:00,237.14999389648438,237.16720581054688,236.72999572753906,236.8000946044922,329083
2025-01-29 17:40:00+01:00,236.82229614257812,237.08999633789062,236.72999572753906,237.06500244140625,214136
2025-01-29 17:45:00+01:00,237.07470703125,237.12249755859375,236.7100067138672,236.82730102539062,331811
2025-01-29 17:50:00+01:00,236.83999633789062,237.00999450683594,236.67999267578125,236.86500549316406,292379
2025-01-29 17:55:00+01:00,236.85000610351562,236.85499572753906,236.1300048828125,236.5399932861328,304332
2025-01-29 18:00:00+01:00,236.5399932861328,236.85000610351562,236.4178009033203,236.67840576171875,264488
2025-01-29 18:05:00+01:00,236.7100067138672,236.77000427246094,236.33999633789062,236.4550018310547,249098
2025-01-29 18:10:00+01:00,236.47000122070312,236.75999450683594,236.30079650878906,236.6721954345703,448096
2025-01-29 18:15:00+01:00,236.69000244140625,237.1199951171875,236.69000244140625,237.10000610351562,758510
2025-01-29 18:20:00+01:00,237.0800018310547,237.19000244140625,236.92999267578125,237.0269012451172,293263
2025-01-29 18:25:00+01:00,237.0500030517578,237.16000366210938,236.74000549316406,236.86900329589844,256927
2025-01-29 18:30:00+01:00,236.8699951171875,236.91000366210938,236.60000610351562,236.63499450683594,236255
2025-01-29 18:35:00+01:00,236.66000366210938,236.72999572753906,236.62060546875,236.6300048828125,177577
2025-01-29 18:40:00+01:00,236.63999938964844,236.94000244140625,236.6199951171875,236.77740478515625,203914
2025-01-29 18:45:00+01:00,236.77059936523438,236.7799072265625,236.36000061035156,236.4199981689453,186582
2025-01-29 18:50:00+01:00,236.41009521484375,236.47000122070312,236.24960327148438,236.2696075439453,0
2025-01-29 18:55:00+01:00,236.25999450683594,236.33889770507812,235.94500732421875,236.0399932861328,285169
2025-01-29 19:00:00+01:00,236.0399932861328,236.17999267578125,235.58999633789062,235.6903076171875,484692
2025-01-29 19:05:00+01:00,235.67999267578125,236.28610229492188,235.4600067138672,236.28610229492188,1004791
2025-01-29 19:10:00+01:00,236.27999877929688,236.5399932861328,236.14239501953125,236.51499938964844,303192
2025-01-29 19:15:00+01:00,236.5247039794922,236.8699951171875,236.4582061767578,236.66000366210938,263601
2025-01-29 19:20:00+01:00,236.6894989013672,237.07000732421875,236.58839416503906,237.02499389648438,237580
2025-01-29 19:25:00+01:00,237.01919555664062,237.43499755859375,237.0,237.42999267578125,316639
2025-01-29 19:30:00+01:00,237.4499969482422,237.66000366210938,237.32000732421875,237.38999938964844,381618
2025-01-29 19:35:00+01:00,237.36000061035156,237.5050048828125,236.9364013671875,236.9949951171875,272773
2025-01-29 19:40:00+01:00,237.0,237.25,236.9810028076172,237.0500030517578,128472
2025-01-29 19:45:00+01:00,237.0500030517578,237.38999938964844,237.00059509277344,237.30499267578125,157146
2025-01-29 19:50:00+01:00,237.3000030517578,237.32000732421875,236.98500061035156,237.0399932861328,203203
2025-01-29 19:55:00+01:00,237.02999877929688,237.1199951171875,236.8699951171875,237.0,169922
2025-01-29 20:00:00+01:00,236.97000122070312,237.22000122070312,236.52000427246094,236.7949981689453,323847
2025-01-29 20:05:00+01:00,236.77999877929688,236.9499969482422,236.5850067138672,236.8488006591797,255667
2025-01-29 20:10:00+01:00,236.8800048828125,236.9199981689453,236.50999450683594,236.69259643554688,220354
2025-01-29 20:15:00+01:00,236.74000549316406,236.9499969482422,236.30999755859375,236.5449981689453,260278
2025-01-29 20:20:00+01:00,236.55999755859375,236.80999755859375,236.49009704589844,236.6699981689453,209102
2025-01-29 20:25:00+01:00,236.69000244140625,236.69000244140625,236.41000366210938,236.44500732421875,183576
2025-01-29 20:30:00+01:00,236.44000244140625,237.24000549316406,236.34500122070312,237.16000366210938,343276
2025-01-29 20:35:00+01:00,237.1300048828125,237.4499969482422,236.52499389648438,237.3800048828125,407022
2025-01-29 20:40:00+01:00,237.3300018310547,238.14999389648438,237.2899932861328,238.08999633789062,615361
2025-01-29 20:45:00+01:00,238.11000061035156,238.22999572753906,237.7449951171875,237.91000366210938,333197
2025-01-29 20:50:00+01:00,237.90499877929688,238.25,237.77999877929688,238.1649932861328,264360
2025-01-29 20:55:00+01:00,238.1649932861328,238.2899932861328,237.85000610351562,238.0800018310547,303462
2025-01-29 21:00:00+01:00,238.07000732421875,238.25,237.88999938964844,237.99000549316406,227978
2025-01-29 21:05:00+01:00,237.99000549316406,238.33990478515625,237.86000061035156,238.22999572753906,417863
2025-01-29 21:10:00+01:00,238.25999450683594,238.69000244140625,238.02439880371094,238.16000366210938,546187
2025-01-29 21:15:00+01:00,238.1999969482422,238.3300018310547,237.69000244140625,238.19000244140625,338453
2025-01-29 21:20:00+01:00,238.1999969482422,238.9499969482422,238.1999969482422,238.86419677734375,534751
2025-01-29 21:25:00+01:00,238.86000061035156,239.24000549316406,238.74000549316406,239.0500030517578,554277
2025-01-29 21:30:00+01:00,239.05999755859375,239.39999389648438,238.91299438476562,239.15499877929688,561521
2025-01-29 21:35:00+01:00,239.16000366210938,239.30999755859375,238.72000122070312,238.8699951171875,462618
2025-01-29 21:40:00+01:00,238.8699951171875,239.3300018310547,238.86000061035156,239.01199340820312,492956
2025-01-29 21:45:00+01:00,239.0399932861328,239.30999755859375,238.8699951171875,239.27999877929688,565521
2025-01-29 21:50:00+01:00,239.3000030517578,239.6199951171875,238.8300018310547,239.50999450683594,1214777
2025-01-29 21:55:00+01:00,239.50999450683594,239.85499572753906,239.1699981689453,239.35000610351562,1767131
2025-01-30 15:30:00+01:00,238.6649932861328,240.7899932861328,238.41000366210938,239.9698944091797,2837485
2025-01-30 15:35:00+01:00,240.0,240.0,239.1999969482422,239.23150634765625,849700
2025-01-30 15:40:00+01:00,239.27999877929688,239.39999389648438,238.8800048828125,239.28439331054688,654539
2025-01-30 15:45:00+01:00,239.2899932861328,240.16000366210938,238.9199981689453,240.11500549316406,661152
2025-01-30 15:50:00+01:00,240.1300048828125,240.35499572753906,239.36180114746094,239.58999633789062,562352
2025-01-30 15:55:00+01:00,239.5850067138672,239.97000122070312,239.27000427246094,239.4199981689453,527115
2025-01-30 16:00:00+01:00,239.4199981689453,239.4199981689453,238.08999633789062,238.55599975585938,691823
2025-01-30 16:05:00+01:00,238.50999450683594,238.89999389648438,238.410400390625,238.82000732421875,426472
2025-01-30 16:10:00+01:00,238.83999633789062,238.97000122070312,238.52999877929688,238.6300048828125,437118
2025-01-30 16:15:00+01:00,238.61000061035156,238.8800048828125,238.61000061035156,238.7100067138672,340906
2025-01-30 16:20:00+01:00,238.7100067138672,239.02999877929688,238.49000549316406,238.86720275878906,456056
2025-01-30 16:25:00+01:00,238.85000610351562,238.89939880371094,238.4105987548828,238.4600067138672,356207
2025-01-30 16:30:00+01:00,238.4600067138672,238.8350067138672,238.3000030517578,238.625,431367
2025-01-30 16:35:00+01:00,238.62429809570312,238.9499969482422,238.62429809570312,238.83970642089844,213295
2025-01-30 16:40:00+01:00,238.689697265625,239.02000427246094,238.61000061035156,238.9698944091797,326896
2025-01-30 16:45:00+01:00,238.9550018310547,239.02999877929688,238.72000122070312,238.80999755859375,248752
2025-01-30 16:50:00+01:00,238.77999877929688,238.8096923828125,238.4499969482422,238.48500061035156,232764
2025-01-30 16:55:00+01:00,238.5,238.5050048828125,238.05999755859375,238.05999755859375,394461
2025-01-30 17:00:00+01:00,238.0850067138672,238.30999755859375,237.7050018310547,238.085693359375,384318
2025-01-30 17:05:00+01:00,238.08999633789062,238.49000549316406,238.0601043701172,238.0800018310547,2296650
2025-01-30 17:10:00+01:00,238.0800018310547,238.22000122070312,237.24000549316406,237.3300018310547,501795
2025-01-30 17:15:00+01:00,237.36000061035156,237.77000427246094,237.2100067138672,237.69000244140625,405636
2025-01-30 17:20:00+01:00,237.69000244140625,238.17999267578125,237.69000244140625,238.1199951171875,485313
2025-01-30 17:25:00+01:00,238.08999633789062,238.3195037841797,237.82000732421875,238.16000366210938,290439
2025-01-30 17:30:00+01:00,238.1844024658203,238.4499969482422,238.13999938964844,238.33999633789062,350618
2025-01-30 17:35:00+01:00,238.3249969482422,238.47000122070312,238.1199951171875,238.33009338378906,199784
2025-01-30 17:40:00+01:00,238.33099365234375,238.36000061035156,238.0800018310547,238.10000610351562,155669
2025-01-30 17:45:00+01:00,238.0850067138672,238.33990478515625,238.0800018310547,238.1649932861328,325257
2025-01-30 17:50:00+01:00,238.1649932861328,238.68499755859375,238.16000366210938,238.66099548339844,250498
2025-01-30 17:55:00+01:00,238.67999267578125,238.83999633789062,238.64999389648438,238.77999877929688,276234
2025-01-30 18:00:00+01:00,238.77000427246094,238.8800048828125,238.3300018310547,238.35000610351562,359368
2025-01-30 18:05:00+01:00,238.3699951171875,238.60000610351562,238.14999389648438,238.46009826660156,279433
2025-01-30 18:10:00+01:00,238.47000122070312,238.6699981689453,238.43499755859375,238.52999877929688,278145
2025-01-30 18:15:00+01:00,238.52999877929688,238.60000610351562,238.22000122070312,238.2696075439453,219953
2025-01-30 18:20:00+01:00,238.25999450683594,238.35000610351562,237.97000122070312,238.0001983642578,300561
2025-01-30 18:25:00+01:00,238.02000427246094,238.1300048828125,237.80999755859375,238.02999877929688,226700
2025-01-30 18:30:00+01:00,238.02999877929688,238.08999633789062,237.90499877929688,238.0800018310547,213642
2025-01-30 18:35:00+01:00,238.0601043701172,238.14999389648438,237.9199981689453,238.00010681152344,211859
2025-01-30 18:40:00+01:00,238.01150512695312,238.32000732421875,237.92999267578125,238.0500030517578,351205
2025-01-30 18:45:00+01:00,238.0500030517578,238.4387969970703,238.0500030517578,238.42999267578125,184457
2025-01-30 18:50:00+01:00,238.43499755859375,238.5500030517578,238.27000427246094,238.3000030517578,192667
2025-01-30 18:55:00+01:00,238.29029846191406,238.4499969482422,238.22000122070312,238.39500427246094,204641
2025-01-30 19:00:00+01:00,238.38999938964844,238.67999267578125,238.3699951171875,238.67999267578125,208887
2025-01-30 19:05:00+01:00,238.6699981689453,238.7686004638672,238.5800018310547,238.67999267578125,246567
2025-01-30 19:10:00+01:00,238.67999267578125,238.67999267578125,238.4499969482422,238.5001983642578,232805
2025-01-30 19:15:00+01:00,238.5247039794922,238.5500030517578,238.38499450683594,238.44000244140625,238179
2025-01-30 19:20:00+01:00,238.4499969482422,238.52499389648438,238.30999755859375,238.42999267578125,239864
2025-01-30 19:25:00+01:00,238.4199981689453,238.52999877929688,238.2899932861328,238.4499969482422,159199
2025-01-30 19:30:00+01:00,238.44000244140625,238.72000122070312,238.44000244140625,238.70339965820312,196435
2025-01-30 19:35:00+01:00,238.70700073242188,238.85000610351562,238.625,238.85000610351562,227878
2025-01-30 19:40:00+01:00,238.83999633789062,239.22000122070312,238.82009887695312,239.08999633789062,335888
2025-01-30 19:45:00+01:00,239.10000610351562,239.33999633789062,239.0800018310547,239.32000732421875,250145
2025-01-30 19:50:00+01:00,239.32000732421875,239.42990112304688,239.1699981689453,239.36990356445312,286154
2025-01-30 19:55:00+01:00,239.36500549316406,239.6699981689453,239.30499267578125,239.64999389648438,327228
2025-01-30 20:00:00+01:00,239.6490020751953,239.6490020751953,239.0500030517578,239.1199951171875,239217
2025-01-30 20:05:00+01:00,239.11000061035156,239.25,238.93099975585938,238.99000549316406,284763
2025-01-30 20:10:00+01:00,238.99989318847656,239.40570068359375,238.97000122070312,239.29519653320312,367487
2025-01-30 20:15:00+01:00,239.27999877929688,239.39999389648438,239.1699981689453,239.22000122070312,253784
2025-01-30 20:20:00+01:00,239.2449951171875,239.3583984375,239.13999938964844,239.2949981689453,345605
2025-01-30 20:25:00+01:00,239.2899932861328,239.3800048828125,239.2100067138672,239.25,245627
2025-01-30 20:30:00+01:00,239.25,239.47999572753906,239.2100067138672,239.22799682617188,274285
2025-01-30 20:35:00+01:00,239.24000549316406,239.49000549316406,239.24000549316406,239.47999572753906,211295
2025-01-30 20:40:00+01:00,239.49000549316406,239.6300048828125,239.41000366210938,239.52999877929688,443364
2025-01-30 20:45:00+01:00,239.52999877929688,239.52999877929688,239.27000427246094,239.32000732421875,281447
2025-01-30 20:50:00+01:00,239.3300018310547,239.5,239.27499389648438,239.4040069580078,295305
2025-01-30 20:55:00+01:00,239.39999389648438,239.8699951171875,239.3800048828125,239.86500549316406,456254
2025-01-30 21:00:00+01:00,239.86500549316406,240.0500030517578,239.8000030517578,239.860107421875,637928
2025-01-30 21:05:00+01:00,239.87100219726562,239.99000549316406,239.7021026611328,239.8000030517578,449701
2025-01-30 21:10:00+01:00,239.80999755859375,239.9199981689453,239.7382049560547,239.86500549316406,364291
2025-01-30 21:15:00+01:00,239.86500549316406,239.9499969482422,239.6999969482422,239.73500061035156,428438
2025-01-30 21:20:00+01:00,239.73500061035156,239.83999633789062,239.64010620117188,239.8000030517578,456905
2025-01-30 21:25:00+01:00,239.7899932861328,239.8300018310547,239.4550018310547,239.5800018310547,499910
2025-01-30 21:30:00+01:00,239.5800018310547,239.85499572753906,239.52999877929688,239.8249969482422,569012
2025-01-30 21:35:00+01:00,239.80999755859375,239.8300018310547,238.66000366210938,238.70050048828125,904286
2025-01-30 21:40:00+01:00,238.6699981689453,238.69000244140625,237.75,237.9499969482422,1024586
2025-01-30 21:45:00+01:00,237.94000244140625,238.72999572753906,237.75,238.6649932861328,758931
2025-01-30 21:50:00+01:00,238.69000244140625,238.75,237.8699951171875,238.4600067138672,1082969
2025-01-30 21:55:00+01:00,238.4600067138672,238.47999572753906,237.24000549316406,237.55999755859375,2496295
2025-01-31 15:30:00+01:00,247.0399932861328,247.19000244140625,245.00999450683594,245.28500366210938,9767289
2025-01-31 15:35:00+01:00,245.30999755859375,245.8699951171875,243.64999389648438,244.16000366210938,2331755
2025-01-31 15:40:00+01:00,244.17469787597656,244.24000549316406,242.14999389648438,242.2949981689453,2284434
2025-01-31 15:45:00+01:00,242.2899932861328,243.58999633789062,241.5301055908203,243.1699981689453,2798232
2025-01-31 15:50:00+01:00,243.1501007080078,243.1649932861328,242.00999450683594,242.10499572753906,1319866
2025-01-31 15:55:00+01:00,242.1199951171875,242.6195068359375,241.35000610351562,241.60499572753906,1439530
2025-01-31 16:00:00+01:00,241.5800018310547,243.2449951171875,241.36000061035156,243.03990173339844,1787364
2025-01-31 16:05:00+01:00,243.0399932861328,243.05999755859375,241.94000244140625,242.55340576171875,1025737
2025-01-31 16:10:00+01:00,242.53919982910156,242.6699981689453,241.7100067138672,241.92990112304688,902153
2025-01-31 16:15:00+01:00,241.89590454101562,242.3300018310547,241.8007049560547,241.9949951171875,1483366
2025-01-31 16:20:00+01:00,242.00999450683594,242.0988006591797,241.07000732421875,241.1699981689453,1084761
2025-01-31 16:25:00+01:00,241.1750030517578,241.22999572753906,240.5500030517578,240.943603515625,1109908
2025-01-31 16:30:00+01:00,240.90499877929688,240.99000549316406,240.44000244140625,240.47999572753906,753660
2025-01-31 16:35:00+01:00,240.47999572753906,240.75999450683594,240.00999450683594,240.7239990234375,1131134
2025-01-31 16:40:00+01:00,240.72999572753906,240.9499053955078,240.5,240.7100067138672,810694
2025-01-31 16:45:00+01:00,240.7100067138672,241.42930603027344,240.19009399414062,241.11000061035156,1247297
2025-01-31 16:50:00+01:00,241.11000061035156,241.1999969482422,240.5800018310547,240.61000061035156,768745
2025-01-31 16:55:00+01:00,240.62820434570312,241.1300048828125,240.5800018310547,240.9499969482422,520821
2025-01-31 17:00:00+01:00,240.91000366210938,241.05990600585938,240.44000244140625,240.64999389648438,534930
2025-01-31 17:05:00+01:00,240.63009643554688,240.7899932861328,240.27000427246094,240.33999633789062,414982
2025-01-31 17:10:00+01:00,240.47999572753906,240.57989501953125,239.82000732421875,240.05999755859375,1134466
2025-01-31 17:15:00+01:00,240.0500030517578,240.10989379882812,239.1300048828125,239.1909942626953,1122375
2025-01-31 17:20:00+01:00,239.19500732421875,239.50999450683594,239.05999755859375,239.1988983154297,662064
2025-01-31 17:25:00+01:00,239.2480010986328,239.27999877929688,238.58999633789062,238.94900512695312,1061655
2025-01-31 17:30:00+01:00,238.97000122070312,239.52999877929688,238.82000732421875,239.264404296875,583598
2025-01-31 17:35:00+01:00,239.27999877929688,239.69000244140625,239.2200927734375,239.625,531389
2025-01-31 17:40:00+01:00,239.59500122070312,239.77000427246094,239.13999938964844,239.72000122070312,518355
2025-01-31 17:45:00+01:00,239.74000549316406,240.0500030517578,239.610107421875,239.610107421875,662655
2025-01-31 17:50:00+01:00,239.61000061035156,239.61000061035156,238.88999938964844,239.0301055908203,628763
2025-01-31 17:55:00+01:00,239.05450439453125,239.10000610351562,238.75999450683594,238.92999267578125,408586
2025-01-31 18:00:00+01:00,238.9199981689453,239.3000030517578,238.80999755859375,239.05999755859375,484949
2025-01-31 18:05:00+01:00,239.0399932861328,239.3699951171875,238.74000549316406,239.32000732421875,504085
2025-01-31 18:10:00+01:00,239.34500122070312,239.64230346679688,239.19000244140625,239.2899932861328,457924
2025-01-31 18:15:00+01:00,239.3000030517578,239.41000366210938,238.9199981689453,239.0749969482422,355172
2025-01-31 18:20:00+01:00,239.0500030517578,239.47999572753906,238.8820037841797,239.4199981689453,474787
2025-01-31 18:25:00+01:00,239.41000366210938,239.82000732421875,239.38560485839844,239.74000549316406,612675
2025-01-31 18:30:00+01:00,239.75,239.80099487304688,239.30999755859375,239.38999938964844,423315
2025-01-31 18:35:00+01:00,239.375,239.4600067138672,239.16000366210938,239.1699981689453,348679
2025-01-31 18:40:00+01:00,239.1699981689453,239.35000610351562,238.97000122070312,239.02999877929688,363319
2025-01-31 18:45:00+01:00,239.02499389648438,239.08999633789062,238.8699951171875,238.95989990234375,281671
2025-01-31 18:50:00+01:00,238.9199981689453,239.27999877929688,238.9199981689453,239.0399932861328,1044916
2025-01-31 18:55:00+01:00,239.00999450683594,239.00999450683594,238.3000030517578,238.30999755859375,652253
2025-01-31 19:00:00+01:00,238.32000732421875,238.53990173339844,238.22000122070312,238.33900451660156,404359
2025-01-31 19:05:00+01:00,238.32000732421875,238.40989685058594,237.5800018310547,237.61000061035156,765946
2025-01-31 19:10:00+01:00,237.6020050048828,237.94000244140625,237.52000427246094,237.52000427246094,632387
2025-01-31 19:15:00+01:00,237.55999755859375,237.58990478515625,236.76699829101562,236.7899932861328,1267159
2025-01-31 19:20:00+01:00,236.82159423828125,237.38999938964844,236.6300048828125,237.1898956298828,830996
2025-01-31 19:25:00+01:00,237.19400024414062,237.22000122070312,236.22000122070312,236.4250030517578,807078
2025-01-31 19:30:00+01:00,236.42999267578125,236.67320251464844,236.07000732421875,236.08999633789062,729587
2025-01-31 19:35:00+01:00,236.07000732421875,236.4600067138672,235.89999389648438,236.44000244140625,604537
2025-01-31 19:40:00+01:00,236.4207000732422,236.86000061035156,236.24000549316406,236.42999267578125,545715
2025-01-31 19:45:00+01:00,236.42999267578125,236.4499969482422,236.0500030517578,236.27999877929688,381204
2025-01-31 19:50:00+01:00,236.32000732421875,236.38999938964844,235.4199981689453,235.75,638929
2025-01-31 19:55:00+01:00,235.72999572753906,235.9199981689453,235.11279296875,235.25999450683594,752323
2025-01-31 20:00:00+01:00,235.27999877929688,235.6999969482422,234.86810302734375,234.8831024169922,690263
2025-01-31 20:05:00+01:00,235.2100067138672,235.2799072265625,234.47000122070312,234.9691925048828,908959
2025-01-31 20:10:00+01:00,234.97999572753906,235.6999969482422,234.89999389648438,235.58999633789062,590469
2025-01-31 20:15:00+01:00,235.58999633789062,235.8300018310547,235.3300018310547,235.8300018310547,548338
2025-01-31 20:20:00+01:00,235.8699951171875,235.91000366210938,235.5,235.67999267578125,439827
2025-01-31 20:25:00+01:00,235.6699981689453,235.8199005126953,235.0,235.13499450683594,550163
2025-01-31 20:30:00+01:00,235.15499877929688,235.2799072265625,234.91000366210938,235.11000061035156,543321
2025-01-31 20:35:00+01:00,235.09500122070312,235.16969299316406,234.25,234.33999633789062,630795
2025-01-31 20:40:00+01:00,234.35000610351562,234.38999938964844,233.9199981689453,233.97999572753906,694889
2025-01-31 20:45:00+01:00,234.01910400390625,234.0500030517578,233.44000244140625,234.04989624023438,714674
2025-01-31 20:50:00+01:00,234.05999755859375,234.5749969482422,233.99000549316406,234.4199981689453,644748
2025-01-31 20:55:00+01:00,234.4385986328125,234.72000122070312,233.94000244140625,234.1300048828125,855693
2025-01-31 21:00:00+01:00,234.11500549316406,234.11500549316406,233.6199951171875,233.6999969482422,544523
2025-01-31 21:05:00+01:00,233.72999572753906,234.10000610351562,233.5800018310547,233.82000732421875,527381
2025-01-31 21:10:00+01:00,233.8300018310547,234.08999633789062,233.55499267578125,233.8000030517578,618535
2025-01-31 21:15:00+01:00,233.8242950439453,234.1699981689453,233.72500610351562,234.01690673828125,526266
2025-01-31 21:20:00+01:00,234.02999877929688,234.0500030517578,233.6199951171875,233.99000549316406,488490
2025-01-31 21:25:00+01:00,233.97000122070312,234.3699951171875,233.86000061035156,234.2899932861328,1156255
2025-01-31 21:30:00+01:00,234.30999755859375,234.49000549316406,233.94000244140625,234.3300018310547,618579
2025-01-31 21:35:00+01:00,234.33999633789062,234.35000610351562,233.75999450683594,233.7899932861328,535926
2025-01-31 21:40:00+01:00,233.7899932861328,234.22320556640625,233.74000549316406,234.19039916992188,628152
2025-01-31 21:45:00+01:00,234.19000244140625,234.94000244140625,234.08999633789062,234.72000122070312,711623
2025-01-31 21:50:00+01:00,234.72000122070312,236.25999450683594,234.72000122070312,235.89950561523438,2203028
2025-01-31 21:55:00+01:00,235.91000366210938,236.5,235.50999450683594,235.86000061035156,3682550
2025-02-03 15:30:00+01:00,229.44000244140625,231.47000122070312,229.44000244140625,230.07269287109375,7538679
2025-02-03 15:35:00+01:00,230.08999633789062,231.8300018310547,229.68499755859375,231.4499969482422,1665615
2025-02-03 15:40:00+01:00,231.4250030517578,231.47000122070312,229.5500946044922,230.17999267578125,1006650
2025-02-03 15:45:00+01:00,230.22500610351562,230.2346954345703,229.61000061035156,229.89999389648438,873576
2025-02-03 15:50:00+01:00,229.77000427246094,230.47999572753906,229.2899932861328,229.35000610351562,1195286
2025-02-03 15:55:00+01:00,229.32049560546875,229.41000366210938,228.77000427246094,228.83999633789062,1084391
2025-02-03 16:00:00+01:00,228.80999755859375,228.8249969482422,227.60009765625,227.61500549316406,1473150
2025-02-03 16:05:00+01:00,227.60000610351562,228.25,227.4199981689453,227.55999755859375,1262101
2025-02-03 16:10:00+01:00,227.55999755859375,227.57000732421875,226.63499450683594,226.639892578125,1347298
2025-02-03 16:15:00+01:00,226.63999938964844,227.3699951171875,226.63999938964844,227.19500732421875,863384
2025-02-03 16:20:00+01:00,227.2100067138672,228.6300048828125,227.14999389648438,228.4600067138672,1277933
2025-02-03 16:25:00+01:00,228.44000244140625,229.4600067138672,228.30999755859375,229.25999450683594,1610186
2025-02-03 16:30:00+01:00,229.25999450683594,229.8199005126953,229.13999938964844,229.5,1161196
2025-02-03 16:35:00+01:00,229.5,229.75,228.7899932861328,228.98989868164062,664698
2025-02-03 16:40:00+01:00,228.9499969482422,229.5,228.75,229.2100067138672,757137
2025-02-03 16:45:00+01:00,229.1699981689453,229.3300018310547,228.35009765625,228.60000610351562,723970
2025-02-03 16:50:00+01:00,228.60499572753906,228.9600067138672,228.5,228.77999877929688,503914
2025-02-03 16:55:00+01:00,228.77000427246094,228.77000427246094,227.8800048828125,227.88999938964844,990897
2025-02-03 17:00:00+01:00,227.92320251464844,228.4499969482422,227.55999755859375,227.60000610351562,1037661
2025-02-03 17:05:00+01:00,227.625,227.7718048095703,227.0,227.27000427246094,1013999
2025-02-03 17:10:00+01:00,227.27499389648438,227.6300048828125,227.01950073242188,227.07969665527344,523608
2025-02-03 17:15:00+01:00,226.86990356445312,227.19000244140625,226.39999389648438,227.06500244140625,1372626
2025-02-03 17:20:00+01:00,227.07000732421875,227.24000549316406,226.6501007080078,227.0290985107422,694804
2025-02-03 17:25:00+01:00,227.00999450683594,227.05990600585938,226.0800018310547,226.4199981689453,903461
2025-02-03 17:30:00+01:00,226.41000366210938,227.08999633789062,226.22000122070312,226.97000122070312,610628
2025-02-03 17:35:00+01:00,226.94009399414062,227.1300048828125,226.3000030517578,226.69729614257812,764228
2025-02-03 17:40:00+01:00,226.74000549316406,226.7899932861328,225.7100067138672,226.14999389648438,955205
2025-02-03 17:45:00+01:00,226.13499450683594,226.5800018310547,226.08999633789062,226.10000610351562,601618
2025-02-03 17:50:00+01:00,226.09500122070312,227.07000732421875,226.07000732421875,226.7449951171875,592200
2025-02-03 17:55:00+01:00,226.7449951171875,226.75990295410156,226.02999877929688,226.3800048828125,577283
2025-02-03 18:00:00+01:00,226.3699951171875,226.60000610351562,226.0,226.2884979248047,524872
2025-02-03 18:05:00+01:00,226.3000030517578,226.57000732421875,225.9199981689453,226.05499267578125,599325
2025-02-03 18:10:00+01:00,226.0500030517578,226.2899932861328,225.86000061035156,226.22000122070312,435558
2025-02-03 18:15:00+01:00,226.22000122070312,226.5399932861328,226.19000244140625,226.47000122070312,383194
2025-02-03 18:20:00+01:00,226.49000549316406,226.9803924560547,226.4600067138672,226.9300994873047,535003
2025-02-03 18:25:00+01:00,226.92999267578125,227.02999877929688,226.36000061035156,226.36990356445312,488523
2025-02-03 18:30:00+01:00,226.36000061035156,226.36740112304688,226.08999633789062,226.3000030517578,361353
2025-02-03 18:35:00+01:00,226.2949981689453,226.42999267578125,225.9499969482422,226.10499572753906,503493
2025-02-03 18:40:00+01:00,226.1199951171875,226.3300018310547,226.02999877929688,226.17999267578125,439643
2025-02-03 18:45:00+01:00,226.1790008544922,226.7899932861328,226.14999389648438,226.6529998779297,391820
2025-02-03 18:50:00+01:00,226.63999938964844,227.00999450683594,226.4949951171875,226.9149932861328,398857
2025-02-03 18:55:00+01:00,226.8800048828125,226.9499053955078,226.0800018310547,226.80999755859375,692374
2025-02-03 19:00:00+01:00,226.82000732421875,226.97999572753906,226.42999267578125,226.83999633789062,332861
2025-02-03 19:05:00+01:00,226.8300018310547,226.92999267578125,226.3800048828125,226.4149932861328,383987
2025-02-03 19:10:00+01:00,226.36000061035156,226.82000732421875,226.19500732421875,226.72000122070312,413352
2025-02-03 19:15:00+01:00,226.75999450683594,226.94000244140625,226.61000061035156,226.74000549316406,324772
2025-02-03 19:20:00+01:00,226.73390197753906,227.031005859375,226.69000244140625,226.7700958251953,361713
2025-02-03 19:25:00+01:00,226.7899932861328,227.07000732421875,226.75999450683594,226.89999389648438,347847
2025-02-03 19:30:00+01:00,226.91000366210938,227.5175018310547,226.88999938964844,227.44000244140625,458438
2025-02-03 19:35:00+01:00,227.44000244140625,227.49000549316406,227.0399932861328,227.1999969482422,427471
2025-02-03 19:40:00+01:00,227.19000244140625,227.3800048828125,226.94500732421875,227.3249969482422,358490
2025-02-03 19:45:00+01:00,227.33999633789062,227.82000732421875,227.33999633789062,227.64990234375,480897
2025-02-03 19:50:00+01:00,227.6699981689453,228.05059814453125,227.62010192871094,227.9499969482422,438469
2025-02-03 19:55:00+01:00,227.94009399414062,228.2998046875,227.93960571289062,228.25,488138
2025-02-03 20:00:00+01:00,228.24000549316406,228.33999633789062,227.65499877929688,227.9093017578125,530478
2025-02-03 20:05:00+01:00,227.91000366210938,228.19309997558594,227.7100067138672,227.86000061035156,388024
2025-02-03 20:10:00+01:00,227.85000610351562,228.57000732421875,227.83920288085938,228.52999877929688,473469
2025-02-03 20:15:00+01:00,228.5294952392578,228.8477020263672,228.41000366210938,228.55499267578125,630849
2025-02-03 20:20:00+01:00,228.5399932861328,228.6300048828125,228.25999450683594,228.54010009765625,327792
2025-02-03 20:25:00+01:00,228.57000732421875,228.64999389648438,228.2700958251953,228.47000122070312,281153
2025-02-03 20:30:00+01:00,228.47999572753906,228.5500030517578,228.32000732421875,228.3957061767578,320485
2025-02-03 20:35:00+01:00,228.38999938964844,228.72000122070312,228.36000061035156,228.49000549316406,307933
2025-02-03 20:40:00+01:00,228.49000549316406,228.8000030517578,228.43499755859375,228.6300048828125,282593
2025-02-03 20:45:00+01:00,228.6300048828125,229.02999877929688,228.5800018310547,228.89999389648438,408445
2025-02-03 20:50:00+01:00,228.9281005859375,229.11000061035156,228.88999938964844,228.97079467773438,331036
2025-02-03 20:55:00+01:00,228.99000549316406,229.07000732421875,228.72000122070312,228.83999633789062,314394
2025-02-03 21:00:00+01:00,228.8699951171875,229.2100067138672,228.75509643554688,229.1199951171875,596435
2025-02-03 21:05:00+01:00,229.11000061035156,229.11500549316406,228.8300018310547,229.0050048828125,356632
2025-02-03 21:10:00+01:00,229.0050048828125,229.07000732421875,228.70010375976562,228.74710083007812,378898
2025-02-03 21:15:00+01:00,228.72000122070312,229.02000427246094,228.6002960205078,228.9199981689453,407959
2025-02-03 21:20:00+01:00,228.91000366210938,229.05999755859375,228.8000030517578,229.00999450683594,403163
2025-02-03 21:25:00+01:00,229.02999877929688,229.02999877929688,228.4499969482422,228.5500946044922,391057
2025-02-03 21:30:00+01:00,228.57000732421875,228.69000244140625,228.17010498046875,228.6280975341797,793144
2025-02-03 21:35:00+01:00,228.60000610351562,228.9698944091797,228.5399932861328,228.6699981689453,392395
2025-02-03 21:40:00+01:00,228.6699981689453,228.8199005126953,228.6300048828125,228.67999267578125,628859
2025-02-03 21:45:00+01:00,228.69000244140625,228.74000549316406,228.36000061035156,228.42999267578125,501902
2025-02-03 21:50:00+01:00,228.44000244140625,228.8300018310547,228.32000732421875,228.61000061035156,949441
2025-02-03 21:55:00+01:00,228.60499572753906,228.64999389648438,227.6300048828125,227.97999572753906,2383010
2025-02-04 15:30:00+01:00,227.1999969482422,228.23989868164062,226.64999389648438,226.99000549316406,4260630
2025-02-04 15:35:00+01:00,226.9499969482422,228.58999633789062,226.9499969482422,228.13999938964844,1042696
2025-02-04 15:40:00+01:00,228.13999938964844,228.24000549316406,227.5500030517578,227.91000366210938,650860
2025-02-04 15:45:00+01:00,227.92999267578125,228.4093017578125,227.75999450683594,228.38999938964844,637220
2025-02-04 15:50:00+01:00,228.3800048828125,229.2100067138672,228.3800048828125,228.67999267578125,942745
2025-02-04 15:55:00+01:00,228.6898956298828,228.94000244140625,228.39010620117188,228.9219970703125,468987
2025-02-04 16:00:00+01:00,228.94000244140625,229.14230346679688,228.63999938964844,229.02000427246094,607109
2025-02-04 16:05:00+01:00,228.97999572753906,229.8000030517578,228.86000061035156,229.75,696913
2025-02-04 16:10:00+01:00,229.75,230.0399932861328,229.60000610351562,229.60000610351562,709763
2025-02-04 16:15:00+01:00,229.60000610351562,229.6999969482422,228.97000122070312,229.60000610351562,532546
2025-02-04 16:20:00+01:00,229.60000610351562,230.07000732421875,229.42999267578125,229.89999389648438,544331
2025-02-04 16:25:00+01:00,229.91000366210938,230.41180419921875,229.8300018310547,230.3699951171875,541805
2025-02-04 16:30:00+01:00,230.3800048828125,230.97000122070312,230.22000122070312,230.7100067138672,620732
2025-02-04 16:35:00+01:00,230.6999969482422,231.1699981689453,230.52999877929688,230.97000122070312,494419
2025-02-04 16:40:00+01:00,230.9600067138672,231.4499969482422,230.9499969482422,231.33990478515625,569793
2025-02-04 16:45:00+01:00,231.3350067138672,231.54879760742188,230.82000732421875,231.33999633789062,583152
2025-02-04 16:50:00+01:00,231.32000732421875,231.36000061035156,230.77999877929688,230.93040466308594,349336
2025-02-04 16:55:00+01:00,230.9199981689453,231.00379943847656,230.46009826660156,230.52000427246094,553928
2025-02-04 17:00:00+01:00,230.52999877929688,230.7899932861328,230.39999389648438,230.5449981689453,405671
2025-02-04 17:05:00+01:00,230.5449981689453,230.97999572753906,230.5,230.80999755859375,363348
2025-02-04 17:10:00+01:00,230.81500244140625,230.8300018310547,230.19000244140625,230.27000427246094,274074
2025-02-04 17:15:00+01:00,230.26939392089844,230.72970581054688,230.24009704589844,230.6199951171875,490843
2025-02-04 17:20:00+01:00,230.60000610351562,230.6199951171875,230.13499450683594,230.40499877929688,352684
2025-02-04 17:25:00+01:00,230.40499877929688,231.07000732421875,230.3800048828125,231.0500030517578,305036
2025-02-04 17:30:00+01:00,231.05999755859375,231.44000244140625,231.0500030517578,231.35000610351562,341006
2025-02-04 17:35:00+01:00,231.35000610351562,231.9199981689453,231.27999877929688,231.91310119628906,384495
2025-02-04 17:40:00+01:00,231.9055938720703,232.4604034423828,231.88999938964844,232.38009643554688,717306
2025-02-04 17:45:00+01:00,232.39999389648438,232.41000366210938,231.81500244140625,231.97000122070312,513590
2025-02-04 17:50:00+01:00,231.97000122070312,232.2100067138672,231.8896026611328,231.96200561523438,295831
2025-02-04 17:55:00+01:00,231.9600067138672,232.25,231.75999450683594,232.19009399414062,326617
2025-02-04 18:00:00+01:00,232.19000244140625,232.55409240722656,232.1199951171875,232.36500549316406,462198
2025-02-04 18:05:00+01:00,232.36000061035156,232.72000122070312,232.14999389648438,232.47999572753906,519536
2025-02-04 18:10:00+01:00,232.49000549316406,232.7899932861328,232.26629638671875,232.71499633789062,333244
2025-02-04 18:15:00+01:00,232.7100067138672,232.74530029296875,231.97999572753906,232.11000061035156,676782
2025-02-04 18:20:00+01:00,232.14999389648438,232.30999755859375,231.90499877929688,232.11000061035156,381648
2025-02-04 18:25:00+01:00,232.11000061035156,232.24000549316406,231.6699981689453,231.77999877929688,255543
2025-02-04 18:30:00+01:00,231.7899932861328,231.86000061035156,231.38999938964844,231.8011932373047,419155
2025-02-04 18:35:00+01:00,231.8300018310547,232.139892578125,231.7100067138672,231.8249969482422,321337
2025-02-04 18:40:00+01:00,231.8249969482422,232.2550048828125,231.82000732421875,232.23500061035156,301011
2025-02-04 18:45:00+01:00,232.2200927734375,232.25,231.9199981689453,231.93800354003906,236819
2025-02-04 18:50:00+01:00,231.94000244140625,232.25,231.92019653320312,232.11500549316406,201971
2025-02-04 18:55:00+01:00,232.11500549316406,232.25,231.75999450683594,232.2449951171875,254040
2025-02-04 19:00:00+01:00,232.24000549316406,232.3800048828125,232.05999755859375,232.0601043701172,215011
2025-02-04 19:05:00+01:00,232.05999755859375,232.06680297851562,231.63999938964844,232.0399932861328,237068
2025-02-04 19:10:00+01:00,232.05999755859375,232.14999389648438,231.80999755859375,231.8300018310547,187246
2025-02-04 19:15:00+01:00,231.8249969482422,231.97000122070312,231.69000244140625,231.84500122070312,211560
2025-02-04 19:20:00+01:00,231.85499572753906,231.97059631347656,231.76080322265625,231.92990112304688,248397
2025-02-04 19:25:00+01:00,231.94000244140625,232.3000030517578,231.92999267578125,232.22000122070312,262355
2025-02-04 19:30:00+01:00,232.22569274902344,232.36000061035156,231.8300018310547,232.00999450683594,207615
2025-02-04 19:35:00+01:00,231.9801025390625,232.0399932861328,231.6699981689453,231.7449951171875,186275
2025-02-04 19:40:00+01:00,231.75,231.9499969482422,231.7100067138672,231.8000030517578,138949
2025-02-04 19:45:00+01:00,231.82000732421875,232.02740478515625,231.72000122070312,231.97000122070312,147297
2025-02-04 19:50:00+01:00,231.97000122070312,231.99000549316406,231.5500030517578,231.8699951171875,202448
2025-02-04 19:55:00+01:00,231.86000061035156,231.86000061035156,231.49000549316406,231.49000549316406,148932
2025-02-04 20:00:00+01:00,231.48390197753906,231.84500122070312,231.3800048828125,231.8350067138672,200199
2025-02-04 20:05:00+01:00,231.8300018310547,231.99989318847656,231.77000427246094,231.92999267578125,206581
2025-02-04 20:10:00+01:00,231.94000244140625,232.08999633789062,231.91000366210938,232.01499938964844,176403
2025-02-04 20:15:00+01:00,232.02000427246094,232.24000549316406,231.9499969482422,232.1300048828125,190396
2025-02-04 20:20:00+01:00,232.13999938964844,232.36000061035156,232.0399932861328,232.18170166015625,245140
2025-02-04 20:25:00+01:00,232.17999267578125,232.30999755859375,232.1199951171875,232.13999938964844,236361
2025-02-04 20:30:00+01:00,232.13999938964844,232.47999572753906,232.13499450683594,232.35009765625,211030
2025-02-04 20:35:00+01:00,232.35499572753906,232.5,232.35000610351562,232.42999267578125,248512
2025-02-04 20:40:00+01:00,232.41439819335938,232.62559509277344,232.35000610351562,232.60499572753906,252449
2025-02-04 20:45:00+01:00,232.601806640625,232.75,232.5,232.7100067138672,251851
2025-02-04 20:50:00+01:00,232.69000244140625,232.6999969482422,232.47999572753906,232.51890563964844,220923
2025-02-04 20:55:00+01:00,232.52000427246094,232.77000427246094,232.27000427246094,232.5399932861328,347189
2025-02-04 21:00:00+01:00,232.556396484375,232.77000427246094,232.41000366210938,232.69000244140625,272927
2025-02-04 21:05:00+01:00,232.69000244140625,232.74000549316406,232.54249572753906,232.5850067138672,237549
2025-02-04 21:10:00+01:00,232.58999633789062,232.9499969482422,232.58169555664062,232.92559814453125,313941
2025-02-04 21:15:00+01:00,232.9250030517578,232.94000244140625,232.50999450683594,232.63999938964844,303600
2025-02-04 21:20:00+01:00,232.65499877929688,232.66000366210938,232.33999633789062,232.39010620117188,301360
2025-02-04 21:25:00+01:00,232.39010620117188,232.49000549316406,232.22000122070312,232.3090057373047,383287
2025-02-04 21:30:00+01:00,232.2899932861328,232.3350067138672,232.02999877929688,232.13999938964844,293791
2025-02-04 21:35:00+01:00,232.14500427246094,232.52000427246094,232.13470458984375,232.5,296705
2025-02-04 21:40:00+01:00,232.5,232.58999633789062,232.1699981689453,232.22999572753906,350179
2025-02-04 21:45:00+01:00,232.25,232.5,232.18099975585938,232.44000244140625,293675
2025-02-04 21:50:00+01:00,232.44000244140625,232.99000549316406,232.25,232.86000061035156,686890
2025-02-04 21:55:00+01:00,232.8699951171875,233.1300048828125,232.70010375976562,232.7899932861328,1569644
2025-02-05 15:30:00+01:00,228.49000549316406,230.22500610351562,228.3000030517578,229.23719787597656,3698923
2025-02-05 15:35:00+01:00,229.22999572753906,230.16000366210938,229.03500366210938,230.14999389648438,746119
2025-02-05 15:40:00+01:00,230.13999938964844,230.51499938964844,229.77000427246094,229.85000610351562,781064
2025-02-05 15:45:00+01:00,229.86000061035156,230.4199981689453,229.8300018310547,230.32000732421875,483755
2025-02-05 15:50:00+01:00,230.35000610351562,230.47000122070312,229.5800018310547,229.92999267578125,645551
2025-02-05 15:55:00+01:00,229.93499755859375,230.6197052001953,229.9199981689453,230.1649932861328,576540
2025-02-05 16:00:00+01:00,230.19000244140625,230.55999755859375,229.22000122070312,229.4199981689453,697776
2025-02-05 16:05:00+01:00,229.4600067138672,229.54580688476562,228.82000732421875,228.97500610351562,541285
2025-02-05 16:10:00+01:00,228.99000549316406,229.15989685058594,228.4600067138672,228.97000122070312,632070
2025-02-05 16:15:00+01:00,228.9499969482422,229.02000427246094,228.5399932861328,228.5749969482422,423889
2025-02-05 16:20:00+01:00,228.6199951171875,229.22999572753906,228.4199981689453,229.17999267578125,432048
2025-02-05 16:25:00+01:00,229.1750030517578,229.55999755859375,229.10000610351562,229.5,291094
2025-02-05 16:30:00+01:00,229.50999450683594,229.55999755859375,228.8513946533203,229.19000244140625,348757
2025-02-05 16:35:00+01:00,229.1999969482422,229.3000030517578,228.9300994873047,229.27000427246094,263234
2025-02-05 16:40:00+01:00,229.27000427246094,229.36000061035156,228.91000366210938,229.13999938964844,270535
2025-02-05 16:45:00+01:00,229.17999267578125,229.52000427246094,229.10000610351562,229.25999450683594,297671
2025-02-05 16:50:00+01:00,229.26559448242188,229.64280700683594,229.24000549316406,229.63499450683594,279765
2025-02-05 16:55:00+01:00,229.6300048828125,230.10000610351562,229.22000122070312,229.52999877929688,405074
2025-02-05 17:00:00+01:00,229.52000427246094,229.86000061035156,229.44000244140625,229.75,306625
2025-02-05 17:05:00+01:00,229.74000549316406,230.08399963378906,229.7100067138672,230.02999877929688,259557
2025-02-05 17:10:00+01:00,230.01499938964844,230.19749450683594,229.6300048828125,229.68499755859375,158472
2025-02-05 17:15:00+01:00,229.6699981689453,229.77999877929688,229.41000366210938,229.52999877929688,315862
2025-02-05 17:20:00+01:00,229.50999450683594,229.62460327148438,229.25999450683594,229.5399932861328,275393
2025-02-05 17:25:00+01:00,229.535400390625,230.10000610351562,229.5,230.08999633789062,266959
2025-02-05 17:30:00+01:00,230.08999633789062,230.2899932861328,229.99000549316406,230.14999389648438,400439
2025-02-05 17:35:00+01:00,230.13999938964844,230.33999633789062,230.00999450683594,230.2299041748047,234960
2025-02-05 17:40:00+01:00,230.22999572753906,230.27999877929688,230.0399932861328,230.22999572753906,254355
2025-02-05 17:45:00+01:00,230.2292938232422,230.4499969482422,230.11000061035156,230.3699951171875,191170
2025-02-05 17:50:00+01:00,230.3800048828125,230.6885986328125,230.36000061035156,230.50999450683594,296191
2025-02-05 17:55:00+01:00,230.52059936523438,230.81500244140625,230.35000610351562,230.6999969482422,283829
2025-02-05 18:00:00+01:00,230.7299041748047,230.94000244140625,230.6199951171875,230.8350067138672,232029
2025-02-05 18:05:00+01:00,230.83999633789062,231.02000427246094,230.8000030517578,230.8843994140625,196529
2025-02-05 18:10:00+01:00,230.89059448242188,231.22999572753906,230.8800048828125,231.18499755859375,227740
2025-02-05 18:15:00+01:00,231.18499755859375,231.27999877929688,231.0500946044922,231.20889282226562,221785
2025-02-05 18:20:00+01:00,231.17999267578125,231.22000122070312,230.88999938964844,230.97500610351562,231987
2025-02-05 18:25:00+01:00,230.9600067138672,231.02000427246094,230.6699981689453,230.69000244140625,145098
2025-02-05 18:30:00+01:00,230.67999267578125,230.74000549316406,230.5500030517578,230.55999755859375,152706
2025-02-05 18:35:00+01:00,230.55419921875,230.75,230.3699951171875,230.5,221290
2025-02-05 18:40:00+01:00,230.4990997314453,230.52999877929688,230.16000366210938,230.1999969482422,196293
2025-02-05 18:45:00+01:00,230.1999969482422,230.37989807128906,230.19720458984375,230.375,158034
2025-02-05 18:50:00+01:00,230.375,230.4499969482422,230.0800018310547,230.25779724121094,196787
2025-02-05 18:55:00+01:00,230.25,230.27999877929688,229.99000549316406,230.0500030517578,225929
2025-02-05 19:00:00+01:00,230.05499267578125,230.13999938964844,229.97999572753906,230.13499450683594,164839
2025-02-05 19:05:00+01:00,230.13999938964844,230.16000366210938,229.86000061035156,229.91229248046875,224640
2025-02-05 19:10:00+01:00,229.9199981689453,229.97999572753906,229.7301025390625,229.81500244140625,220861
2025-02-05 19:15:00+01:00,229.80999755859375,229.9600067138672,229.7115936279297,229.94000244140625,266910
2025-02-05 19:20:00+01:00,229.93870544433594,229.93870544433594,229.77999877929688,229.8699951171875,167271
2025-02-05 19:25:00+01:00,229.85000610351562,229.96530151367188,229.6300048828125,229.91000366210938,180635
2025-02-05 19:30:00+01:00,229.89999389648438,230.02000427246094,229.7946014404297,229.80499267578125,286228
2025-02-05 19:35:00+01:00,229.8000030517578,230.02000427246094,229.7100067138672,230.00059509277344,273123
2025-02-05 19:40:00+01:00,230.0,230.1699981689453,229.88999938964844,229.97000122070312,176763
2025-02-05 19:45:00+01:00,229.9799041748047,230.08999633789062,229.8800048828125,230.05999755859375,183987
2025-02-05 19:50:00+01:00,230.05999755859375,230.25669860839844,229.97000122070312,230.14999389648438,193890
2025-02-05 19:55:00+01:00,230.15480041503906,230.5500030517578,230.0500946044922,230.5399932861328,222244
2025-02-05 20:00:00+01:00,230.5399932861328,230.8800048828125,230.49000549316406,230.8699951171875,235032
2025-02-05 20:05:00+01:00,230.86000061035156,231.52999877929688,230.86000061035156,231.4488983154297,386903
2025-02-05 20:10:00+01:00,231.4499969482422,231.4582061767578,231.1020050048828,231.25,222404
2025-02-05 20:15:00+01:00,231.2429962158203,231.29989624023438,230.8101043701172,230.82000732421875,303754
2025-02-05 20:20:00+01:00,230.82000732421875,230.89999389648438,230.7550048828125,230.78500366210938,266358
2025-02-05 20:25:00+01:00,230.78500366210938,230.85560607910156,230.55999755859375,230.64869689941406,292585
2025-02-05 20:30:00+01:00,230.63999938964844,230.80999755859375,230.5,230.74819946289062,256844
2025-02-05 20:35:00+01:00,230.7449951171875,230.8134002685547,230.65330505371094,230.77999877929688,177577
2025-02-05 20:40:00+01:00,230.77499389648438,230.94000244140625,230.7451934814453,230.91000366210938,177836
2025-02-05 20:45:00+01:00,230.91000366210938,231.22999572753906,230.88009643554688,231.22999572753906,202648
2025-02-05 20:50:00+01:00,231.22000122070312,231.29750061035156,230.9010009765625,230.92979431152344,229340
2025-02-05 20:55:00+01:00,230.92999267578125,231.33999633789062,230.92999267578125,231.27999877929688,225130
2025-02-05 21:00:00+01:00,231.30999755859375,231.7572021484375,231.28500366210938,231.69000244140625,303921
2025-02-05 21:05:00+01:00,231.7100067138672,231.77000427246094,231.44700622558594,231.50999450683594,280930
2025-02-05 21:10:00+01:00,231.51519775390625,231.5677032470703,231.375,231.49989318847656,183212
2025-02-05 21:15:00+01:00,231.5,231.72999572753906,231.5,231.70989990234375,261091
2025-02-05 21:20:00+01:00,231.7050018310547,231.8592987060547,231.6999969482422,231.7332000732422,298740
2025-02-05 21:25:00+01:00,231.7364959716797,231.8699951171875,231.6699981689453,231.7949981689453,274565
2025-02-05 21:30:00+01:00,231.77999877929688,232.12420654296875,231.77999877929688,231.94000244140625,355336
2025-02-05 21:35:00+01:00,231.92999267578125,231.92999267578125,231.3800048828125,231.44000244140625,336895
2025-02-05 21:40:00+01:00,231.43499755859375,231.49330139160156,231.110107421875,231.4550018310547,344751
2025-02-05 21:45:00+01:00,231.44500732421875,231.6999969482422,231.44500732421875,231.5449981689453,269044
2025-02-05 21:50:00+01:00,231.5,232.0,231.47999572753906,231.9199981689453,556966
2025-02-05 21:55:00+01:00,231.9149932861328,232.6699981689453,231.91250610351562,232.4600067138672,1580033
2025-02-06 15:30:00+01:00,231.33999633789062,231.8000030517578,230.779296875,231.13479614257812,1584507
2025-02-06 15:35:00+01:00,231.13999938964844,232.82000732421875,230.9600067138672,232.72000122070312,753071
2025-02-06 15:40:00+01:00,232.6999969482422,233.55499267578125,232.52999877929688,233.38999938964844,772245
2025-02-06 15:45:00+01:00,233.39999389648438,233.8000030517578,233.02999877929688,233.08999633789062,648944
2025-02-06 15:50:00+01:00,233.07000732421875,233.54080200195312,232.9199981689453,233.52999877929688,546690
2025-02-06 15:55:00+01:00,233.50999450683594,233.57000732421875,233.11959838867188,233.52000427246094,397540
2025-02-06 16:00:00+01:00,233.47999572753906,233.5399932861328,232.68499755859375,232.6999969482422,452921
2025-02-06 16:05:00+01:00,232.70590209960938,233.39999389648438,232.42999267578125,233.32000732421875,390969
2025-02-06 16:10:00+01:00,233.30999755859375,233.41000366210938,232.82000732421875,232.92999267578125,257686
2025-02-06 16:15:00+01:00,232.9199981689453,232.94000244140625,232.1999969482422,232.25999450683594,345429
2025-02-06 16:20:00+01:00,232.27969360351562,232.28990173339844,231.9949951171875,232.00869750976562,308719
2025-02-06 16:25:00+01:00,232.0,232.014404296875,231.38999938964844,231.5399932861328,460360
2025-02-06 16:30:00+01:00,231.5850067138672,232.11000061035156,231.41000366210938,232.11000061035156,328089
2025-02-06 16:35:00+01:00,232.1094970703125,232.3256072998047,231.44070434570312,231.50999450683594,385071
2025-02-06 16:40:00+01:00,231.49000549316406,232.05999755859375,231.47999572753906,231.72999572753906,196903
2025-02-06 16:45:00+01:00,231.77969360351562,231.77969360351562,230.9300994873047,230.9949951171875,483023
2025-02-06 16:50:00+01:00,230.99009704589844,231.13999938964844,230.5500030517578,230.6450958251953,560021
2025-02-06 16:55:00+01:00,230.64480590820312,231.0399932861328,230.4250030517578,230.9499053955078,292802
2025-02-06 17:00:00+01:00,230.94000244140625,231.33680725097656,230.8699951171875,231.2449951171875,242502
2025-02-06 17:05:00+01:00,231.2548065185547,231.52999877929688,231.22019958496094,231.51980590820312,212114
2025-02-06 17:10:00+01:00,231.4600067138672,231.6999969482422,231.35479736328125,231.5800018310547,251951
2025-02-06 17:15:00+01:00,231.5897979736328,231.77000427246094,231.4199981689453,231.52999877929688,234858
2025-02-06 17:20:00+01:00,231.52999877929688,231.83999633789062,231.40040588378906,231.83999633789062,219857
2025-02-06 17:25:00+01:00,231.83999633789062,231.89999389648438,231.47970581054688,231.51499938964844,192215
2025-02-06 17:30:00+01:00,231.50999450683594,231.6300048828125,231.3000030517578,231.4499969482422,186174
2025-02-06 17:35:00+01:00,231.51499938964844,231.63499450683594,231.3101043701172,231.50999450683594,163158
2025-02-06 17:40:00+01:00,231.50999450683594,231.58999633789062,231.24009704589844,231.52499389648438,173372
2025-02-06 17:45:00+01:00,231.52000427246094,231.6042938232422,231.41000366210938,231.47999572753906,158169
2025-02-06 17:50:00+01:00,231.47999572753906,231.49000549316406,231.11000061035156,231.16000366210938,451900
2025-02-06 17:55:00+01:00,231.13999938964844,231.2050018310547,230.9199981689453,231.05999755859375,176709
2025-02-06 18:00:00+01:00,231.05999755859375,231.30999755859375,230.89999389648438,231.24989318847656,162478
2025-02-06 18:05:00+01:00,231.24929809570312,231.33999633789062,231.00999450683594,231.02499389648438,153281
2025-02-06 18:10:00+01:00,231.04519653320312,231.1300048828125,230.9499969482422,231.10000610351562,124722
2025-02-06 18:15:00+01:00,231.11000061035156,231.5675048828125,231.00999450683594,231.48280334472656,158580
2025-02-06 18:20:00+01:00,231.47999572753906,231.53500366210938,231.33999633789062,231.43429565429688,132929
2025-02-06 18:25:00+01:00,231.43519592285156,231.5177001953125,231.30999755859375,231.3300018310547,172045
2025-02-06 18:30:00+01:00,231.34500122070312,231.5399932861328,231.22999572753906,231.25999450683594,237580
2025-02-06 18:35:00+01:00,231.27000427246094,231.3300018310547,231.17999267578125,231.25,128289
2025-02-06 18:40:00+01:00,231.24000549316406,231.25,231.02999877929688,231.13499450683594,220179
2025-02-06 18:45:00+01:00,231.14280700683594,231.39999389648438,231.0800018310547,231.2100067138672,335335
2025-02-06 18:50:00+01:00,231.2100067138672,231.6199951171875,231.1300048828125,231.55909729003906,258931
2025-02-06 18:55:00+01:00,231.55990600585938,231.91619873046875,231.54989624023438,231.77000427246094,191670
2025-02-06 19:00:00+01:00,231.78500366210938,232.14549255371094,231.75,232.00999450683594,169742
2025-02-06 19:05:00+01:00,232.0050048828125,232.09500122070312,231.89999389648438,232.08999633789062,146315
2025-02-06 19:10:00+01:00,232.10000610351562,232.22000122070312,231.80999755859375,232.11000061035156,195628
2025-02-06 19:15:00+01:00,232.11000061035156,232.33999633789062,232.0800018310547,232.10499572753906,222314
2025-02-06 19:20:00+01:00,232.10499572753906,232.2397003173828,231.9600067138672,232.1300048828125,169588
2025-02-06 19:25:00+01:00,232.1300048828125,232.25,232.0500030517578,232.19000244140625,117984
2025-02-06 19:30:00+01:00,232.19000244140625,232.44000244140625,232.18699645996094,232.25999450683594,132481
2025-02-06 19:35:00+01:00,232.27000427246094,232.33999633789062,232.13499450683594,232.3249969482422,123465
2025-02-06 19:40:00+01:00,232.3300018310547,232.44000244140625,232.27999877929688,232.389892578125,164497
2025-02-06 19:45:00+01:00,232.38499450683594,232.44000244140625,232.21270751953125,232.3800048828125,102122
2025-02-06 19:50:00+01:00,232.39999389648438,232.39999389648438,232.0800018310547,232.1300048828125,120710
2025-02-06 19:55:00+01:00,232.13999938964844,232.49000549316406,232.0800018310547,232.40069580078125,134533
2025-02-06 20:00:00+01:00,232.41000366210938,232.5966033935547,232.35000610351562,232.5449981689453,156434
2025-02-06 20:05:00+01:00,232.5399932861328,232.80999755859375,232.49000549316406,232.7899932861328,200947
2025-02-06 20:10:00+01:00,232.80499267578125,232.80999755859375,232.66000366210938,232.75999450683594,151398
2025-02-06 20:15:00+01:00,232.76499938964844,233.10279846191406,232.76499938964844,233.0,198847
2025-02-06 20:20:00+01:00,233.0,233.11000061035156,232.91000366210938,233.0500030517578,158163
2025-02-06 20:25:00+01:00,233.05999755859375,233.05999755859375,232.80020141601562,232.8699951171875,175121
2025-02-06 20:30:00+01:00,232.88999938964844,232.88999938964844,232.02999877929688,232.2100067138672,261323
2025-02-06 20:35:00+01:00,232.2299041748047,232.47000122070312,232.1300048828125,232.4199981689453,212645
2025-02-06 20:40:00+01:00,232.4199981689453,232.52000427246094,232.30999755859375,232.52000427246094,197417
2025-02-06 20:45:00+01:00,232.52810668945312,232.6699981689453,232.4199981689453,232.6300048828125,174863
2025-02-06 20:50:00+01:00,232.63999938964844,232.7100067138672,232.3726043701172,232.45010375976562,142142
2025-02-06 20:55:00+01:00,232.4600067138672,232.49000549316406,232.11000061035156,232.1699981689453,203967
2025-02-06 21:00:00+01:00,232.16000366210938,232.19000244140625,231.97999572753906,232.06210327148438,159599
2025-02-06 21:05:00+01:00,232.07009887695312,232.13999938964844,231.89500427246094,232.060302734375,178808
2025-02-06 21:10:00+01:00,232.07980346679688,232.1699981689453,232.0,232.02479553222656,142169
2025-02-06 21:15:00+01:00,232.02999877929688,232.3300018310547,232.02999877929688,232.19000244140625,182979
2025-02-06 21:20:00+01:00,232.17999267578125,232.26499938964844,232.0,232.25250244140625,159050
2025-02-06 21:25:00+01:00,232.27000427246094,232.47000122070312,232.14999389648438,232.27999877929688,190710
2025-02-06 21:30:00+01:00,232.2899932861328,232.4250030517578,232.06309509277344,232.11000061035156,216240
2025-02-06 21:35:00+01:00,232.11000061035156,232.11000061035156,231.92999267578125,231.96499633789062,200514
2025-02-06 21:40:00+01:00,231.96499633789062,232.17559814453125,231.94000244140625,232.13499450683594,221705
2025-02-06 21:45:00+01:00,232.1300048828125,232.3300018310547,232.02999877929688,232.25,230653
2025-02-06 21:50:00+01:00,232.25999450683594,233.13999938964844,232.25999450683594,233.10000610351562,617580
2025-02-06 21:55:00+01:00,233.11500549316406,233.27999877929688,232.97999572753906,233.22000122070312,1624676
2025-02-07 15:30:00+01:00,232.51499938964844,233.91000366210938,232.08999633789062,233.4095001220703,1680100
2025-02-07 15:35:00+01:00,233.42999267578125,234.0,233.00999450683594,233.77000427246094,561592
2025-02-07 15:40:00+01:00,233.77000427246094,233.8000030517578,233.07000732421875,233.13999938964844,409240
2025-02-07 15:45:00+01:00,233.13999938964844,233.6999969482422,233.10499572753906,233.35000610351562,390909
2025-02-07 15:50:00+01:00,233.34500122070312,233.5,233.0,233.03500366210938,361124
2025-02-07 15:55:00+01:00,233.02000427246094,233.10000610351562,232.57000732421875,232.69000244140625,448502
2025-02-07 16:00:00+01:00,232.6750030517578,232.6750030517578,230.72000122070312,231.0749969482422,938092
2025-02-07 16:05:00+01:00,231.03500366210938,231.1916046142578,230.69500732421875,231.0800018310547,587275
2025-02-07 16:10:00+01:00,231.10450744628906,231.3000030517578,230.27000427246094,230.2899932861328,815558
2025-02-07 16:15:00+01:00,230.31500244140625,230.5,229.8800048828125,230.0800018310547,749708
2025-02-07 16:20:00+01:00,230.0800018310547,230.8096923828125,229.89199829101562,230.6300048828125,447576
2025-02-07 16:25:00+01:00,230.6199951171875,230.93099975585938,230.24000549316406,230.38999938964844,425129
2025-02-07 16:30:00+01:00,230.33999633789062,230.7736053466797,230.1501007080078,230.27999877929688,316810
2025-02-07 16:35:00+01:00,230.27999877929688,230.75999450683594,230.22000122070312,230.3699951171875,373616
2025-02-07 16:40:00+01:00,230.39500427246094,230.6199951171875,230.3000030517578,230.40499877929688,197821
2025-02-07 16:45:00+01:00,230.42999267578125,230.93980407714844,230.27450561523438,230.91839599609375,221442
2025-02-07 16:50:00+01:00,230.9199981689453,231.26800537109375,229.1199951171875,229.4550018310547,804483
2025-02-07 16:55:00+01:00,229.49000549316406,230.52999877929688,229.35000610351562,230.52999877929688,454522
2025-02-07 17:00:00+01:00,230.52000427246094,230.58999633789062,229.10000610351562,229.16000366210938,517923
2025-02-07 17:05:00+01:00,229.1699981689453,230.00999450683594,228.9532928466797,230.00790405273438,740610
2025-02-07 17:10:00+01:00,229.99000549316406,229.99000549316406,229.02000427246094,229.04010009765625,488199
2025-02-07 17:15:00+01:00,229.04100036621094,230.25,229.0,229.77000427246094,690744
2025-02-07 17:20:00+01:00,229.8300018310547,230.07000732421875,229.3000030517578,229.3699951171875,282559
2025-02-07 17:25:00+01:00,229.36000061035156,229.42970275878906,228.89999389648438,229.05499267578125,575503
2025-02-07 17:30:00+01:00,229.0850067138672,229.35000610351562,228.92999267578125,229.24000549316406,229908
2025-02-07 17:35:00+01:00,229.1959991455078,229.33999633789062,228.9600067138672,229.13999938964844,175340
2025-02-07 17:40:00+01:00,229.1300048828125,229.27999877929688,228.89999389648438,229.02999877929688,224464
2025-02-07 17:45:00+01:00,229.0019989013672,229.11000061035156,228.5500946044922,228.94500732421875,433626
2025-02-07 17:50:00+01:00,228.92999267578125,229.17970275878906,228.69000244140625,228.97999572753906,281298
2025-02-07 17:55:00+01:00,229.0,229.32000732421875,228.77999877929688,229.02999877929688,428917
2025-02-07 18:00:00+01:00,229.02999877929688,229.1300048828125,228.73069763183594,228.92999267578125,160789
2025-02-07 18:05:00+01:00,228.92999267578125,229.3000030517578,228.7100067138672,229.10009765625,335417
2025-02-07 18:10:00+01:00,229.125,229.3300018310547,228.83999633789062,229.2501983642578,252105
2025-02-07 18:15:00+01:00,229.25,229.35000610351562,228.47000122070312,228.94119262695312,476013
2025-02-07 18:20:00+01:00,228.9250030517578,229.4199981689453,228.55999755859375,228.61990356445312,375254
2025-02-07 18:25:00+01:00,228.61000061035156,228.64999389648438,228.19500732421875,228.40060424804688,390307
2025-02-07 18:30:00+01:00,228.38999938964844,228.8206024169922,228.36329650878906,228.5063018798828,222676
2025-02-07 18:35:00+01:00,228.50999450683594,228.75999450683594,228.39720153808594,228.74000549316406,196256
2025-02-07 18:40:00+01:00,228.72500610351562,228.86000061035156,228.67010498046875,228.7100067138672,343593
2025-02-07 18:45:00+01:00,228.7104034423828,228.97000122070312,228.66000366210938,228.7899932861328,167252
2025-02-07 18:50:00+01:00,228.82000732421875,228.99000549316406,228.4149932861328,228.50010681152344,175927
2025-02-07 18:55:00+01:00,228.50999450683594,228.94000244140625,228.50999450683594,228.72999572753906,1302877
2025-02-07 19:00:00+01:00,228.72000122070312,228.88999938964844,228.5800018310547,228.82000732421875,128844
2025-02-07 19:05:00+01:00,228.82000732421875,229.16259765625,228.77999877929688,229.10989379882812,237879
2025-02-07 19:10:00+01:00,229.08999633789062,229.27000427246094,229.02000427246094,229.10000610351562,184513
2025-02-07 19:15:00+01:00,229.10000610351562,229.44000244140625,229.09019470214844,229.33999633789062,351999
2025-02-07 19:20:00+01:00,229.30999755859375,229.30999755859375,229.01010131835938,229.1300048828125,235249
2025-02-07 19:25:00+01:00,229.1300048828125,229.35000610351562,229.08999633789062,229.2989044189453,174169
2025-02-07 19:30:00+01:00,229.2899932861328,229.5,229.22000122070312,229.24090576171875,178547
2025-02-07 19:35:00+01:00,229.2407989501953,229.36000061035156,229.1699981689453,229.2301025390625,103437
2025-02-07 19:40:00+01:00,229.23049926757812,229.27999877929688,228.6199951171875,228.64999389648438,278094
2025-02-07 19:45:00+01:00,228.6699981689453,228.69000244140625,228.4425048828125,228.52000427246094,256892
2025-02-07 19:50:00+01:00,228.52999877929688,228.63999938964844,228.32000732421875,228.36000061035156,210051
2025-02-07 19:55:00+01:00,228.34629821777344,228.3699951171875,228.05999755859375,228.10989379882812,219756
2025-02-07 20:00:00+01:00,228.11000061035156,228.26499938964844,228.03500366210938,228.25999450683594,164546
2025-02-07 20:05:00+01:00,228.27499389648438,228.35000610351562,227.97000122070312,228.1427001953125,315903
2025-02-07 20:10:00+01:00,228.1199951171875,228.14999389648438,227.8800048828125,228.0050048828125,202774
2025-02-07 20:15:00+01:00,227.99600219726562,228.27000427246094,227.9949951171875,228.07000732421875,156206
2025-02-07 20:20:00+01:00,228.0601043701172,228.0800018310547,227.8300018310547,228.00999450683594,368507
2025-02-07 20:25:00+01:00,228.00999450683594,228.0399932861328,227.8699951171875,227.8800048828125,147864
2025-02-07 20:30:00+01:00,227.88999938964844,228.11000061035156,227.7899932861328,227.97000122070312,243786
2025-02-07 20:35:00+01:00,227.960205078125,228.13999938964844,227.8699951171875,228.10499572753906,214784
2025-02-07 20:40:00+01:00,228.12010192871094,228.4199981689453,228.00999450683594,228.36000061035156,275333
2025-02-07 20:45:00+01:00,228.3636932373047,228.41000366210938,228.0500030517578,228.35000610351562,168315
2025-02-07 20:50:00+01:00,228.35000610351562,228.35000610351562,227.99000549316406,228.06500244140625,244986
2025-02-07 20:55:00+01:00,228.0800018310547,228.3574981689453,228.06500244140625,228.2949981689453,210751
2025-02-07 21:00:00+01:00,228.27999877929688,228.48980712890625,228.19000244140625,228.44000244140625,191706
2025-02-07 21:05:00+01:00,228.4300994873047,228.5800018310547,228.3699951171875,228.42999267578125,246620
2025-02-07 21:10:00+01:00,228.42999267578125,228.47000122070312,228.08999633789062,228.35000610351562,238257
2025-02-07 21:15:00+01:00,228.33999633789062,228.44000244140625,228.0601043701172,228.22019958496094,336073
2025-02-07 21:20:00+01:00,228.22000122070312,228.45950317382812,228.2100067138672,228.2550048828125,253162
2025-02-07 21:25:00+01:00,228.2550048828125,228.2698974609375,227.97000122070312,228.0,341833
2025-02-07 21:30:00+01:00,227.99000549316406,228.14999389648438,227.85000610351562,228.02999877929688,467423
2025-02-07 21:35:00+01:00,228.02000427246094,228.10000610351562,227.6300048828125,227.66600036621094,437009
2025-02-07 21:40:00+01:00,227.66000366210938,227.7899932861328,227.47999572753906,227.6300048828125,659269
2025-02-07 21:45:00+01:00,227.63999938964844,227.69000244140625,227.25999450683594,227.61000061035156,671653
2025-02-07 21:50:00+01:00,227.61000061035156,228.07000732421875,227.5800018310547,227.8300018310547,856867
2025-02-07 21:55:00+01:00,227.8300018310547,227.8350067138672,227.4199981689453,227.7100067138672,1938428
2025-02-10 15:30:00+01:00,229.57000732421875,230.48190307617188,229.3000030517578,229.8000030517578,1925657
2025-02-10 15:35:00+01:00,229.80999755859375,229.9499969482422,229.16000366210938,229.4011993408203,548882
2025-02-10 15:40:00+01:00,229.40570068359375,229.83999633789062,229.1699981689453,229.83999633789062,401086
2025-02-10 15:45:00+01:00,229.86000061035156,230.50999450683594,229.63009643554688,229.64999389648438,547999
2025-02-10 15:50:00+01:00,229.64999389648438,229.88999938964844,229.52999877929688,229.75,271250
2025-02-10 15:55:00+01:00,229.74000549316406,229.8000030517578,229.02000427246094,229.16000366210938,340613
2025-02-10 16:00:00+01:00,229.16000366210938,229.22000122070312,228.8000030517578,229.13999938964844,506683
2025-02-10 16:05:00+01:00,229.14999389648438,230.25,229.10000610351562,230.1699981689453,544274
2025-02-10 16:10:00+01:00,230.14999389648438,230.5850067138672,230.07000732421875,230.4949951171875,475006
2025-02-10 16:15:00+01:00,230.5399932861328,230.5800018310547,229.85000610351562,229.92999267578125,296795
2025-02-10 16:20:00+01:00,229.9207000732422,230.2779998779297,229.85000610351562,230.1699981689453,253722
2025-02-10 16:25:00+01:00,230.22500610351562,230.27830505371094,229.85000610351562,229.86619567871094,250674
2025-02-10 16:30:00+01:00,229.88999938964844,229.91000366210938,229.5,229.52999877929688,661415
2025-02-10 16:35:00+01:00,229.5449981689453,229.91160583496094,229.52000427246094,229.67999267578125,269993
2025-02-10 16:40:00+01:00,229.68890380859375,229.82000732421875,229.33399963378906,229.36000061035156,205545
2025-02-10 16:45:00+01:00,229.37460327148438,229.6300048828125,229.22999572753906,229.32000732421875,293535
2025-02-10 16:50:00+01:00,229.30999755859375,229.4499969482422,229.0850067138672,229.44000244140625,269301
2025-02-10 16:55:00+01:00,229.43499755859375,229.47999572753906,228.91009521484375,229.0399932861328,299380
2025-02-10 17:00:00+01:00,229.02999877929688,229.32000732421875,229.02000427246094,229.06300354003906,269512
2025-02-10 17:05:00+01:00,229.04080200195312,229.15989685058594,228.75999450683594,229.1490936279297,346717
2025-02-10 17:10:00+01:00,229.14999389648438,229.3699951171875,229.13999938964844,229.2899932861328,388315
2025-02-10 17:15:00+01:00,229.27999877929688,229.285400390625,229.03500366210938,229.17999267578125,268131
2025-02-10 17:20:00+01:00,229.22500610351562,229.4199981689453,228.91000366210938,229.19000244140625,257748
2025-02-10 17:25:00+01:00,229.18499755859375,229.50999450683594,229.16329956054688,229.36000061035156,226374
2025-02-10 17:30:00+01:00,229.3708038330078,229.38499450683594,228.8800048828125,229.0449981689453,245377
2025-02-10 17:35:00+01:00,229.02999877929688,229.13999938964844,228.91000366210938,229.02560424804688,137747
2025-02-10 17:40:00+01:00,229.02000427246094,229.08999633789062,228.9149932861328,229.0500030517578,113371
2025-02-10 17:45:00+01:00,229.0500030517578,229.0500030517578,228.77000427246094,228.94500732421875,192500
2025-02-10 17:50:00+01:00,228.9499969482422,229.0800018310547,228.91000366210938,229.0399932861328,188771
2025-02-10 17:55:00+01:00,229.0500030517578,229.3000030517578,229.02999877929688,229.22000122070312,228105
2025-02-10 18:00:00+01:00,229.2100067138672,229.2550048828125,228.97000122070312,228.99000549316406,144700
2025-02-10 18:05:00+01:00,228.99000549316406,229.0,228.58599853515625,228.6300048828125,291121
2025-02-10 18:10:00+01:00,228.6300048828125,228.6300048828125,228.375,228.5019989013672,289750
2025-02-10 18:15:00+01:00,228.49000549316406,228.52999877929688,228.23919677734375,228.32000732421875,282688
2025-02-10 18:20:00+01:00,228.3300018310547,228.6300048828125,228.2801055908203,228.5800018310547,201003
2025-02-10 18:25:00+01:00,228.5800018310547,228.67999267578125,228.4600067138672,228.470703125,158879
2025-02-10 18:30:00+01:00,228.47000122070312,228.63999938964844,228.45849609375,228.56500244140625,143045
2025-02-10 18:35:00+01:00,228.56210327148438,228.8253936767578,228.49000549316406,228.8000030517578,153406
2025-02-10 18:40:00+01:00,228.80799865722656,228.83999633789062,228.63999938964844,228.69000244140625,145344
2025-02-10 18:45:00+01:00,228.67999267578125,228.67999267578125,228.44000244140625,228.5010986328125,307189
2025-02-10 18:50:00+01:00,228.50999450683594,228.55999755859375,228.47000122070312,228.52000427246094,113356
2025-02-10 18:55:00+01:00,228.52999877929688,228.6699981689453,228.47000122070312,228.6649932861328,159024
2025-02-10 19:00:00+01:00,228.66000366210938,228.7899932861328,228.57000732421875,228.7899932861328,148439
2025-02-10 19:05:00+01:00,228.77000427246094,228.8800048828125,228.63999938964844,228.71060180664062,133132
2025-02-10 19:10:00+01:00,228.7198944091797,228.78990173339844,228.4709014892578,228.47999572753906,112526
2025-02-10 19:15:00+01:00,228.47500610351562,228.61000061035156,228.47500610351562,228.5220947265625,752062
2025-02-10 19:20:00+01:00,228.52000427246094,228.74989318847656,228.50999450683594,228.63999938964844,143945
2025-02-10 19:25:00+01:00,228.6199951171875,228.6699981689453,228.3699951171875,228.47000122070312,146110
2025-02-10 19:30:00+01:00,228.48500061035156,228.63999938964844,228.48500061035156,228.54029846191406,118300
2025-02-10 19:35:00+01:00,228.5399932861328,228.5399932861328,228.44000244140625,228.47999572753906,130086
2025-02-10 19:40:00+01:00,228.47500610351562,228.5767059326172,228.42039489746094,228.44000244140625,135644
2025-02-10 19:45:00+01:00,228.43739318847656,228.58999633789062,228.43739318847656,228.52960205078125,120646
2025-02-10 19:50:00+01:00,228.52000427246094,228.6999969482422,228.52000427246094,228.52000427246094,138018
2025-02-10 19:55:00+01:00,228.52000427246094,228.69659423828125,228.51499938964844,228.55929565429688,119351
2025-02-10 20:00:00+01:00,228.55999755859375,228.73500061035156,228.40499877929688,228.64190673828125,175320
2025-02-10 20:05:00+01:00,228.64500427246094,228.7281036376953,228.58999633789062,228.64999389648438,111225
2025-02-10 20:10:00+01:00,228.6403045654297,228.67999267578125,228.50999450683594,228.625,112130
2025-02-10 20:15:00+01:00,228.6300048828125,228.72300720214844,228.5500030517578,228.64999389648438,165316
2025-02-10 20:20:00+01:00,228.66000366210938,229.03500366210938,228.66000366210938,228.94790649414062,233413
2025-02-10 20:25:00+01:00,228.9300994873047,228.94000244140625,228.69000244140625,228.6999053955078,165214
2025-02-10 20:30:00+01:00,228.6999969482422,228.83999633789062,228.52000427246094,228.61090087890625,152160
2025-02-10 20:35:00+01:00,228.6121063232422,228.6121063232422,228.3791961669922,228.3791961669922,198316
2025-02-10 20:40:00+01:00,228.36500549316406,228.42970275878906,228.27999877929688,228.39019775390625,198123
2025-02-10 20:45:00+01:00,228.39500427246094,228.40499877929688,227.94000244140625,228.0050048828125,338053
2025-02-10 20:50:00+01:00,228.00599670410156,228.0771026611328,227.91000366210938,228.0050048828125,240206
2025-02-10 20:55:00+01:00,228.0050048828125,228.14999389648438,227.94000244140625,228.0399932861328,230521
2025-02-10 21:00:00+01:00,228.03500366210938,228.07000732421875,227.82000732421875,227.875,217442
2025-02-10 21:05:00+01:00,227.89999389648438,227.99000549316406,227.6645965576172,227.7100067138672,300546
2025-02-10 21:10:00+01:00,227.7100067138672,227.85879516601562,227.60000610351562,227.83999633789062,287874
2025-02-10 21:15:00+01:00,227.85000610351562,227.91000366210938,227.75999450683594,227.8300018310547,239585
2025-02-10 21:20:00+01:00,227.82000732421875,227.88999938964844,227.72000122070312,227.7899932861328,241105
2025-02-10 21:25:00+01:00,227.79080200195312,227.84500122070312,227.67999267578125,227.69000244140625,327145
2025-02-10 21:30:00+01:00,227.69500732421875,227.85000610351562,227.51499938964844,227.54859924316406,326183
2025-02-10 21:35:00+01:00,227.5399932861328,227.5487060546875,227.1999969482422,227.4698944091797,563288
2025-02-10 21:40:00+01:00,227.45989990234375,227.75999450683594,227.42999267578125,227.48199462890625,339000
2025-02-10 21:45:00+01:00,227.47500610351562,227.6446075439453,227.3000030517578,227.6199951171875,354610
2025-02-10 21:50:00+01:00,227.61000061035156,227.8800048828125,227.25,227.67990112304688,674891
2025-02-10 21:55:00+01:00,227.6300048828125,227.75,227.42999267578125,227.63999938964844,1249545
2025-02-11 15:30:00+01:00,228.1999969482422,231.46209716796875,228.1300048828125,231.10000610351562,7218237
2025-02-11 15:35:00+01:00,231.07000732421875,231.89999389648438,230.5614013671875,230.6699981689453,1618023
2025-02-11 15:40:00+01:00,230.67999267578125,230.88999938964844,229.9409942626953,230.10000610351562,966962
2025-02-11 15:45:00+01:00,230.1300048828125,230.1300048828125,229.5200958251953,229.72000122070312,645118
2025-02-11 15:50:00+01:00,229.6999969482422,230.07000732421875,229.6199951171875,229.78939819335938,474120
2025-02-11 15:55:00+01:00,229.77499389648438,230.35000610351562,229.35459899902344,230.32000732421875,572707
2025-02-11 16:00:00+01:00,230.3300018310547,231.3300018310547,230.0666046142578,231.08999633789062,1000071
2025-02-11 16:05:00+01:00,231.05999755859375,231.25,230.61000061035156,231.10000610351562,633938
2025-02-11 16:10:00+01:00,231.10000610351562,231.72000122070312,230.95140075683594,231.5500030517578,711914
2025-02-11 16:15:00+01:00,231.55999755859375,231.97000122070312,231.51499938964844,231.71620178222656,625664
2025-02-11 16:20:00+01:00,231.71620178222656,232.40499877929688,231.59010314941406,232.2100067138672,790087
2025-02-11 16:25:00+01:00,232.22999572753906,233.49000549316406,232.1501007080078,233.33999633789062,1193324
2025-02-11 16:30:00+01:00,233.32000732421875,233.43499755859375,232.82009887695312,233.14500427246094,795188
2025-02-11 16:35:00+01:00,233.1300048828125,233.30999755859375,232.8300018310547,233.181396484375,496724
2025-02-11 16:40:00+01:00,233.18040466308594,234.13999938964844,233.11000061035156,234.12010192871094,857159
2025-02-11 16:45:00+01:00,234.1300048828125,234.42999267578125,233.95010375976562,234.22500610351562,886742
2025-02-11 16:50:00+01:00,234.22500610351562,234.67999267578125,234.06300354003906,234.57000732421875,700791
2025-02-11 16:55:00+01:00,234.5749969482422,234.67990112304688,234.10499572753906,234.2899932861328,570448
2025-02-11 17:00:00+01:00,234.33999633789062,234.4600067138672,233.8300018310547,234.09500122070312,554936
2025-02-11 17:05:00+01:00,234.07000732421875,234.07000732421875,233.72520446777344,233.75999450683594,498786
2025-02-11 17:10:00+01:00,233.74020385742188,234.08999633789062,233.69500732421875,234.06500244140625,410343
2025-02-11 17:15:00+01:00,234.07000732421875,234.1988067626953,233.6699981689453,233.94000244140625,415291
2025-02-11 17:20:00+01:00,233.94500732421875,233.9600067138672,233.74000549316406,233.75,274369
2025-02-11 17:25:00+01:00,233.75999450683594,234.7178955078125,233.75010681152344,234.64999389648438,583382
2025-02-11 17:30:00+01:00,234.66000366210938,234.82000732421875,234.33999633789062,234.4149932861328,456342
2025-02-11 17:35:00+01:00,234.42579650878906,234.97999572753906,234.24000549316406,234.964599609375,429513
2025-02-11 17:40:00+01:00,234.9698944091797,235.22999572753906,234.88999938964844,235.05999755859375,1476289
2025-02-11 17:45:00+01:00,235.05999755859375,235.14999389648438,234.8000030517578,234.9600067138672,473283
2025-02-11 17:50:00+01:00,234.9600067138672,235.0399932861328,234.52999877929688,234.61000061035156,320373
2025-02-11 17:55:00+01:00,234.60000610351562,234.75,234.44000244140625,234.72000122070312,278691
2025-02-11 18:00:00+01:00,234.7100067138672,235.17999267578125,234.5906982421875,234.84109497070312,366206
2025-02-11 18:05:00+01:00,234.8699951171875,234.90499877929688,234.5399932861328,234.66000366210938,410968
2025-02-11 18:10:00+01:00,234.64500427246094,234.8699951171875,234.08999633789062,234.14999389648438,464964
2025-02-11 18:15:00+01:00,234.14999389648438,234.35000610351562,233.72169494628906,234.35000610351562,524233
2025-02-11 18:20:00+01:00,234.34750366210938,234.85000610351562,234.1999969482422,234.49000549316406,277889
2025-02-11 18:25:00+01:00,234.47360229492188,234.67999267578125,234.3300018310547,234.57229614257812,260448
2025-02-11 18:30:00+01:00,234.58999633789062,234.625,234.34170532226562,234.47999572753906,632753
2025-02-11 18:35:00+01:00,234.47999572753906,234.5050048828125,234.10499572753906,234.22000122070312,188948
2025-02-11 18:40:00+01:00,234.25,234.3730010986328,233.91000366210938,234.27999877929688,219808
2025-02-11 18:45:00+01:00,234.27999877929688,234.41819763183594,234.02000427246094,234.0207977294922,191406
2025-02-11 18:50:00+01:00,234.02999877929688,234.2899932861328,233.97000122070312,234.13999938964844,201528
2025-02-11 18:55:00+01:00,234.13999938964844,234.3300018310547,234.0,234.2100067138672,193147
2025-02-11 19:00:00+01:00,234.22999572753906,234.41000366210938,234.16000366210938,234.33999633789062,133814
2025-02-11 19:05:00+01:00,234.3300018310547,234.4246063232422,233.88999938964844,233.9499969482422,174202
2025-02-11 19:10:00+01:00,233.97000122070312,234.1300048828125,233.7550048828125,234.02999877929688,262872
2025-02-11 19:15:00+01:00,234.0399932861328,234.2498016357422,233.7899932861328,233.85499572753906,256330
2025-02-11 19:20:00+01:00,233.8350067138672,233.875,233.33999633789062,233.36000061035156,334428
2025-02-11 19:25:00+01:00,233.36990356445312,233.67999267578125,233.25,233.5449981689453,254991
2025-02-11 19:30:00+01:00,233.59609985351562,233.85000610351562,233.49009704589844,233.61000061035156,201836
2025-02-11 19:35:00+01:00,233.61000061035156,234.1898956298828,233.57000732421875,233.86500549316406,232740
2025-02-11 19:40:00+01:00,233.86500549316406,233.97500610351562,233.8000030517578,233.89990234375,179434
2025-02-11 19:45:00+01:00,233.89999389648438,234.07000732421875,233.8350067138672,233.90220642089844,206717
2025-02-11 19:50:00+01:00,233.89500427246094,233.92999267578125,233.67999267578125,233.82110595703125,157244
2025-02-11 19:55:00+01:00,233.7899932861328,233.86500549316406,233.72000122070312,233.84970092773438,126978
2025-02-11 20:00:00+01:00,233.8350067138672,233.88999938964844,233.67149353027344,233.8520050048828,157165
2025-02-11 20:05:00+01:00,233.83999633789062,233.83999633789062,233.57000732421875,233.72000122070312,201571
2025-02-11 20:10:00+01:00,233.72000122070312,233.82989501953125,233.52999877929688,233.56460571289062,183849
2025-02-11 20:15:00+01:00,233.5500030517578,233.77999877929688,233.52999877929688,233.58999633789062,165560
2025-02-11 20:20:00+01:00,233.58999633789062,233.58999633789062,233.4600067138672,233.5050048828125,145403
2025-02-11 20:25:00+01:00,233.52000427246094,233.5500030517578,233.1300048828125,233.3699951171875,855410
2025-02-11 20:30:00+01:00,233.3621063232422,233.5500030517578,233.3000030517578,233.33999633789062,671292
2025-02-11 20:35:00+01:00,233.3300018310547,233.49000549316406,233.28500366210938,233.33999633789062,201517
2025-02-11 20:40:00+01:00,233.3426971435547,233.50999450683594,233.32000732421875,233.3607940673828,272919
2025-02-11 20:45:00+01:00,233.3553924560547,233.4698944091797,233.22999572753906,233.4001007080078,281904
2025-02-11 20:50:00+01:00,233.39999389648438,233.49000549316406,233.30999755859375,233.389892578125,157767
2025-02-11 20:55:00+01:00,233.38999938964844,233.47000122070312,233.3300018310547,233.36849975585938,149248
2025-02-11 21:00:00+01:00,233.3800048828125,233.9250030517578,233.3699951171875,233.52999877929688,357204
2025-02-11 21:05:00+01:00,233.5200958251953,233.5449981689453,232.97000122070312,233.0,436742
2025-02-11 21:10:00+01:00,233.0,233.25990295410156,233.0,233.19000244140625,357054
2025-02-11 21:15:00+01:00,233.19500732421875,233.25650024414062,233.1300048828125,233.2449951171875,195014
2025-02-11 21:20:00+01:00,233.24020385742188,233.25999450683594,232.89999389648438,232.9949951171875,343986
2025-02-11 21:25:00+01:00,232.99000549316406,233.20989990234375,232.99000549316406,233.1107940673828,288532
2025-02-11 21:30:00+01:00,233.11000061035156,233.3000030517578,233.02000427246094,233.09500122070312,414533
2025-02-11 21:35:00+01:00,233.0850067138672,233.10000610351562,232.91000366210938,232.92999267578125,359758
2025-02-11 21:40:00+01:00,232.91000366210938,233.06500244140625,232.82000732421875,232.97999572753906,444065
2025-02-11 21:45:00+01:00,232.9600067138672,233.0,232.85499572753906,232.94760131835938,333043
2025-02-11 21:50:00+01:00,232.9600067138672,233.00999450683594,232.52999877929688,232.67100524902344,811519
2025-02-11 21:55:00+01:00,232.69000244140625,232.85000610351562,232.1699981689453,232.77000427246094,2251564
2025-02-12 15:30:00+01:00,231.27499389648438,232.65390014648438,230.67999267578125,231.19000244140625,4533240
2025-02-12 15:35:00+01:00,231.2449951171875,232.0399932861328,231.2100067138672,231.5,656724
2025-02-12 15:40:00+01:00,231.47999572753906,231.89999389648438,231.27000427246094,231.61000061035156,517129
2025-02-12 15:45:00+01:00,231.61000061035156,232.02000427246094,231.22000122070312,231.99009704589844,581516
2025-02-12 15:50:00+01:00,232.02999877929688,232.74000549316406,231.78500366210938,232.72999572753906,606932
2025-02-12 15:55:00+01:00,232.72999572753906,233.02999877929688,232.3300018310547,232.55999755859375,593110
2025-02-12 16:00:00+01:00,232.55999755859375,232.69000244140625,231.7949981689453,231.82000732421875,510190
2025-02-12 16:05:00+01:00,231.82000732421875,232.23989868164062,231.4600067138672,232.08949279785156,491719
2025-02-12 16:10:00+01:00,232.11000061035156,232.63999938964844,231.36000061035156,231.86500549316406,701025
2025-02-12 16:15:00+01:00,231.91000366210938,232.77999877929688,231.85000610351562,232.75999450683594,595620
2025-02-12 16:20:00+01:00,232.73500061035156,233.89999389648438,232.7100067138672,233.85980224609375,936175
2025-02-12 16:25:00+01:00,233.86000061035156,234.0500030517578,233.42999267578125,233.60499572753906,640018
2025-02-12 16:30:00+01:00,233.58120727539062,234.322998046875,233.5800018310547,233.82000732421875,670967
2025-02-12 16:35:00+01:00,233.8000030517578,234.31520080566406,233.64999389648438,234.31520080566406,601238
2025-02-12 16:40:00+01:00,234.30499267578125,234.66990661621094,234.05999755859375,234.08999633789062,600272
2025-02-12 16:45:00+01:00,234.1199951171875,234.33999633789062,233.72000122070312,234.00999450683594,499972
2025-02-12 16:50:00+01:00,234.0048065185547,234.58999633789062,233.95579528808594,234.46009826660156,411828
2025-02-12 16:55:00+01:00,234.47940063476562,234.83999633789062,234.44000244140625,234.63470458984375,406893
2025-02-12 17:00:00+01:00,234.63999938964844,234.8800048828125,234.5399932861328,234.61000061035156,375718
2025-02-12 17:05:00+01:00,234.60000610351562,234.60000610351562,233.99000549316406,234.1699981689453,433111
2025-02-12 17:10:00+01:00,234.2100067138672,234.64999389648438,234.2100067138672,234.36000061035156,343703
2025-02-12 17:15:00+01:00,234.35000610351562,234.79539489746094,234.22999572753906,234.74000549316406,342372
2025-02-12 17:20:00+01:00,234.75999450683594,234.9600067138672,234.5500030517578,234.69000244140625,395517
2025-02-12 17:25:00+01:00,234.7050018310547,235.13999938964844,234.58999633789062,235.07000732421875,378817
2025-02-12 17:30:00+01:00,235.07000732421875,235.33999633789062,234.7899932861328,234.86500549316406,337169
2025-02-12 17:35:00+01:00,234.85000610351562,234.97999572753906,234.72999572753906,234.90499877929688,280258
2025-02-12 17:40:00+01:00,234.9199981689453,235.16000366210938,234.9199981689453,235.02000427246094,254992
2025-02-12 17:45:00+01:00,235.02000427246094,235.1999969482422,234.92999267578125,235.13999938964844,190628
2025-02-12 17:50:00+01:00,235.13059997558594,235.1999969482422,234.86000061035156,235.03500366210938,281087
2025-02-12 17:55:00+01:00,235.0500030517578,235.5,235.02999877929688,235.40240478515625,402909
2025-02-12 18:00:00+01:00,235.38499450683594,235.66000366210938,235.2899932861328,235.32879638671875,422361
2025-02-12 18:05:00+01:00,235.30999755859375,235.32000732421875,234.98500061035156,235.19000244140625,248533
2025-02-12 18:10:00+01:00,235.17030334472656,235.4600067138672,234.96319580078125,235.310302734375,326797
2025-02-12 18:15:00+01:00,235.30999755859375,235.60000610351562,235.24000549316406,235.47000122070312,329023
2025-02-12 18:20:00+01:00,235.47000122070312,235.55360412597656,235.24000549316406,235.375,249323
2025-02-12 18:25:00+01:00,235.375,235.44000244140625,235.1710968017578,235.2899932861328,199333
2025-02-12 18:30:00+01:00,235.27330017089844,235.4199981689453,235.14239501953125,235.26499938964844,187942
2025-02-12 18:35:00+01:00,235.27999877929688,235.3249969482422,234.91000366210938,235.01010131835938,249268
2025-02-12 18:40:00+01:00,235.02000427246094,235.11000061035156,234.86000061035156,235.05079650878906,183940
2025-02-12 18:45:00+01:00,235.0399932861328,235.5399932861328,235.02000427246094,235.49020385742188,223203
2025-02-12 18:50:00+01:00,235.5,235.52999877929688,235.22999572753906,235.47999572753906,209001
2025-02-12 18:55:00+01:00,235.48500061035156,235.68690490722656,235.42999267578125,235.66000366210938,222780
2025-02-12 19:00:00+01:00,235.6699981689453,235.88999938964844,235.52999877929688,235.64999389648438,365420
2025-02-12 19:05:00+01:00,235.64999389648438,235.80999755859375,235.5625,235.77000427246094,235648
2025-02-12 19:10:00+01:00,235.75999450683594,235.8699951171875,235.52000427246094,235.60000610351562,239339
2025-02-12 19:15:00+01:00,235.61000061035156,235.6739959716797,235.27000427246094,235.27999877929688,209691
2025-02-12 19:20:00+01:00,235.27000427246094,235.4499053955078,235.08990478515625,235.38999938964844,215934
2025-02-12 19:25:00+01:00,235.39999389648438,235.50999450683594,235.17999267578125,235.47999572753906,276832
2025-02-12 19:30:00+01:00,235.47320556640625,235.63999938964844,235.4499969482422,235.61000061035156,186678
2025-02-12 19:35:00+01:00,235.61000061035156,235.61000061035156,235.4600067138672,235.4949951171875,143585
2025-02-12 19:40:00+01:00,235.50010681152344,235.58999633789062,235.32000732421875,235.4600067138672,188927
2025-02-12 19:45:00+01:00,235.47000122070312,235.64999389648438,235.4499969482422,235.5113067626953,191660
2025-02-12 19:50:00+01:00,235.50999450683594,235.78990173339844,235.43319702148438,235.75999450683594,193164
2025-02-12 19:55:00+01:00,235.75,235.8800048828125,235.52999877929688,235.60000610351562,269092
2025-02-12 20:00:00+01:00,235.60240173339844,235.91000366210938,235.5500030517578,235.85000610351562,213283
2025-02-12 20:05:00+01:00,235.86099243164062,236.0500030517578,235.75999450683594,235.8800048828125,501294
2025-02-12 20:10:00+01:00,235.8800048828125,236.0850067138672,235.82159423828125,236.0449981689453,206380
2025-02-12 20:15:00+01:00,236.0399932861328,236.16000366210938,235.9550018310547,236.16000366210938,243658
2025-02-12 20:20:00+01:00,236.16000366210938,236.41000366210938,236.07000732421875,236.39999389648438,398157
2025-02-12 20:25:00+01:00,236.40789794921875,236.4199981689453,236.1529998779297,236.2100067138672,300043
2025-02-12 20:30:00+01:00,236.2100067138672,236.35000610351562,236.08009338378906,236.22999572753906,177196
2025-02-12 20:35:00+01:00,236.2198028564453,236.3249969482422,236.07000732421875,236.24000549316406,175069
2025-02-12 20:40:00+01:00,236.25,236.5,236.22999572753906,236.38999938964844,414890
2025-02-12 20:45:00+01:00,236.39999389648438,236.5,236.2700958251953,236.4694061279297,320131
2025-02-12 20:50:00+01:00,236.47000122070312,236.47999572753906,236.2550048828125,236.4600067138672,256925
2025-02-12 20:55:00+01:00,236.47000122070312,236.47999572753906,236.25999450683594,236.47000122070312,276977
2025-02-12 21:00:00+01:00,236.47999572753906,236.50999450683594,236.17999267578125,236.1927032470703,273131
2025-02-12 21:05:00+01:00,236.19000244140625,236.39999389648438,236.16000366210938,236.27000427246094,234393
2025-02-12 21:10:00+01:00,236.27000427246094,236.44000244140625,236.25,236.36000061035156,255942
2025-02-12 21:15:00+01:00,236.36000061035156,236.3699951171875,236.2624053955078,236.3052978515625,250978
2025-02-12 21:20:00+01:00,236.30999755859375,236.47999572753906,236.3000030517578,236.36419677734375,322102
2025-02-12 21:25:00+01:00,236.36500549316406,236.66000366210938,236.30999755859375,236.46499633789062,385334
2025-02-12 21:30:00+01:00,236.4600067138672,236.6699981689453,236.4199981689453,236.64999389648438,250716
2025-02-12 21:35:00+01:00,236.64999389648438,236.72000122070312,236.42999267578125,236.49000549316406,362768
2025-02-12 21:40:00+01:00,236.5,236.7154998779297,236.32000732421875,236.3249969482422,477595
2025-02-12 21:45:00+01:00,236.3300018310547,236.43789672851562,235.91000366210938,236.34500122070312,618186
2025-02-12 21:50:00+01:00,236.3699951171875,236.77999877929688,235.91000366210938,236.72999572753906,925589
2025-02-12 21:55:00+01:00,236.75,236.9600067138672,236.50999450683594,236.88999938964844,1858924
2025-02-13 15:30:00+01:00,236.97500610351562,239.0,236.83999633789062,238.32000732421875,3756051
2025-02-13 15:35:00+01:00,238.36000061035156,238.75,236.41000366210938,236.51499938964844,1045600
2025-02-13 15:40:00+01:00,236.50999450683594,237.05050659179688,235.9001007080078,236.7799072265625,684709
2025-02-13 15:45:00+01:00,236.75,236.8000030517578,236.38999938964844,236.69000244140625,562760
2025-02-13 15:50:00+01:00,236.64999389648438,237.22900390625,236.57000732421875,236.9199981689453,348249
2025-02-13 15:55:00+01:00,236.9199981689453,236.9499053955078,236.24000549316406,236.30999755859375,405105
2025-02-13 16:00:00+01:00,236.2899932861328,236.72000122070312,235.85000610351562,236.37730407714844,703841
2025-02-13 16:05:00+01:00,236.4199981689453,236.4250030517578,235.57000732421875,236.05999755859375,542486
2025-02-13 16:10:00+01:00,236.0399932861328,236.4199981689453,235.8000030517578,236.3300018310547,410567
2025-02-13 16:15:00+01:00,236.33999633789062,236.9799041748047,236.19000244140625,236.97000122070312,412716
2025-02-13 16:20:00+01:00,236.97500610351562,237.65350341796875,236.77999877929688,237.42820739746094,493252
2025-02-13 16:25:00+01:00,237.42999267578125,238.02999877929688,237.39999389648438,237.8800048828125,474544
2025-02-13 16:30:00+01:00,237.89599609375,238.1999969482422,237.72999572753906,238.13999938964844,378864
2025-02-13 16:35:00+01:00,238.14999389648438,238.50999450683594,238.1300048828125,238.36000061035156,481330
2025-02-13 16:40:00+01:00,238.3773956298828,239.02999877929688,238.3773956298828,238.99000549316406,543794
2025-02-13 16:45:00+01:00,239.00990295410156,239.4199981689453,238.9499969482422,239.0399932861328,696051
2025-02-13 16:50:00+01:00,239.02000427246094,239.25999450683594,238.77000427246094,239.2299041748047,427343
2025-02-13 16:55:00+01:00,239.1999969482422,239.50999450683594,238.88999938964844,239.2801055908203,585794
2025-02-13 17:00:00+01:00,239.27999877929688,239.7198944091797,239.1199951171875,239.6999969482422,601803
2025-02-13 17:05:00+01:00,239.69720458984375,241.1842041015625,239.67999267578125,240.860107421875,2779944
2025-02-13 17:10:00+01:00,240.86000061035156,241.3000030517578,240.70010375976562,241.125,766793
2025-02-13 17:15:00+01:00,241.0800018310547,241.39999389648438,240.80999755859375,241.38999938964844,518704
2025-02-13 17:20:00+01:00,241.38999938964844,241.42999267578125,240.67999267578125,241.0500030517578,556742
2025-02-13 17:25:00+01:00,241.0579071044922,241.1699981689453,240.36000061035156,240.47999572753906,605870
2025-02-13 17:30:00+01:00,240.49029541015625,240.75,239.9499969482422,240.61000061035156,593573
2025-02-13 17:35:00+01:00,240.6300048828125,240.63999938964844,239.82000732421875,239.8699951171875,363539
2025-02-13 17:40:00+01:00,239.89999389648438,240.25,239.86000061035156,240.0800018310547,486816
2025-02-13 17:45:00+01:00,240.0850067138672,240.4774932861328,240.06570434570312,240.29989624023438,182550
2025-02-13 17:50:00+01:00,240.28500366210938,240.52999877929688,240.08999633789062,240.22000122070312,289509
2025-02-13 17:55:00+01:00,240.24000549316406,240.55999755859375,240.14999389648438,240.38999938964844,362220
2025-02-13 18:00:00+01:00,240.4199981689453,240.75,240.3094024658203,240.6999969482422,369702
2025-02-13 18:05:00+01:00,240.69009399414062,240.83999633789062,240.52000427246094,240.58999633789062,318580
2025-02-13 18:10:00+01:00,240.59869384765625,240.64340209960938,240.0709991455078,240.43499755859375,233260
2025-02-13 18:15:00+01:00,240.44000244140625,240.5800018310547,240.33999633789062,240.3699951171875,241372
2025-02-13 18:20:00+01:00,240.36500549316406,240.5399932861328,240.33999633789062,240.4199981689453,195148
2025-02-13 18:25:00+01:00,240.4149932861328,240.47999572753906,240.26499938964844,240.34500122070312,157982
2025-02-13 18:30:00+01:00,240.3498992919922,240.47999572753906,240.19000244140625,240.47999572753906,179639
2025-02-13 18:35:00+01:00,240.49130249023438,240.53500366210938,240.33999633789062,240.3800048828125,172451
2025-02-13 18:40:00+01:00,240.4075927734375,240.66000366210938,240.38999938964844,240.52999877929688,217220
2025-02-13 18:45:00+01:00,240.57000732421875,240.97999572753906,240.57000732421875,240.9499969482422,359570
2025-02-13 18:50:00+01:00,240.9488067626953,241.1300048828125,240.89500427246094,241.08059692382812,363183
2025-02-13 18:55:00+01:00,241.07919311523438,241.14999389648438,240.5800018310547,240.68910217285156,295223
2025-02-13 19:00:00+01:00,240.67999267578125,241.13999938964844,240.3800048828125,241.13999938964844,283058
2025-02-13 19:05:00+01:00,241.1300048828125,241.27000427246094,240.89999389648438,241.1324005126953,311365
2025-02-13 19:10:00+01:00,241.1300048828125,241.35000610351562,241.05999755859375,241.17999267578125,258693
2025-02-13 19:15:00+01:00,241.1699981689453,241.1999969482422,240.3000030517578,240.64500427246094,318999
2025-02-13 19:20:00+01:00,240.6300048828125,241.22000122070312,240.4949951171875,241.15499877929688,194730
2025-02-13 19:25:00+01:00,241.13999938964844,241.35000610351562,241.01980590820312,241.02999877929688,234849
2025-02-13 19:30:00+01:00,241.0399932861328,241.1898956298828,240.89999389648438,241.02000427246094,188296
2025-02-13 19:35:00+01:00,240.97000122070312,241.0699005126953,240.85000610351562,241.02000427246094,228845
2025-02-13 19:40:00+01:00,241.0500030517578,241.13999938964844,240.52999877929688,241.0,439434
2025-02-13 19:45:00+01:00,240.97999572753906,241.2198944091797,240.8000030517578,241.1531982421875,273452
2025-02-13 19:50:00+01:00,241.14999389648438,241.35000610351562,240.85000610351562,241.27999877929688,467279
2025-02-13 19:55:00+01:00,241.3000030517578,241.60000610351562,241.1699981689453,241.59500122070312,264863
2025-02-13 20:00:00+01:00,241.5850067138672,241.63999938964844,241.38999938964844,241.58999633789062,293838
2025-02-13 20:05:00+01:00,241.595703125,241.74000549316406,241.39999389648438,241.6602020263672,262634
2025-02-13 20:10:00+01:00,241.6699981689453,241.8800048828125,241.6699981689453,241.78500366210938,363325
2025-02-13 20:15:00+01:00,241.78500366210938,242.07000732421875,241.60499572753906,241.875,450383
2025-02-13 20:20:00+01:00,241.8800048828125,241.97999572753906,241.61000061035156,241.67999267578125,300232
2025-02-13 20:25:00+01:00,241.6699981689453,241.89999389648438,241.5500030517578,241.7698974609375,229416
2025-02-13 20:30:00+01:00,241.75010681152344,241.9199981689453,241.58999633789062,241.8699951171875,190581
2025-02-13 20:35:00+01:00,241.8699951171875,242.0800018310547,241.8000030517578,241.80999755859375,284807
2025-02-13 20:40:00+01:00,241.82000732421875,241.9600067138672,241.66000366210938,241.82000732421875,219766
2025-02-13 20:45:00+01:00,241.80999755859375,241.94000244140625,241.72500610351562,241.89999389648438,183111
2025-02-13 20:50:00+01:00,241.9084014892578,242.2366943359375,241.89500427246094,242.21499633789062,372761
2025-02-13 20:55:00+01:00,242.22999572753906,242.33990478515625,242.02999877929688,242.22000122070312,394325
2025-02-13 21:00:00+01:00,242.22000122070312,242.23060607910156,242.0,242.0800018310547,278285
2025-02-13 21:05:00+01:00,242.07000732421875,242.1300048828125,241.9001007080078,241.97000122070312,294789
2025-02-13 21:10:00+01:00,241.99110412597656,242.00999450683594,241.69000244140625,241.77000427246094,326671
2025-02-13 21:15:00+01:00,241.77059936523438,241.88059997558594,241.50999450683594,241.8699951171875,372822
2025-02-13 21:20:00+01:00,241.8699951171875,242.0,241.4210968017578,241.43980407714844,399252
2025-02-13 21:25:00+01:00,241.43710327148438,241.72999572753906,241.25999450683594,241.5449981689453,387616
2025-02-13 21:30:00+01:00,241.5449981689453,241.5449981689453,241.1999969482422,241.33990478515625,373054
2025-02-13 21:35:00+01:00,241.33999633789062,241.47000122070312,241.24000549316406,241.41000366210938,287184
2025-02-13 21:40:00+01:00,241.4199981689453,241.47999572753906,241.02000427246094,241.22000122070312,420440
2025-02-13 21:45:00+01:00,241.22349548339844,241.61929321289062,241.08999633789062,241.5800018310547,483763
2025-02-13 21:50:00+01:00,241.57000732421875,241.7689971923828,241.1199951171875,241.33999633789062,940101
2025-02-13 21:55:00+01:00,241.3000030517578,241.66000366210938,241.00999450683594,241.52000427246094,1752840
2025-02-14 15:30:00+01:00,241.07000732421875,243.0,241.0,242.67999267578125,2608694
2025-02-14 15:35:00+01:00,242.6999969482422,243.54429626464844,242.30999755859375,243.40499877929688,1096946
2025-02-14 15:40:00+01:00,243.4199981689453,243.74000549316406,242.9199981689453,243.5800018310547,993581
2025-02-14 15:45:00+01:00,243.5800018310547,244.05999755859375,243.3000030517578,243.82000732421875,924407
2025-02-14 15:50:00+01:00,243.7899932861328,244.11000061035156,243.50999450683594,243.65499877929688,563663
2025-02-14 15:55:00+01:00,243.65499877929688,244.4199981689453,243.64059448242188,244.32000732421875,682890
2025-02-14 16:00:00+01:00,244.30999755859375,244.5,243.85000610351562,244.2707061767578,725274
2025-02-14 16:05:00+01:00,244.27499389648438,244.89999389648438,244.27000427246094,244.86000061035156,986728
2025-02-14 16:10:00+01:00,244.85000610351562,245.0500030517578,244.5,244.6199951171875,1092519
2025-02-14 16:15:00+01:00,244.64990234375,244.8800048828125,244.26010131835938,244.2779998779297,578180
2025-02-14 16:20:00+01:00,244.27999877929688,244.64999389648438,244.0500030517578,244.40060424804688,542272
2025-02-14 16:25:00+01:00,244.4199981689453,244.47000122070312,244.0500030517578,244.3800048828125,491497
2025-02-14 16:30:00+01:00,244.3800048828125,244.3800048828125,243.6999969482422,243.7449951171875,623759
2025-02-14 16:35:00+01:00,243.8000030517578,244.14999389648438,243.17999267578125,244.05999755859375,672793
2025-02-14 16:40:00+01:00,244.05499267578125,244.11880493164062,243.556396484375,243.69000244140625,494361
2025-02-14 16:45:00+01:00,243.69500732421875,243.9199981689453,243.34500122070312,243.72000122070312,364358
2025-02-14 16:50:00+01:00,243.72000122070312,243.8249969482422,243.33999633789062,243.41799926757812,342122
2025-02-14 16:55:00+01:00,243.3800048828125,244.3000030517578,243.32000732421875,244.27999877929688,550305
2025-02-14 17:00:00+01:00,244.27999877929688,244.31500244140625,243.89999389648438,243.97479248046875,259932
2025-02-14 17:05:00+01:00,243.9633026123047,244.14999389648438,243.8300018310547,243.96499633789062,354180
2025-02-14 17:10:00+01:00,243.97000122070312,244.25,243.8300018310547,243.88499450683594,347051
2025-02-14 17:15:00+01:00,243.89999389648438,244.01080322265625,243.36920166015625,243.47000122070312,300722
2025-02-14 17:20:00+01:00,243.4550018310547,243.5399932861328,243.16000366210938,243.4499969482422,318004
2025-02-14 17:25:00+01:00,243.42959594726562,244.0,243.38999938964844,243.94500732421875,295834
2025-02-14 17:30:00+01:00,243.94000244140625,244.0,243.71060180664062,243.92999267578125,344004
2025-02-14 17:35:00+01:00,243.92999267578125,243.97999572753906,243.75999450683594,243.9199981689453,182201
2025-02-14 17:40:00+01:00,243.9199981689453,244.11500549316406,243.85499572753906,244.0644989013672,960646
2025-02-14 17:45:00+01:00,244.06520080566406,244.41000366210938,243.92999267578125,244.03500366210938,354692
2025-02-14 17:50:00+01:00,244.0500030517578,244.4199981689453,244.02000427246094,244.3800048828125,290968
2025-02-14 17:55:00+01:00,244.3699951171875,244.44000244140625,244.24000549316406,244.3800048828125,243681
2025-02-14 18:00:00+01:00,244.3699951171875,244.44000244140625,244.19500732421875,244.28500366210938,228932
2025-02-14 18:05:00+01:00,244.2899932861328,244.32000732421875,243.91209411621094,243.9499969482422,182867
2025-02-14 18:10:00+01:00,243.9315948486328,244.02999877929688,243.69000244140625,243.88999938964844,291243
2025-02-14 18:15:00+01:00,243.89999389648438,244.44000244140625,243.89500427246094,244.39999389648438,578306
2025-02-14 18:20:00+01:00,244.4149932861328,244.52999877929688,244.08999633789062,244.1649932861328,265910
2025-02-14 18:25:00+01:00,244.1649932861328,244.17999267578125,243.79010009765625,243.81520080566406,254801
2025-02-14 18:30:00+01:00,243.8249969482422,243.8697052001953,243.52000427246094,243.5399932861328,208424
2025-02-14 18:35:00+01:00,243.52999877929688,243.75,243.5,243.64999389648438,396258
2025-02-14 18:40:00+01:00,243.61729431152344,243.69790649414062,243.33999633789062,243.42999267578125,225084
2025-02-14 18:45:00+01:00,243.4499969482422,243.69000244140625,243.34500122070312,243.64999389648438,181890
2025-02-14 18:50:00+01:00,243.62030029296875,243.97000122070312,243.62030029296875,243.92999267578125,233745
2025-02-14 18:55:00+01:00,243.92999267578125,244.00990295410156,243.72999572753906,243.91000366210938,225581
2025-02-14 19:00:00+01:00,243.9149932861328,244.05999755859375,243.8300018310547,244.05999755859375,152288
2025-02-14 19:05:00+01:00,244.05059814453125,244.3000030517578,243.9409942626953,244.2899932861328,175347
2025-02-14 19:10:00+01:00,244.2899932861328,244.30999755859375,243.94320678710938,244.0,183042
2025-02-14 19:15:00+01:00,243.98460388183594,244.17999267578125,243.93020629882812,244.1300048828125,179538
2025-02-14 19:20:00+01:00,244.13499450683594,244.22999572753906,244.05099487304688,244.1699981689453,124275
2025-02-14 19:25:00+01:00,244.17999267578125,244.17999267578125,243.80999755859375,243.99989318847656,140516
2025-02-14 19:30:00+01:00,243.97999572753906,244.4199981689453,243.97999572753906,244.39500427246094,173090
2025-02-14 19:35:00+01:00,244.39999389648438,244.47000122070312,244.1999969482422,244.2899932861328,153237
2025-02-14 19:40:00+01:00,244.2978973388672,244.3800048828125,244.22999572753906,244.36000061035156,132795
2025-02-14 19:45:00+01:00,244.36000061035156,244.5399932861328,244.27999877929688,244.39999389648438,226168
2025-02-14 19:50:00+01:00,244.39999389648438,244.44020080566406,244.08999633789062,244.2899932861328,147964
2025-02-14 19:55:00+01:00,244.27999877929688,244.32789611816406,244.0800018310547,244.16000366210938,138782
2025-02-14 20:00:00+01:00,244.1602020263672,244.24000549316406,244.07000732421875,244.08999633789062,143993
2025-02-14 20:05:00+01:00,244.07049560546875,244.2100067138672,243.97999572753906,244.0861053466797,160327
2025-02-14 20:10:00+01:00,244.0800018310547,244.3000030517578,244.0800018310547,244.28610229492188,204772
2025-02-14 20:15:00+01:00,244.28500366210938,244.28500366210938,243.97000122070312,244.0800018310547,146973
2025-02-14 20:20:00+01:00,244.0738067626953,244.1649932861328,243.94000244140625,244.08999633789062,164614
2025-02-14 20:25:00+01:00,244.08999633789062,244.1699981689453,244.00010681152344,244.14999389648438,186086
2025-02-14 20:30:00+01:00,244.139892578125,244.33999633789062,244.12359619140625,244.2100067138672,202315
2025-02-14 20:35:00+01:00,244.2156982421875,244.32000732421875,244.125,244.30999755859375,136227
2025-02-14 20:40:00+01:00,244.32000732421875,244.3699951171875,244.1999969482422,244.25,151097
2025-02-14 20:45:00+01:00,244.26199340820312,244.28500366210938,244.0749969482422,244.11000061035156,158542
2025-02-14 20:50:00+01:00,244.10499572753906,244.3000030517578,244.0,244.24000549316406,181107
2025-02-14 20:55:00+01:00,244.2200927734375,244.2899932861328,244.16000366210938,244.26829528808594,151404
2025-02-14 21:00:00+01:00,244.25999450683594,244.25999450683594,243.92999267578125,244.15499877929688,335498
2025-02-14 21:05:00+01:00,244.16000366210938,244.17999267578125,243.91009521484375,244.14999389648438,187041
2025-02-14 21:10:00+01:00,244.14100646972656,244.16000366210938,243.99000549316406,244.13999938964844,186918
2025-02-14 21:15:00+01:00,244.14999389648438,244.24000549316406,243.96080017089844,244.1488037109375,266157
2025-02-14 21:20:00+01:00,244.14869689941406,244.23890686035156,244.11000061035156,244.17999267578125,238457
2025-02-14 21:25:00+01:00,244.1750030517578,244.25,244.0500030517578,244.10000610351562,233057
2025-02-14 21:30:00+01:00,244.0800018310547,244.33999633789062,243.91000366210938,244.30340576171875,370503
2025-02-14 21:35:00+01:00,244.30999755859375,244.36669921875,244.14999389648438,244.2700958251953,396120
2025-02-14 21:40:00+01:00,244.27999877929688,244.3800048828125,244.0500030517578,244.30999755859375,367954
2025-02-14 21:45:00+01:00,244.30360412597656,244.3800048828125,244.2100067138672,244.32000732421875,406058
2025-02-14 21:50:00+01:00,244.32000732421875,245.41000366210938,244.25,245.02999877929688,1392205
2025-02-14 21:55:00+01:00,245.0399932861328,245.11000061035156,244.50999450683594,244.57000732421875,1949568
