Datetime,Open,High,Low,Close,Volume
2025-01-02 15:30:00+01:00,589.60498046875,593.5399780273438,589.1099853515625,589.9299926757812,546934
2025-01-02 15:35:00+01:00,590.1881713867188,590.1881713867188,587.8200073242188,588.4000244140625,252846
2025-01-02 15:40:00+01:00,588.4099731445312,590.280029296875,588.4099731445312,590.1400146484375,188634
2025-01-02 15:45:00+01:00,590.1799926757812,593.9000244140625,589.8900146484375,593.8599853515625,205984
2025-01-02 15:50:00+01:00,593.969970703125,596.478271484375,593.6201171875,595.9099731445312,321144
2025-01-02 15:55:00+01:00,596.260009765625,598.4600219726562,595.8839721679688,598.28759765625,221903
2025-01-02 16:00:00+01:00,598.510009765625,602.0,598.0,601.989990234375,290609
2025-01-02 16:05:00+01:00,601.8300170898438,603.7745971679688,601.5401000976562,602.0900268554688,249056
2025-01-02 16:10:00+01:00,602.030029296875,604.8034057617188,601.75,603.4199829101562,267566
2025-01-02 16:15:00+01:00,603.5499877929688,604.9099731445312,602.1300048828125,603.2999877929688,300682
2025-01-02 16:20:00+01:00,603.1300048828125,603.8699951171875,598.0999755859375,598.9849853515625,313942
2025-01-02 16:25:00+01:00,598.6799926757812,600.989990234375,598.6699829101562,599.1649780273438,152257
2025-01-02 16:30:00+01:00,599.0399780273438,599.1380004882812,597.3200073242188,598.1400146484375,166502
2025-01-02 16:35:00+01:00,598.2465209960938,600.3599853515625,597.1799926757812,599.0349731445312,141404
2025-01-02 16:40:00+01:00,598.8200073242188,599.4600219726562,597.2012939453125,597.7150268554688,115340
2025-01-02 16:45:00+01:00,597.530029296875,599.6799926757812,596.1400146484375,599.4949951171875,134923
2025-01-02 16:50:00+01:00,599.3400268554688,600.2899780273438,597.9130249023438,599.760009765625,122802
2025-01-02 16:55:00+01:00,599.6799926757812,599.69970703125,598.47900390625,598.7100219726562,106226
2025-01-02 17:00:00+01:00,598.7100219726562,599.1500244140625,596.0300903320312,596.7000122070312,99041
2025-01-02 17:05:00+01:00,596.6500244140625,598.2999877929688,596.3817749023438,598.2473754882812,162294
2025-01-02 17:10:00+01:00,598.389892578125,599.0,597.4000244140625,598.2614135742188,104636
2025-01-02 17:15:00+01:00,598.5999145507812,598.5999145507812,597.6152954101562,598.25,69860
2025-01-02 17:20:00+01:00,598.5499267578125,599.47998046875,596.6799926757812,599.127197265625,128239
2025-01-02 17:25:00+01:00,598.9500122070312,599.5,598.2612915039062,598.27001953125,49304
2025-01-02 17:30:00+01:00,598.25,598.9896850585938,597.8070068359375,598.610107421875,55751
2025-01-02 17:35:00+01:00,598.9099731445312,599.3699951171875,598.030029296875,598.760009765625,86929
2025-01-02 17:40:00+01:00,598.5399780273438,600.4000244140625,598.4450073242188,599.280029296875,85404
2025-01-02 17:45:00+01:00,599.4450073242188,601.280029296875,599.3499755859375,600.9400024414062,187849
2025-01-02 17:50:00+01:00,600.9099731445312,601.10498046875,599.0,599.2813720703125,85138
2025-01-02 17:55:00+01:00,599.3599853515625,600.7799072265625,599.3599853515625,600.3265991210938,56886
2025-01-02 18:00:00+01:00,600.4349975585938,600.6400146484375,599.2100219726562,600.5650024414062,71079
2025-01-02 18:05:00+01:00,600.5322875976562,600.7949829101562,599.25,599.7550048828125,68756
2025-01-02 18:10:00+01:00,599.77001953125,601.3699951171875,599.7670288085938,601.0,82275
2025-01-02 18:15:00+01:00,600.7999877929688,600.9168701171875,599.72998046875,599.97998046875,49019
2025-01-02 18:20:00+01:00,599.9199829101562,599.9199829101562,598.2999877929688,598.5,57704
2025-01-02 18:25:00+01:00,598.4349975585938,598.4349975585938,594.6099853515625,595.0250244140625,157070
2025-01-02 18:30:00+01:00,594.6900024414062,594.780029296875,593.1998901367188,594.1400146484375,130144
2025-01-02 18:35:00+01:00,594.2100219726562,594.75,591.5,591.969970703125,94009
2025-01-02 18:40:00+01:00,591.7100219726562,592.6599731445312,590.537109375,591.06787109375,94619
2025-01-02 18:45:00+01:00,591.22998046875,591.2999877929688,589.5399780273438,589.77001953125,112216
2025-01-02 18:50:00+01:00,589.510009765625,591.893310546875,589.0,590.8599853515625,126054
2025-01-02 18:55:00+01:00,591.489990234375,592.2100219726562,590.6300048828125,591.5454711914062,95800
2025-01-02 19:00:00+01:00,591.5399780273438,591.5399780273438,589.1500244140625,589.219970703125,105127
2025-01-02 19:05:00+01:00,589.219970703125,592.739990234375,589.219970703125,592.1500244140625,75643
2025-01-02 19:10:00+01:00,592.0,592.1500244140625,590.4500122070312,591.2359008789062,60041
2025-01-02 19:15:00+01:00,591.4849853515625,591.510009765625,590.0200805664062,591.344970703125,57278
2025-01-02 19:20:00+01:00,591.280029296875,592.510009765625,591.010009765625,591.6420288085938,143424
2025-01-02 19:25:00+01:00,591.6799926757812,593.0499877929688,591.2999877929688,593.0499877929688,33982
2025-01-02 19:30:00+01:00,592.9099731445312,592.9099731445312,590.3499755859375,590.6099853515625,57225
2025-01-02 19:35:00+01:00,590.5999755859375,592.1900024414062,590.1099853515625,591.489990234375,56130
2025-01-02 19:40:00+01:00,591.5499877929688,593.22998046875,590.964111328125,593.22998046875,62108
2025-01-02 19:45:00+01:00,593.0,593.593994140625,592.030029296875,592.4099731445312,82290
2025-01-02 19:50:00+01:00,592.7100219726562,592.760009765625,591.2899780273438,591.5250244140625,50060
2025-01-02 19:55:00+01:00,591.5999755859375,593.6599731445312,591.5999755859375,593.6599731445312,65810
2025-01-02 20:00:00+01:00,593.4199829101562,594.8311157226562,593.0,594.8311157226562,66278
2025-01-02 20:05:00+01:00,594.8497924804688,595.5130004882812,594.025390625,594.5800170898438,85139
2025-01-02 20:10:00+01:00,594.8900146484375,594.9099731445312,594.0,594.2000122070312,46578
2025-01-02 20:15:00+01:00,594.4600219726562,595.1500244140625,594.0286865234375,594.5449829101562,42587
2025-01-02 20:20:00+01:00,594.8200073242188,596.0900268554688,594.47998046875,596.0800170898438,63404
2025-01-02 20:25:00+01:00,595.97998046875,596.239990234375,595.1060180664062,595.7125244140625,63989
2025-01-02 20:30:00+01:00,595.677490234375,596.1300048828125,594.9246215820312,595.405029296875,57456
2025-01-02 20:35:00+01:00,595.3300170898438,595.399169921875,594.5487060546875,594.9000244140625,56876
2025-01-02 20:40:00+01:00,594.8599853515625,595.6536254882812,594.6680908203125,595.1300048828125,44534
2025-01-02 20:45:00+01:00,595.2100219726562,596.6699829101562,594.3900146484375,595.9949951171875,113973
2025-01-02 20:50:00+01:00,596.0800170898438,596.5999755859375,595.625,596.0399780273438,45664
2025-01-02 20:55:00+01:00,595.989990234375,595.989990234375,593.6911010742188,593.6911010742188,43653
2025-01-02 21:00:00+01:00,594.0579833984375,596.2000122070312,593.8200073242188,596.2000122070312,55539
2025-01-02 21:05:00+01:00,596.02001953125,596.23291015625,595.47998046875,595.8400268554688,50046
2025-01-02 21:10:00+01:00,595.8400268554688,597.2999877929688,595.7100219726562,596.905029296875,83106
2025-01-02 21:15:00+01:00,596.7999877929688,596.8972778320312,596.2352294921875,596.6099853515625,64854
2025-01-02 21:20:00+01:00,596.6199951171875,597.0474853515625,596.0700073242188,596.7498168945312,57294
2025-01-02 21:25:00+01:00,596.765380859375,596.969970703125,596.0125122070312,596.3715209960938,64607
2025-01-02 21:30:00+01:00,596.510009765625,597.7523803710938,596.030029296875,596.9299926757812,81453
2025-01-02 21:35:00+01:00,596.9600219726562,596.9600219726562,595.622314453125,595.7899780273438,71460
2025-01-02 21:40:00+01:00,595.85498046875,596.9600219726562,595.8049926757812,596.530029296875,111005
2025-01-02 21:45:00+01:00,596.6500244140625,598.260009765625,596.47998046875,597.3099975585938,120703
2025-01-02 21:50:00+01:00,597.47998046875,598.2435302734375,597.3400268554688,597.530029296875,151527
2025-01-02 21:55:00+01:00,597.4199829101562,599.6099853515625,597.25,599.1300048828125,717779
2025-01-03 15:30:00+01:00,604.8350219726562,607.27001953125,603.4099731445312,606.4149780273438,951111
2025-01-03 15:35:00+01:00,606.510009765625,608.5618896484375,605.380126953125,608.469970703125,270073
2025-01-03 15:40:00+01:00,608.5900268554688,609.5,607.0,608.4299926757812,241122
2025-01-03 15:45:00+01:00,608.47998046875,608.7000122070312,603.7368774414062,604.7022094726562,247867
2025-01-03 15:50:00+01:00,604.719970703125,605.530029296875,602.0,602.9542236328125,210135
2025-01-03 15:55:00+01:00,603.010009765625,604.3853759765625,602.4000244140625,603.3499755859375,176824
2025-01-03 16:00:00+01:00,603.27001953125,604.1900024414062,600.2459106445312,604.0250244140625,195453
2025-01-03 16:05:00+01:00,604.0399780273438,604.5650024414062,602.5,602.9739990234375,123504
2025-01-03 16:10:00+01:00,602.9600219726562,603.0499877929688,599.4000854492188,600.39501953125,201576
2025-01-03 16:15:00+01:00,600.1257934570312,600.8699951171875,598.8046875,599.4022827148438,134474
2025-01-03 16:20:00+01:00,599.780029296875,599.7999877929688,597.0100708007812,599.5700073242188,207903
2025-01-03 16:25:00+01:00,599.47900390625,600.1699829101562,598.7476196289062,599.2999877929688,102094
2025-01-03 16:30:00+01:00,599.3599853515625,599.4998779296875,597.5999755859375,599.447998046875,116203
2025-01-03 16:35:00+01:00,599.2492065429688,600.0,597.7999877929688,598.2899780273438,109501
2025-01-03 16:40:00+01:00,598.6298828125,600.0,598.2081298828125,599.3300170898438,105374
2025-01-03 16:45:00+01:00,599.4500122070312,600.0,599.0,599.2550048828125,68989
2025-01-03 16:50:00+01:00,599.0900268554688,599.39501953125,597.5,597.98681640625,69535
2025-01-03 16:55:00+01:00,597.905029296875,598.9299926757812,597.52001953125,598.2943115234375,99959
2025-01-03 17:00:00+01:00,598.4500122070312,599.3900146484375,597.760009765625,599.1688842773438,81966
2025-01-03 17:05:00+01:00,599.2100219726562,599.4199829101562,597.7000122070312,597.7000122070312,71332
2025-01-03 17:10:00+01:00,597.8099975585938,597.9400024414062,596.72998046875,597.6699829101562,89934
2025-01-03 17:15:00+01:00,597.25,597.52001953125,596.41357421875,597.4099731445312,72780
2025-01-03 17:20:00+01:00,597.489990234375,598.0,596.8300170898438,597.8699951171875,74218
2025-01-03 17:25:00+01:00,597.75,598.7487182617188,597.7000732421875,598.5250244140625,110708
2025-01-03 17:30:00+01:00,598.3699951171875,599.9099731445312,598.1973266601562,599.7899780273438,103774
2025-01-03 17:35:00+01:00,599.8599853515625,600.6599731445312,599.10009765625,600.0567016601562,126133
2025-01-03 17:40:00+01:00,600.2100219726562,601.5499877929688,600.0,601.1099853515625,119511
2025-01-03 17:45:00+01:00,601.1500244140625,601.97998046875,600.9000244140625,601.760009765625,110148
2025-01-03 17:50:00+01:00,601.7650146484375,602.0999755859375,601.1599731445312,601.6950073242188,90302
2025-01-03 17:55:00+01:00,601.6500244140625,601.8350219726562,600.6209106445312,600.8699951171875,82351
2025-01-03 18:00:00+01:00,600.7949829101562,601.64990234375,600.7949829101562,601.5,51728
2025-01-03 18:05:00+01:00,601.5900268554688,602.0999755859375,601.3101196289062,601.3101196289062,59698
2025-01-03 18:10:00+01:00,601.375,601.780029296875,600.9702758789062,600.9749755859375,54368
2025-01-03 18:15:00+01:00,600.9199829101562,601.5999755859375,600.3499755859375,600.469970703125,94388
2025-01-03 18:20:00+01:00,600.6199951171875,601.780029296875,600.5900268554688,601.6500244140625,55993
2025-01-03 18:25:00+01:00,601.8400268554688,603.3798828125,601.6699829101562,602.7559814453125,147927
2025-01-03 18:30:00+01:00,602.6901245117188,603.1959838867188,601.72998046875,602.280029296875,64530
2025-01-03 18:35:00+01:00,602.4224243164062,602.825927734375,602.0399780273438,602.0499877929688,46064
2025-01-03 18:40:00+01:00,602.135009765625,602.8298950195312,602.0560302734375,602.6279907226562,51518
2025-01-03 18:45:00+01:00,602.6400146484375,603.3200073242188,602.5377197265625,603.25,49521
2025-01-03 18:50:00+01:00,603.3400268554688,604.4932861328125,603.3400268554688,604.369873046875,148033
2025-01-03 18:55:00+01:00,604.239990234375,604.239990234375,603.6201171875,603.8400268554688,64756
2025-01-03 19:00:00+01:00,604.0098876953125,604.3900146484375,603.47998046875,604.0220947265625,71571
2025-01-03 19:05:00+01:00,603.9749755859375,604.2899780273438,603.77392578125,604.0800170898438,103551
2025-01-03 19:10:00+01:00,604.010009765625,604.5999755859375,603.7999877929688,604.0725708007812,61996
2025-01-03 19:15:00+01:00,604.010009765625,605.2000122070312,603.5700073242188,604.9299926757812,105936
2025-01-03 19:20:00+01:00,604.885009765625,605.7000122070312,604.75,604.8350219726562,114670
2025-01-03 19:25:00+01:00,604.885009765625,605.4464111328125,604.5700073242188,605.2650146484375,58213
2025-01-03 19:30:00+01:00,605.1298828125,605.3599243164062,604.8900146484375,605.3599243164062,77471
2025-01-03 19:35:00+01:00,605.1737060546875,605.8400268554688,604.8599853515625,605.6799926757812,88259
2025-01-03 19:40:00+01:00,605.77001953125,606.0,605.27001953125,605.5050048828125,60989
2025-01-03 19:45:00+01:00,605.4299926757812,605.760009765625,604.9157104492188,605.3699951171875,51641
2025-01-03 19:50:00+01:00,605.2000122070312,605.2349853515625,604.409912109375,604.5250244140625,41053
2025-01-03 19:55:00+01:00,604.594970703125,604.6900024414062,603.5800170898438,603.9099731445312,76986
2025-01-03 20:00:00+01:00,603.5800170898438,605.02001953125,603.530029296875,604.780029296875,64095
2025-01-03 20:05:00+01:00,604.780029296875,604.9461059570312,604.2169799804688,604.3670043945312,47193
2025-01-03 20:10:00+01:00,604.3599853515625,604.9990234375,604.0999755859375,604.9600219726562,50386
2025-01-03 20:15:00+01:00,604.9249877929688,605.25,604.760009765625,605.1201171875,66956
2025-01-03 20:20:00+01:00,605.1849975585938,605.2999877929688,604.5700073242188,604.6300048828125,41007
2025-01-03 20:25:00+01:00,604.739990234375,605.0700073242188,604.52001953125,605.0,45108
2025-01-03 20:30:00+01:00,604.9301147460938,605.1799926757812,604.77001953125,605.0999755859375,30845
2025-01-03 20:35:00+01:00,605.10498046875,605.9099731445312,605.0825805664062,605.9099731445312,41987
2025-01-03 20:40:00+01:00,605.8800048828125,606.2299194335938,605.7340087890625,606.125,70099
2025-01-03 20:45:00+01:00,606.05029296875,606.5,605.97998046875,606.2449951171875,76330
2025-01-03 20:50:00+01:00,606.2449951171875,606.280029296875,605.8300170898438,606.0482177734375,52965
2025-01-03 20:55:00+01:00,605.9564208984375,606.0,605.5928955078125,605.7512817382812,32211
2025-01-03 21:00:00+01:00,605.75,605.760009765625,604.3104248046875,604.4000244140625,63558
2025-01-03 21:05:00+01:00,604.344970703125,605.0,604.2899780273438,604.4099731445312,97314
2025-01-03 21:10:00+01:00,604.4000244140625,604.4000244140625,603.7536010742188,603.97998046875,63465
2025-01-03 21:15:00+01:00,603.8800048828125,604.0698852539062,603.6500854492188,603.8619995117188,59386
2025-01-03 21:20:00+01:00,603.8400268554688,604.0399780273438,603.3701171875,603.4400024414062,54619
2025-01-03 21:25:00+01:00,603.4400024414062,603.8200073242188,603.2349853515625,603.5750122070312,55978
2025-01-03 21:30:00+01:00,603.4301147460938,603.5999755859375,602.8300170898438,603.2299194335938,68618
2025-01-03 21:35:00+01:00,603.1220092773438,603.9699096679688,602.8643188476562,603.6300048828125,76518
2025-01-03 21:40:00+01:00,603.6300048828125,603.8198852539062,603.469970703125,603.469970703125,71068
2025-01-03 21:45:00+01:00,603.5349731445312,603.77001953125,603.22998046875,603.510009765625,76702
2025-01-03 21:50:00+01:00,603.3400268554688,604.75,603.030029296875,604.14501953125,141515
2025-01-03 21:55:00+01:00,604.1300048828125,605.0,604.10498046875,604.4600219726562,332309
2025-01-06 15:30:00+01:00,612.0,614.75,610.3900146484375,613.2750244140625,1040491
2025-01-06 15:35:00+01:00,613.75,614.2349853515625,610.75,611.4577026367188,182412
2025-01-06 15:40:00+01:00,611.6599731445312,613.989990234375,611.2205200195312,612.5700073242188,215980
2025-01-06 15:45:00+01:00,612.655029296875,613.5499877929688,612.1099853515625,612.760009765625,121403
2025-01-06 15:50:00+01:00,612.8599853515625,613.1300048828125,610.010009765625,611.0072021484375,170477
2025-01-06 15:55:00+01:00,611.010009765625,611.813720703125,608.4359741210938,608.9749755859375,163661
2025-01-06 16:00:00+01:00,608.9749755859375,609.25,607.5399780273438,608.592529296875,187254
2025-01-06 16:05:00+01:00,608.6356201171875,608.72998046875,607.8001098632812,607.969970703125,148487
2025-01-06 16:10:00+01:00,608.0599975585938,608.6699829101562,605.6199951171875,608.4199829101562,267506
2025-01-06 16:15:00+01:00,608.6640014648438,609.0999755859375,607.52001953125,608.39501953125,84034
2025-01-06 16:20:00+01:00,608.4299926757812,611.0,608.1300048828125,610.9000244140625,135558
2025-01-06 16:25:00+01:00,610.8499755859375,612.969970703125,610.7205810546875,612.530029296875,162424
2025-01-06 16:30:00+01:00,612.6799926757812,612.6900024414062,611.6456909179688,612.135009765625,90456
2025-01-06 16:35:00+01:00,612.2000122070312,613.8200073242188,611.52001953125,612.969970703125,118150
2025-01-06 16:40:00+01:00,613.14599609375,614.969970703125,613.030029296875,614.8300170898438,165057
2025-01-06 16:45:00+01:00,614.9600219726562,617.0499877929688,614.905029296875,617.0499877929688,242401
2025-01-06 16:50:00+01:00,617.08447265625,618.27001953125,616.6036987304688,617.9299926757812,272901
2025-01-06 16:55:00+01:00,617.760009765625,619.135009765625,617.0905151367188,618.530029296875,264585
2025-01-06 17:00:00+01:00,618.8099975585938,618.9932861328125,617.3400268554688,617.7210083007812,112799
2025-01-06 17:05:00+01:00,617.7000122070312,620.280029296875,617.469970703125,620.1699829101562,190705
2025-01-06 17:10:00+01:00,620.3599853515625,622.0,620.22998046875,622.0,238497
2025-01-06 17:15:00+01:00,621.9199829101562,622.6300048828125,621.1463012695312,621.6950073242188,162851
2025-01-06 17:20:00+01:00,621.77001953125,623.1099853515625,621.77001953125,622.9099731445312,123925
2025-01-06 17:25:00+01:00,622.9099731445312,623.9000244140625,622.5,622.94189453125,130524
2025-01-06 17:30:00+01:00,622.8300170898438,623.4000244140625,622.1300048828125,622.7349853515625,101860
2025-01-06 17:35:00+01:00,622.7449951171875,623.0,622.14501953125,622.7999877929688,114351
2025-01-06 17:40:00+01:00,622.739990234375,623.875,622.280029296875,622.4808959960938,139089
2025-01-06 17:45:00+01:00,622.4249877929688,622.4249877929688,620.7000122070312,621.1749877929688,187791
2025-01-06 17:50:00+01:00,621.1749877929688,622.0789794921875,621.0963134765625,621.27001953125,89892
2025-01-06 17:55:00+01:00,621.27001953125,621.6898803710938,619.9199829101562,620.9000244140625,433996
2025-01-06 18:00:00+01:00,620.9000244140625,620.97998046875,619.6229248046875,620.655029296875,136113
2025-01-06 18:05:00+01:00,620.5700073242188,620.6358032226562,619.635009765625,620.5349731445312,83851
2025-01-06 18:10:00+01:00,620.47998046875,620.6898803710938,619.5900268554688,619.7150268554688,83882
2025-01-06 18:15:00+01:00,619.8200073242188,620.780029296875,619.3099975585938,620.280029296875,116002
2025-01-06 18:20:00+01:00,620.1680297851562,621.0999755859375,620.1680297851562,620.9199829101562,67802
2025-01-06 18:25:00+01:00,620.7872924804688,622.3099975585938,620.3875122070312,622.1599731445312,83331
2025-01-06 18:30:00+01:00,622.0,623.2899780273438,621.97998046875,623.010009765625,121334
2025-01-06 18:35:00+01:00,623.1674194335938,624.0,622.27001953125,622.27001953125,154166
2025-01-06 18:40:00+01:00,622.3200073242188,622.5299072265625,621.3900146484375,621.3900146484375,91960
2025-01-06 18:45:00+01:00,621.3900146484375,622.6799926757812,620.9949951171875,622.280029296875,72719
2025-01-06 18:50:00+01:00,622.3200073242188,622.5900268554688,620.8400268554688,621.2100219726562,57747
2025-01-06 18:55:00+01:00,621.2899780273438,621.2899780273438,620.219970703125,620.3767700195312,57663
2025-01-06 19:00:00+01:00,620.219970703125,620.3499755859375,618.2689819335938,619.4400024414062,76785
2025-01-06 19:05:00+01:00,619.3099975585938,620.3699951171875,619.25,620.25,55308
2025-01-06 19:10:00+01:00,620.2987060546875,620.7949829101562,619.8699951171875,620.469970703125,64350
2025-01-06 19:15:00+01:00,620.469970703125,620.4749755859375,619.7650146484375,619.989990234375,53604
2025-01-06 19:20:00+01:00,619.9998779296875,620.889892578125,619.6400146484375,620.625,38938
2025-01-06 19:25:00+01:00,620.594970703125,621.4105834960938,620.594970703125,621.0679931640625,46848
2025-01-06 19:30:00+01:00,621.0,621.6799926757812,620.5488891601562,620.7550048828125,53544
2025-01-06 19:35:00+01:00,620.7550048828125,620.9447021484375,620.2125244140625,620.5800170898438,57782
2025-01-06 19:40:00+01:00,620.6599731445312,621.0676879882812,619.9796142578125,620.780029296875,61996
2025-01-06 19:45:00+01:00,620.7003784179688,620.956787109375,619.1900024414062,619.5900268554688,100972
2025-01-06 19:50:00+01:00,619.5700073242188,620.4799194335938,619.5499877929688,619.9949951171875,33394
2025-01-06 19:55:00+01:00,620.1500244140625,620.368408203125,618.9224853515625,619.0,78419
2025-01-06 20:00:00+01:00,619.1400146484375,619.4349975585938,618.2589721679688,619.25,107981
2025-01-06 20:05:00+01:00,619.260009765625,620.3400268554688,619.260009765625,620.0875244140625,61615
2025-01-06 20:10:00+01:00,620.0,620.8800048828125,619.9194946289062,620.6649780273438,53071
2025-01-06 20:15:00+01:00,620.5599975585938,621.0582275390625,620.5399780273438,620.6649780273438,40763
2025-01-06 20:20:00+01:00,620.6699829101562,621.0,620.3510131835938,620.5999755859375,36975
2025-01-06 20:25:00+01:00,620.469970703125,621.22998046875,620.0001220703125,620.844970703125,58745
2025-01-06 20:30:00+01:00,620.8712768554688,620.9000244140625,620.1680297851562,620.22998046875,67843
2025-01-06 20:35:00+01:00,620.25,620.6900024414062,620.1400756835938,620.5800170898438,62496
2025-01-06 20:40:00+01:00,620.5800170898438,620.9600219726562,620.1400756835938,620.6500244140625,51204
2025-01-06 20:45:00+01:00,620.6799926757812,621.8099975585938,620.5120849609375,621.6580810546875,60468
2025-01-06 20:50:00+01:00,621.6849975585938,622.25,621.635009765625,622.1420288085938,76330
2025-01-06 20:55:00+01:00,622.27001953125,622.378173828125,621.2000122070312,621.4600219726562,99745
2025-01-06 21:00:00+01:00,621.4650268554688,623.2822265625,621.1099853515625,623.1950073242188,119086
2025-01-06 21:05:00+01:00,623.2677001953125,623.7899169921875,622.9400024414062,623.5850219726562,110190
2025-01-06 21:10:00+01:00,623.489990234375,623.9299926757812,622.97998046875,623.6400146484375,113847
2025-01-06 21:15:00+01:00,623.6400146484375,623.9299926757812,623.3900756835938,623.6799926757812,85999
2025-01-06 21:20:00+01:00,623.6699829101562,624.8099975585938,622.8900146484375,624.6099853515625,128713
2025-01-06 21:25:00+01:00,624.655029296875,624.9000244140625,624.030029296875,624.85498046875,128909
2025-01-06 21:30:00+01:00,624.8599853515625,625.4299926757812,624.6900024414062,625.3400268554688,158556
2025-01-06 21:35:00+01:00,625.3300170898438,625.4749755859375,624.6566162109375,625.0150146484375,153355
2025-01-06 21:40:00+01:00,625.0599975585938,627.1519775390625,624.710693359375,627.030029296875,237957
2025-01-06 21:45:00+01:00,627.0800170898438,627.3599243164062,626.6300048828125,626.864990234375,256519
2025-01-06 21:50:00+01:00,626.8099975585938,629.6500244140625,626.7999877929688,629.530029296875,730877
2025-01-06 21:55:00+01:00,629.510009765625,630.989990234375,629.4199829101562,630.27001953125,870084
2025-01-07 15:30:00+01:00,631.4949951171875,632.10107421875,625.3499755859375,625.969970703125,1021778
2025-01-07 15:35:00+01:00,625.635009765625,625.9600219726562,623.280029296875,623.5700073242188,228056
2025-01-07 15:40:00+01:00,623.458984375,627.260009765625,623.4210205078125,627.0700073242188,233030
2025-01-07 15:45:00+01:00,627.0166015625,627.2498779296875,625.0,625.7550048828125,143657
2025-01-07 15:50:00+01:00,625.8300170898438,626.97998046875,624.369384765625,624.6400146484375,157849
2025-01-07 15:55:00+01:00,624.7526245117188,625.0900268554688,621.75,621.7899780273438,262287
2025-01-07 16:00:00+01:00,621.75,621.9099731445312,616.9000244140625,616.989990234375,310044
2025-01-07 16:05:00+01:00,617.0800170898438,617.8699951171875,615.7615966796875,616.3150024414062,270066
2025-01-07 16:10:00+01:00,616.1500244140625,619.0999755859375,615.7000122070312,618.7100219726562,163233
2025-01-07 16:15:00+01:00,618.5499877929688,618.7100219726562,615.6099853515625,616.2000122070312,200728
2025-01-07 16:20:00+01:00,616.2000122070312,617.0900268554688,614.75,616.0,173222
2025-01-07 16:25:00+01:00,616.0,617.97998046875,613.510009765625,613.5932006835938,194994
2025-01-07 16:30:00+01:00,613.4099731445312,613.989990234375,609.9500122070312,611.1799926757812,315540
2025-01-07 16:35:00+01:00,611.1599731445312,612.239990234375,608.22998046875,608.72998046875,240518
2025-01-07 16:40:00+01:00,608.75,610.75,608.3800048828125,609.8300170898438,187266
2025-01-07 16:45:00+01:00,609.739990234375,610.6799926757812,608.4849853515625,610.5800170898438,165248
2025-01-07 16:50:00+01:00,610.5499877929688,612.5490112304688,610.1500244140625,611.6661987304688,176432
2025-01-07 16:55:00+01:00,611.905029296875,615.0,611.905029296875,614.780029296875,170480
2025-01-07 17:00:00+01:00,614.9500122070312,615.7899780273438,614.056396484375,615.3325805664062,171737
2025-01-07 17:05:00+01:00,615.5850219726562,616.7269897460938,614.390380859375,616.2940063476562,134507
2025-01-07 17:10:00+01:00,616.2000122070312,617.75,614.8001098632812,617.0142822265625,147914
2025-01-07 17:15:00+01:00,617.1799926757812,618.5,616.7482299804688,618.5,137644
2025-01-07 17:20:00+01:00,618.510009765625,619.8800048828125,618.0595092773438,619.7095947265625,161655
2025-01-07 17:25:00+01:00,619.8699951171875,622.1099853515625,619.6201171875,620.5,167447
2025-01-07 17:30:00+01:00,620.7598876953125,620.7598876953125,618.0900268554688,618.625,105324
2025-01-07 17:35:00+01:00,618.5800170898438,619.6649780273438,617.110107421875,619.4000244140625,102617
2025-01-07 17:40:00+01:00,619.6375122070312,620.5,618.5,619.0382080078125,60908
2025-01-07 17:45:00+01:00,618.9849853515625,619.27001953125,617.55517578125,617.7050170898438,58361
2025-01-07 17:50:00+01:00,617.6400146484375,617.9849853515625,616.3400268554688,616.4500122070312,89605
2025-01-07 17:55:00+01:00,616.739990234375,618.106689453125,616.739990234375,617.4400024414062,83144
2025-01-07 18:00:00+01:00,617.2899780273438,618.3800048828125,617.0689697265625,617.3200073242188,55989
2025-01-07 18:05:00+01:00,617.1900024414062,618.0499877929688,617.0,617.614990234375,51777
2025-01-07 18:10:00+01:00,630.2000122070312,630.2000122070312,616.827392578125,617.9500122070312,62045
2025-01-07 18:15:00+01:00,617.91748046875,618.4000244140625,617.4080810546875,618.1799926757812,57767
2025-01-07 18:20:00+01:00,618.1649780273438,618.1699829101562,617.149169921875,617.4650268554688,33267
2025-01-07 18:25:00+01:00,617.6649780273438,617.9099731445312,616.8300170898438,617.614990234375,37103
2025-01-07 18:30:00+01:00,617.614990234375,619.9299926757812,617.530029296875,619.2100219726562,137381
2025-01-07 18:35:00+01:00,619.0297241210938,619.3099975585938,617.0399780273438,617.8099975585938,88689
2025-01-07 18:40:00+01:00,617.8400268554688,618.85498046875,617.510009765625,618.6875,55549
2025-01-07 18:45:00+01:00,618.7100219726562,618.7999877929688,618.0399780273438,618.6799926757812,48613
2025-01-07 18:50:00+01:00,618.6699829101562,619.4099731445312,618.0599975585938,619.3150024414062,79017
2025-01-07 18:55:00+01:00,619.3150024414062,621.3300170898438,619.3150024414062,621.1799926757812,110780
2025-01-07 19:00:00+01:00,621.2899780273438,621.8328857421875,620.97998046875,621.5474853515625,71931
2025-01-07 19:05:00+01:00,621.5499877929688,621.9000244140625,620.5800170898438,621.260009765625,64884
2025-01-07 19:10:00+01:00,621.219970703125,621.7899780273438,620.7501220703125,621.6199951171875,51570
2025-01-07 19:15:00+01:00,621.7349853515625,621.9000244140625,621.0900268554688,621.4099731445312,60053
2025-01-07 19:20:00+01:00,621.2849731445312,621.9199829101562,621.2000122070312,621.6699829101562,70844
2025-01-07 19:25:00+01:00,621.6400146484375,622.2000122070312,621.22998046875,621.3792114257812,70227
2025-01-07 19:30:00+01:00,621.22998046875,621.431396484375,620.4000854492188,620.4000854492188,67649
2025-01-07 19:35:00+01:00,620.6799926757812,620.8198852539062,619.9099731445312,620.3670043945312,429357
2025-01-07 19:40:00+01:00,620.3099975585938,620.3300170898438,619.2899780273438,619.9299926757812,58163
2025-01-07 19:45:00+01:00,619.989990234375,621.0,619.7899780273438,620.7775268554688,60436
2025-01-07 19:50:00+01:00,620.7849731445312,621.2000122070312,620.294677734375,620.9600219726562,68442
2025-01-07 19:55:00+01:00,620.8071899414062,621.489990234375,620.4099731445312,621.3699951171875,60547
2025-01-07 20:00:00+01:00,621.3699951171875,622.52001953125,620.9119873046875,622.030029296875,83813
2025-01-07 20:05:00+01:00,621.9600219726562,622.8699951171875,621.8300170898438,622.7750244140625,104705
2025-01-07 20:10:00+01:00,622.5900268554688,623.25,621.7800903320312,622.3499755859375,92164
2025-01-07 20:15:00+01:00,622.4957275390625,622.7000122070312,621.9401245117188,622.1300048828125,45004
2025-01-07 20:20:00+01:00,622.0949096679688,622.1099853515625,620.6213989257812,620.719970703125,80831
2025-01-07 20:25:00+01:00,620.780029296875,621.6900024414062,620.7100219726562,621.1900024414062,94232
2025-01-07 20:30:00+01:00,621.1624755859375,621.3599853515625,620.6799926757812,620.9500122070312,46914
2025-01-07 20:35:00+01:00,621.0999755859375,621.1367797851562,619.5050048828125,619.5900268554688,80454
2025-01-07 20:40:00+01:00,619.8798828125,620.3599853515625,619.0,620.1900024414062,62633
2025-01-07 20:45:00+01:00,620.0499877929688,620.4199829101562,619.3200073242188,619.5,46001
2025-01-07 20:50:00+01:00,619.4719848632812,619.9199829101562,619.2100830078125,619.6198120117188,43096
2025-01-07 20:55:00+01:00,619.6699829101562,619.9799194335938,619.4600219726562,619.9650268554688,47071
2025-01-07 21:00:00+01:00,619.97998046875,620.0499877929688,618.610107421875,619.6699829101562,75274
2025-01-07 21:05:00+01:00,619.780029296875,620.2000122070312,618.947509765625,619.0399780273438,52907
2025-01-07 21:10:00+01:00,618.8900146484375,618.8900146484375,617.1727905273438,617.52001953125,102222
2025-01-07 21:15:00+01:00,617.75,618.1599731445312,617.260009765625,617.7449951171875,94056
2025-01-07 21:20:00+01:00,617.77001953125,617.77001953125,615.0,615.0399780273438,138021
2025-01-07 21:25:00+01:00,615.010009765625,615.739990234375,614.3599853515625,614.6801147460938,108172
2025-01-07 21:30:00+01:00,614.9400024414062,615.5,614.8499755859375,614.9600219726562,98539
2025-01-07 21:35:00+01:00,614.8499755859375,615.97998046875,614.0800170898438,615.8499755859375,109109
2025-01-07 21:40:00+01:00,615.9000244140625,617.7799072265625,615.739990234375,616.1699829101562,162875
2025-01-07 21:45:00+01:00,616.1300048828125,616.9199829101562,615.5700073242188,616.6099853515625,107310
2025-01-07 21:50:00+01:00,616.6799926757812,617.3400268554688,616.1500244140625,617.1724853515625,186452
2025-01-07 21:55:00+01:00,617.2000122070312,618.260009765625,617.1799926757812,617.6699829101562,403774
2025-01-08 15:30:00+01:00,612.6400146484375,613.8925170898438,602.7899780273438,612.3350219726562,944223
2025-01-08 15:35:00+01:00,612.4650268554688,614.64990234375,611.9199829101562,612.2899780273438,223531
2025-01-08 15:40:00+01:00,612.1400146484375,615.97998046875,611.97998046875,615.239990234375,175596
2025-01-08 15:45:00+01:00,615.0750122070312,616.1099853515625,612.8400268554688,614.0399780273438,155445
2025-01-08 15:50:00+01:00,613.7999877929688,614.780029296875,609.5,612.4199829101562,206721
2025-01-08 15:55:00+01:00,612.2899780273438,614.1798706054688,611.9650268554688,613.8400268554688,132088
2025-01-08 16:00:00+01:00,613.6599731445312,616.439697265625,613.1749877929688,615.3400268554688,178466
2025-01-08 16:05:00+01:00,615.6400146484375,615.9600219726562,613.9700927734375,615.219970703125,86221
2025-01-08 16:10:00+01:00,615.239990234375,615.9600219726562,610.6699829101562,610.7100219726562,138857
2025-01-08 16:15:00+01:00,610.7100219726562,613.0800170898438,610.4000244140625,612.4500122070312,100794
2025-01-08 16:20:00+01:00,612.4299926757812,612.5999755859375,609.2000122070312,612.1400146484375,124261
2025-01-08 16:25:00+01:00,612.2899780273438,612.5999755859375,610.010009765625,611.35498046875,199204
2025-01-08 16:30:00+01:00,611.0900268554688,612.0399780273438,610.2999877929688,611.4400024414062,131815
2025-01-08 16:35:00+01:00,611.60498046875,613.510009765625,610.8599853515625,610.8599853515625,159841
2025-01-08 16:40:00+01:00,610.9600219726562,611.7899780273438,609.02001953125,609.3200073242188,111092
2025-01-08 16:45:00+01:00,609.8300170898438,610.2000122070312,607.5999755859375,608.3656005859375,154839
2025-01-08 16:50:00+01:00,608.2999877929688,609.9312744140625,607.2000122070312,608.5999755859375,137236
2025-01-08 16:55:00+01:00,608.8900146484375,610.2100219726562,608.0599975585938,609.7537231445312,61120
2025-01-08 17:00:00+01:00,609.6099853515625,609.6400146484375,607.4949951171875,607.4949951171875,67944
2025-01-08 17:05:00+01:00,607.489990234375,608.1900024414062,606.2999877929688,607.5700073242188,81950
2025-01-08 17:10:00+01:00,607.6798706054688,608.6799926757812,607.1799926757812,607.6950073242188,62717
2025-01-08 17:15:00+01:00,607.6749877929688,609.1300048828125,607.3900146484375,608.9450073242188,77638
2025-01-08 17:20:00+01:00,609.1799926757812,610.8499755859375,609.1748046875,610.2999877929688,78275
2025-01-08 17:25:00+01:00,610.2891235351562,610.5999755859375,609.4500122070312,609.5,36615
2025-01-08 17:30:00+01:00,609.5900268554688,611.3300170898438,609.5900268554688,611.0399780273438,62172
2025-01-08 17:35:00+01:00,611.1099853515625,612.0,610.7200927734375,611.7249755859375,60326
2025-01-08 17:40:00+01:00,611.8800048828125,613.1199951171875,611.5700073242188,612.7650146484375,88628
2025-01-08 17:45:00+01:00,612.9500122070312,613.1347045898438,611.8400268554688,612.1099853515625,76515
2025-01-08 17:50:00+01:00,611.9650268554688,612.5399780273438,611.530029296875,612.14501953125,42803
2025-01-08 17:55:00+01:00,612.1875,612.25,611.3507080078125,611.635009765625,50051
2025-01-08 18:00:00+01:00,611.614990234375,611.8599243164062,610.0599975585938,610.1749877929688,71429
2025-01-08 18:05:00+01:00,610.2271728515625,611.27001953125,609.8005981445312,611.27001953125,82854
2025-01-08 18:10:00+01:00,611.1199951171875,611.3150024414062,608.7000122070312,609.3800048828125,80169
2025-01-08 18:15:00+01:00,609.7442016601562,610.2141723632812,609.4600219726562,609.72998046875,58485
2025-01-08 18:20:00+01:00,609.77001953125,610.1799926757812,607.510009765625,607.9099731445312,71332
2025-01-08 18:25:00+01:00,607.9099731445312,608.4099731445312,605.8200073242188,606.1849975585938,97701
2025-01-08 18:30:00+01:00,606.2150268554688,606.7449951171875,605.2999877929688,606.3800048828125,93432
2025-01-08 18:35:00+01:00,606.4299926757812,607.4000244140625,606.4299926757812,606.6599731445312,39452
2025-01-08 18:40:00+01:00,606.6400146484375,608.33642578125,606.5499877929688,608.1799926757812,43409
2025-01-08 18:45:00+01:00,608.232421875,608.8388061523438,607.2800903320312,607.5859985351562,55451
2025-01-08 18:50:00+01:00,607.6099853515625,609.2822875976562,607.5,608.7999877929688,77988
2025-01-08 18:55:00+01:00,608.7575073242188,609.7899780273438,608.4199829101562,609.510009765625,56157
2025-01-08 19:00:00+01:00,609.489990234375,611.530029296875,609.3099975585938,611.3400268554688,80657
2025-01-08 19:05:00+01:00,611.2899780273438,611.9299926757812,610.72998046875,611.6099853515625,85793
2025-01-08 19:10:00+01:00,611.739990234375,612.4299926757812,611.1599731445312,611.9099731445312,93878
2025-01-08 19:15:00+01:00,612.094970703125,613.1599731445312,612.094970703125,612.5800170898438,77421
2025-01-08 19:20:00+01:00,613.010009765625,613.1500244140625,612.239990234375,613.0700073242188,41827
2025-01-08 19:25:00+01:00,613.02001953125,613.8582763671875,612.7899780273438,612.8317260742188,61440
2025-01-08 19:30:00+01:00,612.5999755859375,612.7825927734375,612.0001220703125,612.135009765625,36993
2025-01-08 19:35:00+01:00,612.0100708007812,612.8587036132812,612.0100708007812,612.5250244140625,44377
2025-01-08 19:40:00+01:00,612.5250244140625,612.6298828125,611.52001953125,611.9500122070312,71293
2025-01-08 19:45:00+01:00,612.0499877929688,612.239990234375,611.0900268554688,611.75,51662
2025-01-08 19:50:00+01:00,611.9000244140625,612.1699829101562,609.510009765625,609.6749877929688,104020
2025-01-08 19:55:00+01:00,609.7000122070312,611.3699951171875,609.469970703125,611.219970703125,50747
2025-01-08 20:00:00+01:00,611.3200073242188,611.3200073242188,610.25,610.9000244140625,33511
2025-01-08 20:05:00+01:00,611.6599731445312,613.1663208007812,611.27001953125,613.1400146484375,90547
2025-01-08 20:10:00+01:00,612.9199829101562,613.2999877929688,611.2750244140625,611.3200073242188,47154
2025-01-08 20:15:00+01:00,611.4199829101562,612.9949951171875,611.4199829101562,612.5888061523438,61235
2025-01-08 20:20:00+01:00,612.52001953125,613.7086791992188,612.1900024414062,613.3300170898438,52180
2025-01-08 20:25:00+01:00,612.9299926757812,615.0999755859375,612.9199829101562,614.5599975585938,85972
2025-01-08 20:30:00+01:00,614.4099731445312,614.4099731445312,612.3209838867188,612.5823974609375,52380
2025-01-08 20:35:00+01:00,612.7100219726562,613.010009765625,611.6500244140625,611.6950073242188,46279
2025-01-08 20:40:00+01:00,611.6900024414062,611.8200073242188,610.6599731445312,610.9299926757812,33233
2025-01-08 20:45:00+01:00,610.9749755859375,611.7899780273438,610.5800170898438,611.0399780273438,42562
2025-01-08 20:50:00+01:00,611.219970703125,611.5288696289062,610.2000122070312,610.280029296875,44950
2025-01-08 20:55:00+01:00,610.4149780273438,611.5,610.1199951171875,611.3099975585938,60355
2025-01-08 21:00:00+01:00,611.3350219726562,611.72998046875,610.9749755859375,611.7100219726562,51449
2025-01-08 21:05:00+01:00,611.7100219726562,611.75,610.5800170898438,610.8099975585938,48843
2025-01-08 21:10:00+01:00,610.5910034179688,611.1799926757812,609.7410278320312,609.7949829101562,48124
2025-01-08 21:15:00+01:00,609.7999877929688,611.4400024414062,609.7999877929688,611.2000122070312,70860
2025-01-08 21:20:00+01:00,611.2579956054688,611.75,610.9199829101562,611.344970703125,38937
2025-01-08 21:25:00+01:00,611.5800170898438,611.659912109375,610.219970703125,610.4002075195312,59344
2025-01-08 21:30:00+01:00,610.3400268554688,610.526611328125,609.6649780273438,609.6649780273438,64579
2025-01-08 21:35:00+01:00,609.6900024414062,610.010009765625,608.2999877929688,608.3699951171875,86196
2025-01-08 21:40:00+01:00,608.4349975585938,609.8900146484375,608.2999877929688,609.7100219726562,72368
2025-01-08 21:45:00+01:00,609.7100219726562,609.9555053710938,608.8099975585938,609.0499877929688,80814
2025-01-08 21:50:00+01:00,609.0,610.25,608.72998046875,609.5900268554688,185351
2025-01-08 21:55:00+01:00,609.39501953125,611.219970703125,609.39501953125,610.8599853515625,575054
2025-01-10 15:30:00+01:00,610.030029296875,615.6849975585938,609.0599975585938,613.4849853515625,830138
2025-01-10 15:35:00+01:00,613.6400146484375,614.0,603.0999755859375,604.4375,470082
2025-01-10 15:40:00+01:00,604.3724975585938,607.25,604.1801147460938,606.9500122070312,228533
2025-01-10 15:45:00+01:00,606.5750122070312,607.5,602.6400146484375,605.6099853515625,195908
2025-01-10 15:50:00+01:00,605.510009765625,607.6298828125,605.2000732421875,605.89501953125,170548
2025-01-10 15:55:00+01:00,605.77001953125,607.2628173828125,605.1950073242188,606.0999755859375,149690
2025-01-10 16:00:00+01:00,606.22998046875,606.22998046875,601.3673095703125,601.77001953125,252129
2025-01-10 16:05:00+01:00,601.7349853515625,603.2625122070312,597.9299926757812,598.219970703125,320529
2025-01-10 16:10:00+01:00,598.1234130859375,600.3800048828125,597.3800048828125,600.0050048828125,249053
2025-01-10 16:15:00+01:00,600.0050048828125,602.0,600.0050048828125,601.469970703125,200144
2025-01-10 16:20:00+01:00,601.5800170898438,608.2899780273438,601.2301025390625,608.0750122070312,319770
2025-01-10 16:25:00+01:00,607.9199829101562,615.6500244140625,607.4199829101562,614.3599853515625,538829
2025-01-10 16:30:00+01:00,614.5599975585938,615.1099853515625,610.64697265625,614.1500244140625,357419
2025-01-10 16:35:00+01:00,614.0399780273438,620.5399780273438,613.4907836914062,620.0,598357
2025-01-10 16:40:00+01:00,619.905029296875,622.4500122070312,617.5800170898438,617.77001953125,537556
2025-01-10 16:45:00+01:00,617.8900146484375,622.9299926757812,617.8900146484375,622.4349975585938,351964
2025-01-10 16:50:00+01:00,622.4299926757812,622.5,617.0549926757812,617.8159790039062,339108
2025-01-10 16:55:00+01:00,617.8400268554688,618.6199951171875,613.2150268554688,613.3651123046875,177709
2025-01-10 17:00:00+01:00,613.6300048828125,614.260009765625,610.5499877929688,611.1599731445312,212987
2025-01-10 17:05:00+01:00,611.219970703125,613.7750244140625,611.0,613.2000122070312,179872
2025-01-10 17:10:00+01:00,613.1300048828125,614.719970703125,612.5701293945312,613.5850219726562,165991
2025-01-10 17:15:00+01:00,613.5850219726562,614.4199829101562,612.7999877929688,613.0050048828125,109642
2025-01-10 17:20:00+01:00,613.010009765625,616.0,612.8276977539062,615.7000122070312,184505
2025-01-10 17:25:00+01:00,615.8699951171875,616.5700073242188,614.0999755859375,614.8847045898438,121949
2025-01-10 17:30:00+01:00,614.8499755859375,615.6400146484375,613.77001953125,615.6038208007812,122478
2025-01-10 17:35:00+01:00,615.6124877929688,615.6599731445312,613.1195068359375,614.6099853515625,139342
2025-01-10 17:40:00+01:00,614.780029296875,618.2999877929688,614.6799926757812,618.030029296875,180917
2025-01-10 17:45:00+01:00,617.719970703125,618.9000244140625,616.2999877929688,616.6699829101562,159667
2025-01-10 17:50:00+01:00,616.97998046875,618.5499877929688,616.97998046875,618.2550048828125,113656
2025-01-10 17:55:00+01:00,618.1500244140625,618.3599853515625,615.0599975585938,615.239990234375,143729
2025-01-10 18:00:00+01:00,615.2999877929688,615.3900146484375,611.5800170898438,612.1199951171875,191157
2025-01-10 18:05:00+01:00,612.4500122070312,612.5399780273438,609.75,610.3150024414062,158652
2025-01-10 18:10:00+01:00,610.4400024414062,611.1900024414062,609.6950073242188,610.26220703125,173309
2025-01-10 18:15:00+01:00,610.5,611.2098999023438,610.1099853515625,610.97998046875,111191
2025-01-10 18:20:00+01:00,610.97998046875,612.27001953125,610.8599853515625,611.7114868164062,135889
2025-01-10 18:25:00+01:00,611.72998046875,614.3900146484375,611.6500244140625,613.9550170898438,109119
2025-01-10 18:30:00+01:00,613.9550170898438,615.4000244140625,612.52001953125,614.3800048828125,165715
2025-01-10 18:35:00+01:00,614.1895751953125,617.0750122070312,613.7899780273438,616.510009765625,178699
2025-01-10 18:40:00+01:00,616.3800048828125,619.39990234375,616.3800048828125,619.0800170898438,212940
2025-01-10 18:45:00+01:00,618.969970703125,620.02001953125,618.25,619.7999877929688,266553
2025-01-10 18:50:00+01:00,619.530029296875,621.5,618.7899780273438,621.5,215338
2025-01-10 18:55:00+01:00,621.4849853515625,623.6699829101562,620.9000244140625,622.8699951171875,345417
2025-01-10 19:00:00+01:00,622.625,622.8599853515625,621.2000122070312,622.27001953125,228213
2025-01-10 19:05:00+01:00,622.1199951171875,624.8900146484375,621.739990234375,624.7100219726562,213416
2025-01-10 19:10:00+01:00,624.8300170898438,626.1300048828125,624.8300170898438,625.6533203125,296647
2025-01-10 19:15:00+01:00,625.8699951171875,626.0,623.743896484375,625.4650268554688,207070
2025-01-10 19:20:00+01:00,625.380126953125,627.4600219726562,624.7999877929688,626.6900024414062,272800
2025-01-10 19:25:00+01:00,626.9099731445312,628.0999755859375,625.739990234375,627.7899780273438,228382
2025-01-10 19:30:00+01:00,627.77001953125,628.5700073242188,626.3800048828125,627.47998046875,223742
2025-01-10 19:35:00+01:00,627.4749755859375,629.1300048828125,627.4749755859375,628.8150024414062,212967
2025-01-10 19:40:00+01:00,628.8150024414062,629.4993896484375,628.3911743164062,629.0549926757812,242466
2025-01-10 19:45:00+01:00,629.1400146484375,629.9000244140625,627.2982177734375,629.4937744140625,267309
2025-01-10 19:50:00+01:00,629.405029296875,629.5,628.030029296875,628.868408203125,183136
2025-01-10 19:55:00+01:00,628.9500122070312,629.9099731445312,628.7113037109375,629.1400146484375,195568
2025-01-10 20:00:00+01:00,629.1799926757812,629.1799926757812,626.330078125,626.5,151989
2025-01-10 20:05:00+01:00,626.5700073242188,626.6798706054688,624.2623901367188,624.5858764648438,204063
2025-01-10 20:10:00+01:00,624.5587768554688,625.3099975585938,623.75,625.0399780273438,137101
2025-01-10 20:15:00+01:00,624.9500122070312,625.6071166992188,624.5,624.6400146484375,118493
2025-01-10 20:20:00+01:00,624.7100219726562,624.7999877929688,622.2999877929688,623.02001953125,222984
2025-01-10 20:25:00+01:00,623.2000122070312,624.3599853515625,623.0460205078125,623.3400268554688,91181
2025-01-10 20:30:00+01:00,623.4349975585938,623.5,621.5,622.142822265625,146171
2025-01-10 20:35:00+01:00,622.1649780273438,623.969970703125,621.7999877929688,623.969970703125,103780
2025-01-10 20:40:00+01:00,623.969970703125,624.780029296875,623.2100219726562,624.4099731445312,140874
2025-01-10 20:45:00+01:00,624.4299926757812,625.2899780273438,623.25,623.260009765625,119221
2025-01-10 20:50:00+01:00,623.3599853515625,623.9600219726562,622.9000244140625,623.489990234375,86345
2025-01-10 20:55:00+01:00,623.6099853515625,624.5499877929688,623.4893188476562,624.1132202148438,104263
2025-01-10 21:00:00+01:00,624.1799926757812,624.3654174804688,622.3200073242188,622.5349731445312,140736
2025-01-10 21:05:00+01:00,622.5349731445312,622.5349731445312,620.7628173828125,620.8699951171875,154761
2025-01-10 21:10:00+01:00,620.8923950195312,621.4852294921875,619.2905883789062,619.4000244140625,158788
2025-01-10 21:15:00+01:00,619.7000122070312,620.280029296875,617.5700073242188,618.8499755859375,203713
2025-01-10 21:20:00+01:00,618.8699951171875,619.530029296875,618.4052124023438,619.0750122070312,125932
2025-01-10 21:25:00+01:00,619.0750122070312,619.1636962890625,617.1500244140625,617.7000122070312,154702
2025-01-10 21:30:00+01:00,617.7100219726562,618.27001953125,616.02001953125,616.5850219726562,130485
2025-01-10 21:35:00+01:00,616.489990234375,617.52001953125,616.0599975585938,616.6500244140625,153946
2025-01-10 21:40:00+01:00,616.4299926757812,616.5999755859375,614.1500244140625,614.5700073242188,193886
2025-01-10 21:45:00+01:00,614.4849853515625,615.8200073242188,613.5501098632812,615.1954956054688,215182
2025-01-10 21:50:00+01:00,614.9299926757812,617.7999877929688,614.9299926757812,617.2501220703125,278908
2025-01-10 21:55:00+01:00,617.2899780273438,617.2899780273438,615.5800170898438,616.0499877929688,547895
2025-01-13 15:30:00+01:00,606.77001953125,608.969970703125,601.0,602.6300048828125,1089965
2025-01-13 15:35:00+01:00,602.3400268554688,602.6799926757812,598.4450073242188,601.7725830078125,451750
2025-01-13 15:40:00+01:00,601.75,604.0499877929688,599.9368286132812,603.6193237304688,345759
2025-01-13 15:45:00+01:00,603.5900268554688,603.7299194335938,600.4099731445312,603.0999755859375,188989
2025-01-13 15:50:00+01:00,602.4249877929688,605.9299926757812,602.260009765625,604.739990234375,293680
2025-01-13 15:55:00+01:00,604.7429809570312,606.6900024414062,604.0,604.4500122070312,315507
2025-01-13 16:00:00+01:00,604.4500122070312,605.3400268554688,602.3400268554688,604.54638671875,163189
2025-01-13 16:05:00+01:00,604.5286254882812,606.530029296875,604.0100708007812,604.4099731445312,204935
2025-01-13 16:10:00+01:00,604.381103515625,604.5800170898438,603.0,603.0900268554688,120396
2025-01-13 16:15:00+01:00,603.219970703125,603.4699096679688,601.8599853515625,603.460205078125,111269
2025-01-13 16:20:00+01:00,603.22998046875,604.5,602.155029296875,602.4099731445312,142201
2025-01-13 16:25:00+01:00,602.2100219726562,602.2100219726562,600.219970703125,600.4299926757812,147109
2025-01-13 16:30:00+01:00,600.760009765625,602.6199951171875,600.5599975585938,601.5800170898438,114807
2025-01-13 16:35:00+01:00,601.5474853515625,604.25,601.3499755859375,603.8709106445312,142288
2025-01-13 16:40:00+01:00,604.0399780273438,604.0399780273438,602.5999755859375,603.75,107799
2025-01-13 16:45:00+01:00,603.5996704101562,605.5999755859375,603.47998046875,605.1801147460938,143498
2025-01-13 16:50:00+01:00,605.30078125,605.3599853515625,603.5700073242188,604.1599731445312,85452
2025-01-13 16:55:00+01:00,604.1380004882812,604.5399780273438,601.8900756835938,602.157470703125,120184
2025-01-13 17:00:00+01:00,602.344970703125,603.8699951171875,602.219970703125,603.2000122070312,100522
2025-01-13 17:05:00+01:00,603.2000122070312,603.2000122070312,602.3765869140625,602.8225708007812,67478
2025-01-13 17:10:00+01:00,603.0499877929688,603.9600219726562,602.6599731445312,602.8699951171875,74441
2025-01-13 17:15:00+01:00,602.8300170898438,603.9500122070312,602.4099731445312,602.9400024414062,64069
2025-01-13 17:20:00+01:00,602.9650268554688,604.1799926757812,602.5399780273438,603.0599975585938,90974
2025-01-13 17:25:00+01:00,602.7800903320312,604.4299926757812,602.7800903320312,603.885009765625,81171
2025-01-13 17:30:00+01:00,603.739990234375,604.4998779296875,603.3800048828125,604.3400268554688,72904
2025-01-13 17:35:00+01:00,604.2050170898438,605.0499877929688,602.75,603.219970703125,119638
2025-01-13 17:40:00+01:00,603.2550048828125,604.8200073242188,603.2550048828125,604.4000244140625,50854
2025-01-13 17:45:00+01:00,604.25,604.4000244140625,603.6699829101562,604.114990234375,50847
2025-01-13 17:50:00+01:00,604.0,604.3250122070312,602.40380859375,602.885009765625,80707
2025-01-13 17:55:00+01:00,602.7774047851562,602.8599853515625,600.0399780273438,600.0499877929688,132572
2025-01-13 18:00:00+01:00,600.219970703125,601.27001953125,598.8200073242188,600.5,175720
2025-01-13 18:05:00+01:00,600.5,602.2100219726562,600.2802124023438,601.739990234375,70166
2025-01-13 18:10:00+01:00,601.739990234375,602.9113159179688,601.4401245117188,602.5700073242188,70012
2025-01-13 18:15:00+01:00,602.845703125,603.6099853515625,601.9099731445312,602.9000244140625,109879
2025-01-13 18:20:00+01:00,602.9000244140625,604.969970703125,602.7999877929688,604.4500122070312,74829
2025-01-13 18:25:00+01:00,604.4400024414062,605.0,604.1864013671875,604.7000122070312,86104
2025-01-13 18:30:00+01:00,604.6099853515625,604.6099853515625,603.4199829101562,604.3599853515625,82507
2025-01-13 18:35:00+01:00,604.1978759765625,604.2000122070312,603.0599975585938,603.2100219726562,79076
2025-01-13 18:40:00+01:00,603.3900146484375,604.1799926757812,603.0599975585938,603.6538696289062,66756
2025-01-13 18:45:00+01:00,603.7174072265625,604.5,603.2000122070312,603.719970703125,58992
2025-01-13 18:50:00+01:00,603.7750244140625,605.3800048828125,603.6300048828125,604.8049926757812,78277
2025-01-13 18:55:00+01:00,604.8400268554688,606.75,604.5,606.7039794921875,135333
2025-01-13 19:00:00+01:00,606.6666259765625,607.4299926757812,605.806396484375,607.0,89202
2025-01-13 19:05:00+01:00,606.9749755859375,607.0599975585938,605.7717895507812,606.2026977539062,57678
2025-01-13 19:10:00+01:00,606.280029296875,607.1500244140625,606.280029296875,607.1199951171875,71728
2025-01-13 19:15:00+01:00,607.0,607.1099853515625,605.1099853515625,605.65087890625,56005
2025-01-13 19:20:00+01:00,605.8399047851562,606.1798706054688,605.3900756835938,605.7949829101562,37512
2025-01-13 19:25:00+01:00,605.8599853515625,606.7000122070312,605.1400146484375,606.5609741210938,46727
2025-01-13 19:30:00+01:00,606.5430297851562,607.3098754882812,605.92431640625,606.9199829101562,54334
2025-01-13 19:35:00+01:00,606.9099731445312,607.2999267578125,606.2630004882812,607.1956176757812,70990
2025-01-13 19:40:00+01:00,607.1699829101562,607.2299194335938,606.0999755859375,606.2899780273438,42706
2025-01-13 19:45:00+01:00,606.344970703125,607.780029296875,606.1575927734375,607.6649780273438,56506
2025-01-13 19:50:00+01:00,607.489990234375,607.9000244140625,606.3800048828125,606.489990234375,47833
2025-01-13 19:55:00+01:00,606.4099731445312,607.0399780273438,606.3800048828125,607.030029296875,45892
2025-01-13 20:00:00+01:00,606.9349975585938,607.2199096679688,606.3400268554688,606.8699951171875,60157
2025-01-13 20:05:00+01:00,606.8699951171875,607.2498779296875,606.2249755859375,606.58251953125,43202
2025-01-13 20:10:00+01:00,606.5850219726562,606.9000244140625,605.489990234375,605.489990234375,47019
2025-01-13 20:15:00+01:00,605.469970703125,605.8800048828125,605.0601196289062,605.1849975585938,47408
2025-01-13 20:20:00+01:00,605.3099975585938,606.4000244140625,605.0300903320312,606.2349853515625,41635
2025-01-13 20:25:00+01:00,606.2349853515625,607.639892578125,606.0900268554688,607.1500244140625,71394
2025-01-13 20:30:00+01:00,607.244873046875,607.2899169921875,606.3201293945312,606.6300048828125,55458
2025-01-13 20:35:00+01:00,606.719970703125,607.5,606.3200073242188,607.310302734375,42524
2025-01-13 20:40:00+01:00,607.489990234375,608.5,607.3474731445312,608.1950073242188,124817
2025-01-13 20:45:00+01:00,608.0800170898438,608.2750244140625,605.6199951171875,605.7050170898438,65034
2025-01-13 20:50:00+01:00,605.8099975585938,606.5499877929688,605.1599731445312,605.9149780273438,62999
2025-01-13 20:55:00+01:00,605.760009765625,607.3499145507812,605.760009765625,607.3400268554688,66722
2025-01-13 21:00:00+01:00,607.1824951171875,607.248779296875,606.4199829101562,606.4199829101562,43763
2025-01-13 21:05:00+01:00,606.5399780273438,606.8499145507812,606.1900024414062,606.4874877929688,30997
2025-01-13 21:10:00+01:00,606.3400268554688,606.5499877929688,606.0,606.3250122070312,55273
2025-01-13 21:15:00+01:00,606.3099975585938,607.4099731445312,606.1500244140625,607.405029296875,54730
2025-01-13 21:20:00+01:00,607.350830078125,607.760009765625,606.1199951171875,606.260009765625,55765
2025-01-13 21:25:00+01:00,606.260009765625,606.8798828125,605.8001098632812,606.4199829101562,103445
2025-01-13 21:30:00+01:00,606.7069091796875,606.77001953125,605.5499877929688,606.603271484375,63042
2025-01-13 21:35:00+01:00,606.3300170898438,606.9500122070312,605.989990234375,606.0136108398438,62495
2025-01-13 21:40:00+01:00,606.02001953125,607.0,606.02001953125,606.6799926757812,64617
2025-01-13 21:45:00+01:00,606.6339721679688,607.030029296875,606.3173217773438,606.5399780273438,87979
2025-01-13 21:50:00+01:00,606.6500244140625,607.8900146484375,606.6500244140625,607.6799926757812,179901
2025-01-13 21:55:00+01:00,607.72998046875,608.780029296875,607.6099853515625,607.97998046875,394244
2025-01-14 15:30:00+01:00,605.0650024414062,605.4400024414062,596.5,598.72998046875,1363242
2025-01-14 15:35:00+01:00,598.7249755859375,602.989990234375,598.6300048828125,601.4600219726562,384216
2025-01-14 15:40:00+01:00,601.4299926757812,602.2000122070312,598.7200927734375,599.7100219726562,243332
2025-01-14 15:45:00+01:00,599.489990234375,599.8389282226562,596.1400146484375,597.0349731445312,472908
2025-01-14 15:50:00+01:00,597.0349731445312,598.719970703125,596.1400756835938,597.3480224609375,218663
2025-01-14 15:55:00+01:00,597.5,599.260009765625,597.3900146484375,598.4500122070312,180463
2025-01-14 16:00:00+01:00,598.302490234375,599.2999877929688,597.3300170898438,597.8200073242188,103769
2025-01-14 16:05:00+01:00,597.6608276367188,600.0,597.5850219726562,599.6600952148438,122689
2025-01-14 16:10:00+01:00,599.8099975585938,603.5,599.0399780273438,602.51611328125,317819
2025-01-14 16:15:00+01:00,602.7100219726562,603.5800170898438,600.9949951171875,600.9949951171875,137250
2025-01-14 16:20:00+01:00,601.1453857421875,603.5999755859375,598.7999877929688,599.260009765625,485019
2025-01-14 16:25:00+01:00,599.2750244140625,600.4299926757812,597.4000244140625,597.7089233398438,171660
2025-01-14 16:30:00+01:00,598.1599731445312,598.2999877929688,595.27001953125,595.35498046875,216932
2025-01-14 16:35:00+01:00,595.3253173828125,595.47412109375,591.6801147460938,591.8200073242188,339994
2025-01-14 16:40:00+01:00,591.6799926757812,594.5499877929688,591.1624145507812,594.3468017578125,243491
2025-01-14 16:45:00+01:00,594.030029296875,594.030029296875,592.0001220703125,592.14501953125,118997
2025-01-14 16:50:00+01:00,592.0,594.2650146484375,590.739990234375,594.1950073242188,209075
2025-01-14 16:55:00+01:00,594.260009765625,594.3599853515625,592.5,593.75,150397
2025-01-14 17:00:00+01:00,593.9299926757812,594.3798828125,590.77001953125,591.0200805664062,198419
2025-01-14 17:05:00+01:00,591.1876831054688,593.3400268554688,590.8074951171875,592.5150146484375,136878
2025-01-14 17:10:00+01:00,592.60498046875,593.9998779296875,591.02001953125,593.989990234375,144673
2025-01-14 17:15:00+01:00,593.97998046875,595.3800048828125,593.2200927734375,593.6649780273438,124441
2025-01-14 17:20:00+01:00,593.7550048828125,595.6699829101562,593.421875,595.0700073242188,113879
2025-01-14 17:25:00+01:00,595.0700073242188,595.9998779296875,594.219970703125,594.3800048828125,144876
2025-01-14 17:30:00+01:00,594.3300170898438,595.6400146484375,594.2000122070312,595.219970703125,71117
2025-01-14 17:35:00+01:00,595.3200073242188,595.89990234375,593.77001953125,594.3300170898438,89424
2025-01-14 17:40:00+01:00,594.52001953125,594.6799926757812,591.0,591.22998046875,131604
2025-01-14 17:45:00+01:00,591.3699951171875,592.3099975585938,591.0,591.4055786132812,106747
2025-01-14 17:50:00+01:00,591.7000122070312,592.2100219726562,591.226318359375,591.5355834960938,61776
2025-01-14 17:55:00+01:00,591.489990234375,592.2999267578125,590.3200073242188,590.530029296875,166117
2025-01-14 18:00:00+01:00,590.6799926757812,590.969970703125,589.2100830078125,590.719970703125,176995
2025-01-14 18:05:00+01:00,590.6699829101562,591.8599853515625,589.780029296875,591.3408813476562,112990
2025-01-14 18:10:00+01:00,591.5,592.2299194335938,591.0,591.6400146484375,87082
2025-01-14 18:15:00+01:00,591.6900024414062,593.1199951171875,591.6099853515625,592.489990234375,63467
2025-01-14 18:20:00+01:00,592.489990234375,592.6199951171875,591.4700927734375,592.0930786132812,51713
2025-01-14 18:25:00+01:00,592.2999877929688,592.3699951171875,591.25,592.0900268554688,42716
2025-01-14 18:30:00+01:00,591.8800048828125,591.9400024414062,590.2999877929688,590.4149780273438,46929
2025-01-14 18:35:00+01:00,590.5,591.5900268554688,589.4805908203125,591.280029296875,103669
2025-01-14 18:40:00+01:00,591.47998046875,592.8200073242188,591.2850952148438,592.5,62883
2025-01-14 18:45:00+01:00,592.5250244140625,592.684326171875,591.7130737304688,592.3200073242188,41184
2025-01-14 18:50:00+01:00,592.2291259765625,592.8709716796875,592.1420288085938,592.7000122070312,45680
2025-01-14 18:55:00+01:00,592.6705932617188,592.6705932617188,591.4299926757812,591.989990234375,50909
2025-01-14 19:00:00+01:00,591.6901245117188,593.0399780273438,591.5999755859375,593.0399780273438,59321
2025-01-14 19:05:00+01:00,593.2000122070312,593.8530883789062,592.6801147460938,593.6900024414062,69436
2025-01-14 19:10:00+01:00,593.72998046875,593.7999877929688,593.0701293945312,593.5050048828125,53418
2025-01-14 19:15:00+01:00,593.4400024414062,594.4699096679688,593.19677734375,593.989990234375,70768
2025-01-14 19:20:00+01:00,593.905029296875,594.9498901367188,593.6699829101562,594.7550048828125,62023
2025-01-14 19:25:00+01:00,594.7999877929688,595.9298706054688,594.5700073242188,595.8599853515625,101087
2025-01-14 19:30:00+01:00,595.7999877929688,596.0,595.22998046875,595.6699829101562,75770
2025-01-14 19:35:00+01:00,595.75,596.1900024414062,595.3200073242188,595.875,89595
2025-01-14 19:40:00+01:00,595.780029296875,596.969970703125,595.6300048828125,596.6978149414062,99036
2025-01-14 19:45:00+01:00,596.5800170898438,597.3300170898438,596.0800170898438,597.1599731445312,86140
2025-01-14 19:50:00+01:00,597.0783081054688,597.7799072265625,596.780029296875,597.4700927734375,98108
2025-01-14 19:55:00+01:00,597.5947875976562,597.8499755859375,596.4301147460938,596.719970703125,65305
2025-01-14 20:00:00+01:00,596.8099975585938,596.9398803710938,596.1199951171875,596.5650024414062,56366
2025-01-14 20:05:00+01:00,596.5650024414062,597.5499267578125,596.4765014648438,596.6987915039062,49024
2025-01-14 20:10:00+01:00,596.780029296875,597.030029296875,596.3099975585938,596.989990234375,38615
2025-01-14 20:15:00+01:00,596.8800048828125,597.58349609375,596.36669921875,597.3574829101562,91775
2025-01-14 20:20:00+01:00,597.3300170898438,597.4600219726562,596.52001953125,596.9589233398438,61213
2025-01-14 20:25:00+01:00,596.7999877929688,596.9600219726562,596.5469970703125,596.739990234375,42240
2025-01-14 20:30:00+01:00,596.7100219726562,597.22998046875,596.1300048828125,596.8499755859375,66026
2025-01-14 20:35:00+01:00,596.85498046875,597.1229858398438,596.364990234375,596.5,33673
2025-01-14 20:40:00+01:00,596.3800048828125,596.5908203125,595.630126953125,595.9000244140625,67205
2025-01-14 20:45:00+01:00,595.8699951171875,595.989990234375,595.1400146484375,595.2034301757812,71603
2025-01-14 20:50:00+01:00,595.2999877929688,595.5700073242188,593.880126953125,594.0203857421875,80038
2025-01-14 20:55:00+01:00,593.8800048828125,593.9998779296875,591.7999877929688,592.3200073242188,164877
2025-01-14 21:00:00+01:00,592.0399780273438,592.7999877929688,590.367919921875,590.8099975585938,101044
2025-01-14 21:05:00+01:00,590.75,591.4000244140625,589.97998046875,590.64501953125,150204
2025-01-14 21:10:00+01:00,590.5599975585938,590.5599975585938,589.6500244140625,589.9400024414062,129947
2025-01-14 21:15:00+01:00,590.010009765625,590.8900146484375,589.760009765625,590.39501953125,117921
2025-01-14 21:20:00+01:00,590.39501953125,590.89990234375,588.5499877929688,590.657470703125,179845
2025-01-14 21:25:00+01:00,590.7000122070312,590.7100219726562,589.7501220703125,590.4024047851562,77578
2025-01-14 21:30:00+01:00,590.5999755859375,591.0,589.9000244140625,589.9525756835938,102129
2025-01-14 21:35:00+01:00,590.2100219726562,590.8800048828125,589.5900268554688,589.719970703125,102633
2025-01-14 21:40:00+01:00,589.8699951171875,591.2750244140625,589.7670288085938,591.1400756835938,131650
2025-01-14 21:45:00+01:00,591.2999877929688,592.2000122070312,591.1555786132812,591.4749755859375,141868
2025-01-14 21:50:00+01:00,591.3400268554688,593.3800048828125,591.3400268554688,593.0,278877
2025-01-14 21:55:00+01:00,592.7999877929688,594.489990234375,592.6699829101562,594.4400024414062,481199
2025-01-15 15:30:00+01:00,610.5,612.7999267578125,606.5,609.7999877929688,1456337
2025-01-15 15:35:00+01:00,609.6699829101562,609.8099975585938,606.5999755859375,609.114990234375,287327
2025-01-15 15:40:00+01:00,608.8400268554688,610.0,607.3300170898438,608.8300170898438,241775
2025-01-15 15:45:00+01:00,608.8300170898438,610.1458129882812,607.969970703125,609.6099853515625,236512
2025-01-15 15:50:00+01:00,609.5499877929688,613.5499877929688,609.5499877929688,612.4450073242188,419171
2025-01-15 15:55:00+01:00,612.4450073242188,613.0698852539062,610.760009765625,612.3599853515625,169940
2025-01-15 16:00:00+01:00,612.3699951171875,614.8900146484375,612.2899780273438,613.6950073242188,298873
2025-01-15 16:05:00+01:00,613.7949829101562,614.5,612.5399780273438,612.7100219726562,186077
2025-01-15 16:10:00+01:00,612.72998046875,614.6599731445312,612.0999755859375,614.4000244140625,243805
2025-01-15 16:15:00+01:00,614.4299926757812,618.1561279296875,613.969970703125,618.1500244140625,339326
2025-01-15 16:20:00+01:00,618.1599731445312,618.2161865234375,615.3900756835938,615.719970703125,234212
2025-01-15 16:25:00+01:00,615.719970703125,616.739990234375,614.5200805664062,616.5700073242188,157813
2025-01-15 16:30:00+01:00,616.72998046875,617.6900024414062,615.1704711914062,617.5449829101562,166839
2025-01-15 16:35:00+01:00,617.6849975585938,618.213623046875,616.6900024414062,617.7899780273438,191797
2025-01-15 16:40:00+01:00,617.7899780273438,617.969970703125,615.8300170898438,616.6500854492188,155361
2025-01-15 16:45:00+01:00,616.6699829101562,618.219970703125,615.8800048828125,617.6699829101562,173213
2025-01-15 16:50:00+01:00,617.6799926757812,617.9293823242188,615.4400024414062,616.5900268554688,137116
2025-01-15 16:55:00+01:00,616.7584838867188,616.7584838867188,614.530029296875,614.6950073242188,133654
2025-01-15 17:00:00+01:00,614.6199951171875,616.1998901367188,614.6199951171875,615.5399780273438,142292
2025-01-15 17:05:00+01:00,615.3900146484375,615.6124877929688,614.060302734375,614.75,158809
2025-01-15 17:10:00+01:00,615.3099975585938,616.8900146484375,614.7899780273438,616.75,184190
2025-01-15 17:15:00+01:00,616.7249755859375,616.8900146484375,615.1799926757812,616.219970703125,109589
2025-01-15 17:20:00+01:00,616.2349853515625,617.510009765625,615.5599975585938,616.6799926757812,134952
2025-01-15 17:25:00+01:00,616.6799926757812,617.489990234375,615.9500122070312,617.1748046875,78389
2025-01-15 17:30:00+01:00,616.8599853515625,617.0999755859375,615.0700073242188,615.14501953125,115246
2025-01-15 17:35:00+01:00,615.5698852539062,616.239990234375,614.8900146484375,615.7999877929688,67213
2025-01-15 17:40:00+01:00,615.8499755859375,617.0,615.4600219726562,615.6500244140625,70417
2025-01-15 17:45:00+01:00,615.6500244140625,616.739990234375,615.5999755859375,615.739990234375,64685
2025-01-15 17:50:00+01:00,615.5900268554688,616.0700073242188,614.2899780273438,615.2949829101562,98807
2025-01-15 17:55:00+01:00,615.469970703125,615.889892578125,614.4299926757812,614.6749877929688,87091
2025-01-15 18:00:00+01:00,614.6749877929688,614.6749877929688,613.739990234375,614.6492919921875,93680
2025-01-15 18:05:00+01:00,614.4400024414062,615.22998046875,614.2319946289062,615.0847778320312,74313
2025-01-15 18:10:00+01:00,615.0999755859375,615.219970703125,613.8400268554688,613.97998046875,81671
2025-01-15 18:15:00+01:00,613.9149780273438,614.4498901367188,613.5,613.5499877929688,93492
2025-01-15 18:20:00+01:00,613.6799926757812,614.4500122070312,613.4400024414062,614.0599975585938,51135
2025-01-15 18:25:00+01:00,614.0800170898438,614.5012817382812,613.510009765625,613.864990234375,52486
2025-01-15 18:30:00+01:00,614.030029296875,615.3267211914062,613.9000854492188,615.010009765625,55133
2025-01-15 18:35:00+01:00,615.2750244140625,617.2000122070312,615.239990234375,617.010009765625,137078
2025-01-15 18:40:00+01:00,617.010009765625,617.2000122070312,616.130126953125,616.5499877929688,75997
2025-01-15 18:45:00+01:00,616.52001953125,616.7999877929688,616.0,616.6799926757812,51343
2025-01-15 18:50:00+01:00,616.6799926757812,616.6799926757812,615.719970703125,615.989990234375,48926
2025-01-15 18:55:00+01:00,615.9099731445312,616.5,615.5075073242188,615.7100219726562,63707
2025-01-15 19:00:00+01:00,615.9000244140625,617.3300170898438,615.8400268554688,617.010009765625,107953
2025-01-15 19:05:00+01:00,617.010009765625,617.2503051757812,616.5800170898438,617.0,64902
2025-01-15 19:10:00+01:00,617.25,618.6500244140625,617.0836791992188,618.1599731445312,221031
2025-01-15 19:15:00+01:00,618.3400268554688,619.6900024414062,618.1649780273438,619.5449829101562,148176
2025-01-15 19:20:00+01:00,619.6900024414062,619.9791259765625,618.760009765625,619.1500854492188,102441
2025-01-15 19:25:00+01:00,619.3526000976562,620.6199951171875,619.0501098632812,620.4400024414062,101557
2025-01-15 19:30:00+01:00,620.469970703125,620.9249267578125,619.8699951171875,620.2711181640625,99996
2025-01-15 19:35:00+01:00,620.280029296875,620.405029296875,619.0250244140625,619.0479736328125,69395
2025-01-15 19:40:00+01:00,618.9224853515625,620.219970703125,618.6599731445312,619.9370727539062,74363
2025-01-15 19:45:00+01:00,619.77001953125,619.9494018554688,618.97998046875,619.1300048828125,37185
2025-01-15 19:50:00+01:00,619.239990234375,620.010009765625,619.239990234375,619.9349975585938,54049
2025-01-15 19:55:00+01:00,619.760009765625,619.9249877929688,619.3699951171875,619.4500122070312,33822
2025-01-15 20:00:00+01:00,619.4860229492188,620.0490112304688,619.3699951171875,619.8699951171875,74415
2025-01-15 20:05:00+01:00,619.8300170898438,619.8300170898438,618.9664916992188,619.27001953125,66482
2025-01-15 20:10:00+01:00,619.27001953125,620.01220703125,619.0391845703125,619.8499755859375,71992
2025-01-15 20:15:00+01:00,619.9600219726562,620.619873046875,619.6799926757812,619.7999877929688,88991
2025-01-15 20:20:00+01:00,619.7999877929688,620.1500244140625,619.1799926757812,619.8900146484375,66051
2025-01-15 20:25:00+01:00,619.844970703125,620.5800170898438,619.7000122070312,620.37939453125,78847
2025-01-15 20:30:00+01:00,620.25,621.52001953125,620.091796875,620.801025390625,162886
2025-01-15 20:35:00+01:00,620.9099731445312,622.2058715820312,620.8533935546875,622.030029296875,103239
2025-01-15 20:40:00+01:00,621.9157104492188,622.4600219726562,620.5,620.8049926757812,120384
2025-01-15 20:45:00+01:00,620.7000122070312,621.239990234375,620.469970703125,621.2366943359375,50668
2025-01-15 20:50:00+01:00,621.1699829101562,622.0,620.6500244140625,621.9000244140625,73891
2025-01-15 20:55:00+01:00,621.8400268554688,621.8696899414062,621.0,621.4281005859375,66797
2025-01-15 21:00:00+01:00,621.4000244140625,621.8720092773438,620.8800048828125,620.8800048828125,63403
2025-01-15 21:05:00+01:00,620.9400024414062,621.0499877929688,620.1699829101562,620.4299926757812,74260
2025-01-15 21:10:00+01:00,620.510009765625,621.5899047851562,620.510009765625,621.0,95900
2025-01-15 21:15:00+01:00,620.9500122070312,621.4000244140625,620.7000732421875,621.3699951171875,88305
2025-01-15 21:20:00+01:00,621.27001953125,621.4000244140625,620.60498046875,620.6799926757812,70962
2025-01-15 21:25:00+01:00,620.6799926757812,621.1273803710938,619.6199951171875,619.9229736328125,131582
2025-01-15 21:30:00+01:00,619.77001953125,620.0999145507812,619.1431884765625,619.6500244140625,126650
2025-01-15 21:35:00+01:00,619.7000122070312,619.989990234375,619.1920776367188,619.8599853515625,85945
2025-01-15 21:40:00+01:00,619.7100219726562,619.989990234375,619.0999755859375,619.7100219726562,96050
2025-01-15 21:45:00+01:00,619.7150268554688,619.7999267578125,618.8001098632812,619.2050170898438,132113
2025-01-15 21:50:00+01:00,618.8800048828125,619.3800048828125,618.3800048828125,618.52001953125,251669
2025-01-15 21:55:00+01:00,618.7899780273438,618.8599853515625,616.469970703125,616.719970703125,514843
2025-01-16 15:30:00+01:00,611.5,613.4000244140625,609.7100219726562,610.3800048828125,802405
2025-01-16 15:35:00+01:00,610.3800048828125,613.639892578125,610.1400146484375,613.3499755859375,239048
2025-01-16 15:40:00+01:00,613.3200073242188,614.4400024414062,612.0800170898438,612.5,186840
2025-01-16 15:45:00+01:00,612.4000244140625,612.5999755859375,610.8499755859375,611.3099975585938,151836
2025-01-16 15:50:00+01:00,611.5,613.1199951171875,610.9600219726562,611.0499877929688,128855
2025-01-16 15:55:00+01:00,610.989990234375,611.5908813476562,610.2901000976562,610.8200073242188,94158
2025-01-16 16:00:00+01:00,610.8200073242188,613.25,609.75,612.5299072265625,173799
2025-01-16 16:05:00+01:00,612.4949951171875,614.2000122070312,612.3300170898438,613.5399780273438,109018
2025-01-16 16:10:00+01:00,613.4299926757812,613.6427001953125,610.3200073242188,610.7550048828125,77159
2025-01-16 16:15:00+01:00,610.8895263671875,612.5999145507812,610.75,612.010009765625,83372
2025-01-16 16:20:00+01:00,612.2799072265625,612.8699951171875,611.5250244140625,612.72998046875,54801
2025-01-16 16:25:00+01:00,612.5499877929688,612.5499877929688,610.6300048828125,610.8400268554688,83219
2025-01-16 16:30:00+01:00,610.8333129882812,611.5850219726562,610.4000244140625,610.8250122070312,65785
2025-01-16 16:35:00+01:00,610.8699951171875,612.871826171875,610.239990234375,612.780029296875,92807
2025-01-16 16:40:00+01:00,612.75,612.9600219726562,611.2200927734375,612.7000122070312,71273
2025-01-16 16:45:00+01:00,612.5775146484375,612.6649780273438,611.3300170898438,611.97998046875,56013
2025-01-16 16:50:00+01:00,611.739990234375,613.260009765625,611.739990234375,612.1400146484375,57023
2025-01-16 16:55:00+01:00,612.2899780273438,614.1939697265625,612.2899780273438,614.1680908203125,68112
2025-01-16 17:00:00+01:00,614.0599975585938,616.0,613.6099853515625,615.4749755859375,160316
2025-01-16 17:05:00+01:00,615.5900268554688,615.8800048828125,614.6701049804688,615.0900268554688,72478
2025-01-16 17:10:00+01:00,614.9000244140625,615.1799926757812,613.5599975585938,613.739990234375,74727
2025-01-16 17:15:00+01:00,613.530029296875,613.8916015625,612.2000122070312,612.9500122070312,57132
2025-01-16 17:20:00+01:00,613.227783203125,614.72998046875,612.3099975585938,614.1599731445312,78036
2025-01-16 17:25:00+01:00,614.1649780273438,614.9000244140625,613.489990234375,613.5800170898438,55648
2025-01-16 17:30:00+01:00,613.5,614.72998046875,613.0499877929688,613.6699829101562,44735
2025-01-16 17:35:00+01:00,613.5499877929688,613.6892700195312,611.0599975585938,611.2000122070312,67572
2025-01-16 17:40:00+01:00,611.1199951171875,612.030029296875,610.1400146484375,611.1400146484375,77163
2025-01-16 17:45:00+01:00,611.1400146484375,611.9349975585938,610.9000244140625,611.52001953125,51419
2025-01-16 17:50:00+01:00,611.5499877929688,611.9299926757812,610.8599853515625,611.4349975585938,79864
2025-01-16 17:55:00+01:00,611.4887084960938,612.3300170898438,610.9700927734375,612.0999755859375,90683
2025-01-16 18:00:00+01:00,611.8900146484375,612.4298706054688,611.630126953125,612.4298706054688,30329
2025-01-16 18:05:00+01:00,612.4299926757812,612.4299926757812,611.5689086914062,612.0449829101562,41385
2025-01-16 18:10:00+01:00,612.0800170898438,612.6300048828125,611.75,612.219970703125,35766
2025-01-16 18:15:00+01:00,612.0900268554688,612.0900268554688,611.3101196289062,611.7716064453125,58104
2025-01-16 18:20:00+01:00,611.8800048828125,612.4221801757812,611.3499755859375,612.3200073242188,48920
2025-01-16 18:25:00+01:00,612.3599853515625,614.22998046875,612.2949829101562,614.2000122070312,104872
2025-01-16 18:30:00+01:00,614.0750122070312,614.4711303710938,613.6099853515625,614.4400024414062,58348
2025-01-16 18:35:00+01:00,614.3200073242188,614.4600219726562,613.5,613.6400146484375,61042
2025-01-16 18:40:00+01:00,613.530029296875,614.22998046875,613.530029296875,613.8870239257812,25186
2025-01-16 18:45:00+01:00,613.9149780273438,614.780029296875,613.9149780273438,614.3499755859375,34442
2025-01-16 18:50:00+01:00,614.3499755859375,614.7000122070312,614.1400146484375,614.2927856445312,44339
2025-01-16 18:55:00+01:00,614.3800048828125,614.9199829101562,613.7750244140625,614.3200073242188,46861
2025-01-16 19:00:00+01:00,614.0999755859375,615.1998901367188,613.989990234375,615.1757202148438,53316
2025-01-16 19:05:00+01:00,615.0999755859375,615.4000244140625,614.4445190429688,614.6900024414062,40149
2025-01-16 19:10:00+01:00,614.7750244140625,615.260009765625,613.9600219726562,614.010009765625,42941
2025-01-16 19:15:00+01:00,614.0800170898438,614.2000122070312,613.0,613.5549926757812,47847
2025-01-16 19:20:00+01:00,613.5349731445312,614.0275268554688,613.532470703125,613.8300170898438,40235
2025-01-16 19:25:00+01:00,613.864990234375,614.0,612.8599853515625,612.8942260742188,37952
2025-01-16 19:30:00+01:00,613.02001953125,613.952880859375,612.75,613.1400146484375,49384
2025-01-16 19:35:00+01:00,613.030029296875,613.5767822265625,612.7313842773438,613.52001953125,59712
2025-01-16 19:40:00+01:00,613.6090087890625,614.1099853515625,613.47998046875,613.648193359375,47648
2025-01-16 19:45:00+01:00,613.4000244140625,613.4732055664062,611.6201171875,612.6900024414062,101917
2025-01-16 19:50:00+01:00,612.6500244140625,614.0999145507812,612.2200927734375,613.7349853515625,54789
2025-01-16 19:55:00+01:00,613.8057250976562,613.8057250976562,612.6199951171875,613.2435913085938,63393
2025-01-16 20:00:00+01:00,613.22998046875,613.4500122070312,612.280029296875,613.219970703125,41172
2025-01-16 20:05:00+01:00,613.0499877929688,614.27001953125,613.0499877929688,613.885009765625,52487
2025-01-16 20:10:00+01:00,613.8674926757812,614.27001953125,613.739990234375,614.1400146484375,44231
2025-01-16 20:15:00+01:00,614.0800170898438,614.8800048828125,614.0,614.3361206054688,37606
2025-01-16 20:20:00+01:00,614.3300170898438,614.618408203125,613.3800048828125,613.7100219726562,48122
2025-01-16 20:25:00+01:00,613.7011108398438,615.6099853515625,613.7011108398438,614.6699829101562,109358
2025-01-16 20:30:00+01:00,614.6599731445312,614.719970703125,614.027587890625,614.3800048828125,53013
2025-01-16 20:35:00+01:00,614.34521484375,615.6199951171875,613.8538818359375,615.1749877929688,60333
2025-01-16 20:40:00+01:00,615.2144165039062,615.22998046875,614.5900268554688,614.7050170898438,36955
2025-01-16 20:45:00+01:00,614.77001953125,614.8900146484375,614.5700073242188,614.6705932617188,29330
2025-01-16 20:50:00+01:00,614.6400146484375,614.85498046875,613.6699829101562,614.7340087890625,50585
2025-01-16 20:55:00+01:00,614.6900024414062,615.5,614.6300048828125,615.3618774414062,67892
2025-01-16 21:00:00+01:00,615.2999877929688,616.25,615.0,615.719970703125,73842
2025-01-16 21:05:00+01:00,615.7330932617188,616.0999755859375,615.5001220703125,615.72998046875,49562
2025-01-16 21:10:00+01:00,615.781982421875,615.927001953125,614.760009765625,614.969970703125,49383
2025-01-16 21:15:00+01:00,615.0198974609375,615.0198974609375,613.5900268554688,613.8099975585938,62949
2025-01-16 21:20:00+01:00,613.8488159179688,613.8488159179688,612.7449951171875,613.0880126953125,84803
2025-01-16 21:25:00+01:00,613.219970703125,613.8699951171875,612.9000244140625,613.8699951171875,51188
2025-01-16 21:30:00+01:00,613.5225219726562,614.530029296875,613.0,613.3438110351562,72152
2025-01-16 21:35:00+01:00,613.1599731445312,613.7999877929688,613.0700073242188,613.2550048828125,52350
2025-01-16 21:40:00+01:00,613.2000122070312,614.3400268554688,613.0401000976562,614.0399780273438,80072
2025-01-16 21:45:00+01:00,614.1043701171875,614.239990234375,613.5,613.8900146484375,102854
2025-01-16 21:50:00+01:00,613.530029296875,614.2098999023438,612.2100219726562,612.8200073242188,179176
2025-01-16 21:55:00+01:00,612.5499877929688,612.66259765625,611.1099853515625,611.3699951171875,419212
2025-01-17 15:30:00+01:00,624.9000244140625,624.969970703125,616.6599731445312,619.63330078125,2231720
2025-01-17 15:35:00+01:00,619.72998046875,620.1799926757812,615.0,616.4099731445312,291026
2025-01-17 15:40:00+01:00,616.3092041015625,616.7103881835938,614.1799926757812,614.730712890625,201605
2025-01-17 15:45:00+01:00,614.719970703125,616.306396484375,613.6600952148438,615.989990234375,234300
2025-01-17 15:50:00+01:00,616.06787109375,617.6749877929688,614.728515625,615.4249877929688,183142
2025-01-17 15:55:00+01:00,615.5599975585938,616.25,613.0,614.5,183553
2025-01-17 16:00:00+01:00,614.530029296875,618.4400024414062,614.3900146484375,617.9199829101562,465484
2025-01-17 16:05:00+01:00,617.9349975585938,621.169921875,616.6400146484375,616.77001953125,481497
2025-01-17 16:10:00+01:00,617.0250244140625,617.1699829101562,613.3499755859375,613.790771484375,277883
2025-01-17 16:15:00+01:00,613.9000244140625,614.81201171875,611.7000122070312,612.4600219726562,264483
2025-01-17 16:20:00+01:00,612.8800048828125,612.8800048828125,603.6699829101562,608.0,616810
2025-01-17 16:25:00+01:00,608.1900024414062,608.4199829101562,604.780029296875,607.5399780273438,579837
2025-01-17 16:30:00+01:00,607.6099853515625,609.155029296875,606.9500122070312,608.5999755859375,272997
2025-01-17 16:35:00+01:00,608.5700073242188,609.484375,607.6649169921875,609.3300170898438,194294
2025-01-17 16:40:00+01:00,609.4400024414062,610.2399291992188,608.25,610.0,223282
2025-01-17 16:45:00+01:00,610.0700073242188,610.3900146484375,608.3400268554688,610.2899780273438,130142
2025-01-17 16:50:00+01:00,610.219970703125,611.8200073242188,609.469970703125,611.8200073242188,158327
2025-01-17 16:55:00+01:00,611.625,612.1500244140625,610.7100219726562,611.8049926757812,141968
2025-01-17 17:00:00+01:00,611.8499755859375,612.77001953125,611.25,612.260009765625,118940
2025-01-17 17:05:00+01:00,612.1104736328125,613.2999877929688,612.0,612.8060302734375,159885
2025-01-17 17:10:00+01:00,612.8900146484375,614.3300170898438,612.530029296875,612.8599853515625,152695
2025-01-17 17:15:00+01:00,613.22998046875,614.7000122070312,612.8001098632812,614.25,133228
2025-01-17 17:20:00+01:00,614.1900024414062,615.0,613.5,614.9000244140625,86527
2025-01-17 17:25:00+01:00,614.9500122070312,615.97998046875,614.85498046875,615.2999877929688,116504
2025-01-17 17:30:00+01:00,615.4699096679688,615.6500244140625,613.6002807617188,614.010009765625,136740
2025-01-17 17:35:00+01:00,614.0800170898438,615.2999877929688,613.8300170898438,614.9600219726562,67113
2025-01-17 17:40:00+01:00,614.8200073242188,614.989990234375,614.0999755859375,614.75,68007
2025-01-17 17:45:00+01:00,614.72998046875,614.9400024414062,613.3200073242188,613.655029296875,74678
2025-01-17 17:50:00+01:00,613.6597900390625,614.0800170898438,613.0200805664062,613.0499877929688,48474
2025-01-17 17:55:00+01:00,613.1799926757812,613.7100219726562,612.5183715820312,612.6900024414062,82941
2025-01-17 18:00:00+01:00,612.5599975585938,612.5599975585938,611.2000122070312,611.5349731445312,99560
2025-01-17 18:05:00+01:00,611.5296020507812,612.4000244140625,611.4600219726562,612.1900024414062,59312
2025-01-17 18:10:00+01:00,612.1099853515625,613.6900024414062,611.969970703125,613.489990234375,93280
2025-01-17 18:15:00+01:00,613.5,614.7399291992188,613.43798828125,614.4822998046875,117184
2025-01-17 18:20:00+01:00,614.4376831054688,614.739990234375,614.0200805664062,614.2725219726562,69925
2025-01-17 18:25:00+01:00,614.4785766601562,614.47998046875,613.489990234375,613.8800048828125,49283
2025-01-17 18:30:00+01:00,613.7999877929688,613.8099975585938,613.010009765625,613.0770874023438,54231
2025-01-17 18:35:00+01:00,613.0800170898438,613.6300048828125,612.8109741210938,613.4647216796875,115360
2025-01-17 18:40:00+01:00,613.5399780273438,613.74658203125,612.3499755859375,612.5225219726562,59721
2025-01-17 18:45:00+01:00,612.6032104492188,613.6400146484375,612.3699951171875,613.5302734375,56885
2025-01-17 18:50:00+01:00,613.35498046875,613.9099731445312,613.130126953125,613.6799926757812,55770
2025-01-17 18:55:00+01:00,613.9500122070312,614.2299194335938,613.39501953125,613.9099731445312,66495
2025-01-17 19:00:00+01:00,613.8200073242188,614.2899780273438,613.3300170898438,613.8101196289062,77000
2025-01-17 19:05:00+01:00,614.1699829101562,615.3599853515625,614.0999755859375,614.8350219726562,90000
2025-01-17 19:10:00+01:00,614.7999877929688,615.0999755859375,614.739990234375,614.9550170898438,69589
2025-01-17 19:15:00+01:00,614.9078979492188,615.7000122070312,614.9078979492188,615.49462890625,102208
2025-01-17 19:20:00+01:00,615.3400268554688,615.6849975585938,615.2000122070312,615.4400024414062,179705
2025-01-17 19:25:00+01:00,615.3350219726562,616.2000122070312,615.1099853515625,615.7550048828125,101488
2025-01-17 19:30:00+01:00,615.780029296875,615.8198852539062,614.9099731445312,615.2999877929688,54384
2025-01-17 19:35:00+01:00,615.2899780273438,616.5800170898438,615.010009765625,616.5499877929688,409832
2025-01-17 19:40:00+01:00,616.52001953125,616.55908203125,615.2301025390625,615.719970703125,606611
2025-01-17 19:45:00+01:00,615.72998046875,616.8400268554688,615.5401000976562,615.8800048828125,159545
2025-01-17 19:50:00+01:00,615.6599731445312,615.719970703125,614.6599731445312,615.2899780273438,58161
2025-01-17 19:55:00+01:00,615.2249755859375,615.2249755859375,614.0474853515625,614.3150024414062,78681
2025-01-17 20:00:00+01:00,614.3699951171875,615.3037109375,614.3099975585938,615.3037109375,479494
2025-01-17 20:05:00+01:00,615.260009765625,615.280029296875,614.02001953125,614.4329833984375,57066
2025-01-17 20:10:00+01:00,614.4100952148438,614.5499877929688,614.0001220703125,614.3099975585938,35796
2025-01-17 20:15:00+01:00,614.3079833984375,614.385009765625,613.0,613.3300170898438,74229
2025-01-17 20:20:00+01:00,613.385009765625,614.4199829101562,613.3200073242188,613.77001953125,124351
2025-01-17 20:25:00+01:00,613.9000244140625,614.0,613.0700073242188,613.1500244140625,61842
2025-01-17 20:30:00+01:00,613.219970703125,613.6300048828125,613.1229248046875,613.3800048828125,48049
2025-01-17 20:35:00+01:00,613.2650146484375,613.760009765625,613.2000732421875,613.375,50360
2025-01-17 20:40:00+01:00,613.375,614.1900024414062,613.375,614.094970703125,80218
2025-01-17 20:45:00+01:00,614.1199951171875,614.489990234375,614.0200805664062,614.2058715820312,58831
2025-01-17 20:50:00+01:00,614.0700073242188,614.3599853515625,612.5999755859375,612.739990234375,71832
2025-01-17 20:55:00+01:00,612.67578125,613.6500244140625,612.67578125,613.3800048828125,58412
2025-01-17 21:00:00+01:00,613.3200073242188,613.6099853515625,612.5,613.375,151115
2025-01-17 21:05:00+01:00,613.3250122070312,614.1199951171875,613.0,613.9500122070312,75923
2025-01-17 21:10:00+01:00,614.1199951171875,614.5,613.5,613.8200073242188,59862
2025-01-17 21:15:00+01:00,613.7999877929688,614.0700073242188,613.5999755859375,614.0250244140625,86164
2025-01-17 21:20:00+01:00,613.97998046875,614.22998046875,613.2348022460938,614.22998046875,678089
2025-01-17 21:25:00+01:00,614.3200073242188,614.469970703125,613.760009765625,613.8900146484375,73689
2025-01-17 21:30:00+01:00,613.9099731445312,614.2188110351562,613.3800048828125,614.1300048828125,0
2025-01-17 21:35:00+01:00,614.08251953125,614.4099731445312,613.9149780273438,614.0775146484375,238204
2025-01-17 21:40:00+01:00,614.1400146484375,614.469970703125,613.4199829101562,613.760009765625,232887
2025-01-17 21:45:00+01:00,613.7000122070312,614.5900268554688,613.6099853515625,613.7899780273438,184558
2025-01-17 21:50:00+01:00,613.9299926757812,614.27001953125,613.0966796875,613.4450073242188,532699
2025-01-17 21:55:00+01:00,613.25,613.25,611.8200073242188,612.9500122070312,960137
2025-01-21 15:30:00+01:00,617.8250122070312,621.5,616.0,620.0100708007812,974834
2025-01-21 15:35:00+01:00,620.427978515625,620.427978515625,615.22998046875,616.0048828125,264453
2025-01-21 15:40:00+01:00,615.8350219726562,618.4199829101562,613.614990234375,617.27490234375,225295
2025-01-21 15:45:00+01:00,617.489990234375,618.5999755859375,616.3316040039062,617.77001953125,169805
2025-01-21 15:50:00+01:00,617.989990234375,619.1099853515625,614.7341918945312,614.760009765625,153373
2025-01-21 15:55:00+01:00,615.3300170898438,616.5048828125,614.989990234375,615.0549926757812,151351
2025-01-21 16:00:00+01:00,615.2100219726562,615.2100219726562,613.0900268554688,613.4149780273438,136649
2025-01-21 16:05:00+01:00,613.3599853515625,614.2899169921875,612.6099853515625,613.280029296875,148977
2025-01-21 16:10:00+01:00,613.1099853515625,613.739990234375,609.6099853515625,609.6699829101562,169048
2025-01-21 16:15:00+01:00,610.010009765625,613.7506713867188,609.0081787109375,613.510009765625,160409
2025-01-21 16:20:00+01:00,613.6849975585938,614.5900268554688,613.219970703125,614.0,100478
2025-01-21 16:25:00+01:00,614.0800170898438,615.2459716796875,613.6849975585938,614.7000122070312,98145
2025-01-21 16:30:00+01:00,614.625,614.8350219726562,613.0,613.8499755859375,88717
2025-01-21 16:35:00+01:00,613.8499755859375,615.0,613.0714111328125,614.8699951171875,85494
2025-01-21 16:40:00+01:00,614.8699951171875,615.8599243164062,614.5040283203125,614.8499755859375,105491
2025-01-21 16:45:00+01:00,614.8400268554688,616.27001953125,613.9199829101562,615.4199829101562,80543
2025-01-21 16:50:00+01:00,615.4400024414062,615.9299926757812,614.2050170898438,615.4550170898438,63035
2025-01-21 16:55:00+01:00,615.4550170898438,615.6500244140625,614.72998046875,615.0050048828125,51724
2025-01-21 17:00:00+01:00,615.010009765625,615.0750122070312,613.1199951171875,613.6500244140625,81262
2025-01-21 17:05:00+01:00,613.760009765625,614.6699829101562,613.4299926757812,614.1849975585938,58667
2025-01-21 17:10:00+01:00,614.0,614.3300170898438,613.0327758789062,613.9000244140625,70091
2025-01-21 17:15:00+01:00,613.7750244140625,614.3200073242188,613.1300048828125,613.5349731445312,39082
2025-01-21 17:20:00+01:00,613.6799926757812,614.5,612.1300048828125,612.489990234375,86170
2025-01-21 17:25:00+01:00,612.510009765625,612.780029296875,611.7899780273438,611.8499755859375,82312
2025-01-21 17:30:00+01:00,612.0599975585938,612.9298706054688,611.969970703125,612.22998046875,53129
2025-01-21 17:35:00+01:00,612.4099731445312,612.6199951171875,610.8350219726562,610.8499755859375,73544
2025-01-21 17:40:00+01:00,610.8499755859375,611.3599853515625,610.5800170898438,611.0900268554688,74273
2025-01-21 17:45:00+01:00,611.010009765625,612.75,610.8524780273438,612.75,83099
2025-01-21 17:50:00+01:00,612.6300048828125,614.5900268554688,612.2901000976562,614.469970703125,138884
2025-01-21 17:55:00+01:00,614.4840087890625,615.9848022460938,614.2623901367188,615.9000244140625,90701
2025-01-21 18:00:00+01:00,615.7899780273438,618.0700073242188,615.22998046875,617.9733276367188,170395
2025-01-21 18:05:00+01:00,617.8200073242188,618.1724243164062,616.5999755859375,617.4901123046875,108852
2025-01-21 18:10:00+01:00,617.593994140625,617.8956298828125,616.7999877929688,617.5999755859375,66270
2025-01-21 18:15:00+01:00,617.5999755859375,617.7899780273438,617.0449829101562,617.47998046875,58790
2025-01-21 18:20:00+01:00,617.5449829101562,618.0,617.1500854492188,617.4500122070312,69658
2025-01-21 18:25:00+01:00,617.4500122070312,619.2199096679688,617.4500122070312,619.1300048828125,96374
2025-01-21 18:30:00+01:00,619.2000122070312,619.7999877929688,618.2750244140625,619.0,107968
2025-01-21 18:35:00+01:00,618.9500122070312,619.5,617.9299926757812,618.0549926757812,80569
2025-01-21 18:40:00+01:00,618.0549926757812,618.5499267578125,617.677490234375,618.1599731445312,71129
2025-01-21 18:45:00+01:00,618.0570068359375,618.6799926757812,617.8499755859375,618.2449951171875,36456
2025-01-21 18:50:00+01:00,618.2449951171875,619.3499755859375,618.2449951171875,618.7999877929688,67941
2025-01-21 18:55:00+01:00,618.6799926757812,618.8300170898438,618.0,618.0,41205
2025-01-21 19:00:00+01:00,617.8800048828125,618.3099975585938,617.2940063476562,618.2100219726562,66473
2025-01-21 19:05:00+01:00,618.2100219726562,618.6998901367188,617.0200805664062,617.3131713867188,68938
2025-01-21 19:10:00+01:00,617.4000244140625,618.47998046875,617.1300048828125,618.2000122070312,65010
2025-01-21 19:15:00+01:00,618.3800048828125,619.2686767578125,618.3400268554688,618.7050170898438,94235
2025-01-21 19:20:00+01:00,618.7050170898438,618.9099731445312,617.75,618.0239868164062,110562
2025-01-21 19:25:00+01:00,617.965087890625,618.1400146484375,616.5599975585938,617.135009765625,108065
2025-01-21 19:30:00+01:00,617.27001953125,617.31298828125,616.2501220703125,616.8499755859375,60533
2025-01-21 19:35:00+01:00,616.9299926757812,617.4826049804688,616.6199951171875,616.760009765625,44076
2025-01-21 19:40:00+01:00,616.760009765625,616.8900146484375,615.489990234375,616.0700073242188,78787
2025-01-21 19:45:00+01:00,616.1099853515625,616.14990234375,615.4299926757812,615.72998046875,51926
2025-01-21 19:50:00+01:00,615.72998046875,616.010009765625,615.3599853515625,615.52001953125,48726
2025-01-21 19:55:00+01:00,615.4849853515625,615.7999877929688,614.8861083984375,615.0800170898438,64008
2025-01-21 20:00:00+01:00,615.1599731445312,616.4102172851562,614.9299926757812,616.2750244140625,75049
2025-01-21 20:05:00+01:00,616.1199951171875,616.7899780273438,616.0401000976562,616.6400146484375,45267
2025-01-21 20:10:00+01:00,616.5549926757812,616.8499755859375,616.269775390625,616.3900146484375,71644
2025-01-21 20:15:00+01:00,616.3900146484375,616.3900146484375,615.280029296875,615.4899291992188,56962
2025-01-21 20:20:00+01:00,615.375,616.177490234375,615.2650146484375,615.8599853515625,47067
2025-01-21 20:25:00+01:00,616.010009765625,616.780029296875,615.9500122070312,616.4749755859375,60539
2025-01-21 20:30:00+01:00,616.4749755859375,616.7999877929688,615.9199829101562,616.5338134765625,87812
2025-01-21 20:35:00+01:00,616.5349731445312,616.9598999023438,615.6799926757812,616.739990234375,120166
2025-01-21 20:40:00+01:00,616.75,617.4299926757812,616.2449951171875,617.2750244140625,68494
2025-01-21 20:45:00+01:00,617.2849731445312,617.4199829101562,617.0001220703125,617.260009765625,52677
2025-01-21 20:50:00+01:00,617.2849731445312,617.47998046875,616.9400024414062,617.47998046875,68379
2025-01-21 20:55:00+01:00,617.364990234375,618.1400146484375,616.9199829101562,617.114990234375,93700
2025-01-21 21:00:00+01:00,617.114990234375,618.75,616.7050170898438,618.0784912109375,115709
2025-01-21 21:05:00+01:00,618.0850219726562,618.3071899414062,617.02001953125,617.2050170898438,60528
2025-01-21 21:10:00+01:00,617.25,617.5700073242188,616.6400146484375,617.3499755859375,64635
2025-01-21 21:15:00+01:00,617.3295288085938,617.7645874023438,616.5501098632812,616.7301025390625,65998
2025-01-21 21:20:00+01:00,617.239990234375,617.3400268554688,616.010009765625,616.302490234375,87480
2025-01-21 21:25:00+01:00,616.35498046875,617.7000122070312,616.25,617.3701171875,69470
2025-01-21 21:30:00+01:00,617.3800048828125,617.8250122070312,616.989990234375,617.114990234375,72319
2025-01-21 21:35:00+01:00,617.02001953125,617.969970703125,616.7000122070312,617.9600219726562,95529
2025-01-21 21:40:00+01:00,617.97998046875,618.0800170898438,616.469970703125,616.9199829101562,108986
2025-01-21 21:45:00+01:00,616.9299926757812,616.9299926757812,615.8800048828125,616.3800048828125,93907
2025-01-21 21:50:00+01:00,616.4600219726562,616.7703857421875,615.3599853515625,616.2899780273438,129241
2025-01-21 21:55:00+01:00,616.1699829101562,617.0499877929688,615.8300170898438,616.4600219726562,411281
2025-01-22 15:30:00+01:00,623.405029296875,625.75,619.5499877929688,622.9199829101562,973896
2025-01-22 15:35:00+01:00,623.2100219726562,624.8516235351562,621.6500244140625,622.9000244140625,182806
2025-01-22 15:40:00+01:00,622.719970703125,623.4099731445312,620.7999877929688,621.5,173749
2025-01-22 15:45:00+01:00,621.3599853515625,622.1799926757812,620.5,621.9000244140625,188309
2025-01-22 15:50:00+01:00,622.030029296875,623.4990234375,621.1599731445312,622.9600219726562,155385
2025-01-22 15:55:00+01:00,622.989990234375,624.6500244140625,622.8099975585938,624.39501953125,155342
2025-01-22 16:00:00+01:00,624.2659912109375,627.219970703125,624.219970703125,626.7901000976562,390416
2025-01-22 16:05:00+01:00,626.9810180664062,628.66259765625,626.5601196289062,627.8699951171875,300433
2025-01-22 16:10:00+01:00,627.760009765625,629.6900024414062,627.5599975585938,628.3162841796875,297521
2025-01-22 16:15:00+01:00,628.5050048828125,629.0800170898438,627.530029296875,627.530029296875,123900
2025-01-22 16:20:00+01:00,627.6334228515625,627.6400146484375,625.817626953125,626.0399780273438,231679
2025-01-22 16:25:00+01:00,625.9749755859375,627.4199829101562,625.510009765625,627.1400146484375,190323
2025-01-22 16:30:00+01:00,627.1538696289062,628.97998046875,626.3800048828125,627.8300170898438,153390
2025-01-22 16:35:00+01:00,627.8250122070312,629.0,627.5469970703125,628.2000122070312,101857
2025-01-22 16:40:00+01:00,628.3699951171875,628.8599853515625,627.52001953125,628.719970703125,79595
2025-01-22 16:45:00+01:00,628.594970703125,628.7899780273438,627.4796752929688,628.135009765625,197066
2025-01-22 16:50:00+01:00,628.0250244140625,628.4099731445312,626.6900024414062,627.3250122070312,96374
2025-01-22 16:55:00+01:00,627.3499755859375,628.0050048828125,626.2899780273438,626.405029296875,70791
2025-01-22 17:00:00+01:00,626.405029296875,628.605712890625,626.39501953125,628.47998046875,73145
2025-01-22 17:05:00+01:00,628.5,628.7999877929688,628.25,628.6199951171875,57061
2025-01-22 17:10:00+01:00,628.510009765625,628.6174926757812,627.5200805664062,627.9099731445312,91838
2025-01-22 17:15:00+01:00,627.8499755859375,630.9000244140625,627.6500244140625,630.0449829101562,280680
2025-01-22 17:20:00+01:00,630.0900268554688,631.7999877929688,629.7100219726562,631.010009765625,184849
2025-01-22 17:25:00+01:00,631.0,631.8800048828125,630.5599975585938,631.114990234375,136551
2025-01-22 17:30:00+01:00,631.010009765625,632.2999877929688,630.239990234375,631.551025390625,143929
2025-01-22 17:35:00+01:00,631.4508056640625,633.1798706054688,631.4508056640625,632.6199951171875,145043
2025-01-22 17:40:00+01:00,632.530029296875,633.49951171875,632.1500244140625,632.1900024414062,157302
2025-01-22 17:45:00+01:00,632.27001953125,632.9000244140625,631.7100219726562,632.0700073242188,103470
2025-01-22 17:50:00+01:00,632.1300048828125,632.5999755859375,631.8400268554688,632.1776733398438,81409
2025-01-22 17:55:00+01:00,632.2000122070312,632.8800048828125,632.0001220703125,632.497314453125,75058
2025-01-22 18:00:00+01:00,632.6959838867188,633.0,632.0499877929688,632.0499877929688,86489
2025-01-22 18:05:00+01:00,632.14501953125,633.0,631.6500244140625,632.8319702148438,78164
2025-01-22 18:10:00+01:00,632.8483276367188,633.7000122070312,631.2301025390625,631.3599853515625,132463
2025-01-22 18:15:00+01:00,631.6400146484375,631.8400268554688,630.7501220703125,631.1500244140625,112658
2025-01-22 18:20:00+01:00,631.155029296875,631.47998046875,630.9500122070312,631.0900268554688,71536
2025-01-22 18:25:00+01:00,631.14501953125,631.5969848632812,630.3599853515625,631.0850219726562,93868
2025-01-22 18:30:00+01:00,631.010009765625,631.3400268554688,630.510009765625,631.2999877929688,50115
2025-01-22 18:35:00+01:00,631.3900146484375,631.659912109375,629.8499755859375,630.3350219726562,88702
2025-01-22 18:40:00+01:00,630.2401123046875,630.9400024414062,628.3200073242188,629.4600219726562,113236
2025-01-22 18:45:00+01:00,629.2999877929688,630.6300048828125,629.2999877929688,630.530029296875,59814
2025-01-22 18:50:00+01:00,630.5,631.3161010742188,630.5,630.8900146484375,49620
2025-01-22 18:55:00+01:00,630.8200073242188,631.0,630.27001953125,630.6099853515625,44228
2025-01-22 19:00:00+01:00,630.6199951171875,631.373779296875,630.4500732421875,631.030029296875,63480
2025-01-22 19:05:00+01:00,631.0,631.1566772460938,629.614990234375,630.3150024414062,60441
2025-01-22 19:10:00+01:00,630.3150024414062,630.3983154296875,628.7999877929688,628.989990234375,64328
2025-01-22 19:15:00+01:00,628.8400268554688,629.0,627.840087890625,628.1624755859375,62767
2025-01-22 19:20:00+01:00,628.2247924804688,628.4099731445312,627.0045776367188,628.030029296875,90541
2025-01-22 19:25:00+01:00,628.1047973632812,628.21630859375,626.860107421875,627.6649780273438,51491
2025-01-22 19:30:00+01:00,627.6099853515625,627.9454956054688,626.5599975585938,627.1181030273438,81664
2025-01-22 19:35:00+01:00,626.9949951171875,627.8255004882812,626.9949951171875,627.6849975585938,44518
2025-01-22 19:40:00+01:00,627.6849975585938,627.986572265625,627.3400268554688,627.3400268554688,69648
2025-01-22 19:45:00+01:00,627.5050048828125,627.8966064453125,626.7999877929688,627.72998046875,36958
2025-01-22 19:50:00+01:00,627.8400268554688,628.3499755859375,626.5501098632812,626.6799926757812,57380
2025-01-22 19:55:00+01:00,626.8599853515625,626.9400024414062,626.3001098632812,626.8200073242188,52815
2025-01-22 20:00:00+01:00,626.760009765625,627.4490966796875,626.510009765625,627.3499755859375,41861
2025-01-22 20:05:00+01:00,627.489990234375,627.5499877929688,626.5501098632812,626.7744750976562,51222
2025-01-22 20:10:00+01:00,626.7761840820312,627.510009765625,626.6199951171875,627.14501953125,50330
2025-01-22 20:15:00+01:00,627.1900024414062,627.3599853515625,626.6500244140625,626.6500244140625,32817
2025-01-22 20:20:00+01:00,626.72998046875,627.0499877929688,626.2100219726562,626.3049926757812,51088
2025-01-22 20:25:00+01:00,626.3482055664062,626.52001953125,625.4299926757812,625.739990234375,79918
2025-01-22 20:30:00+01:00,625.6199951171875,625.6685791015625,624.8300170898438,625.37841796875,70402
2025-01-22 20:35:00+01:00,625.4199829101562,625.6799926757812,625.1500244140625,625.1799926757812,49799
2025-01-22 20:40:00+01:00,625.1898193359375,625.7999877929688,625.0103759765625,625.25,46179
2025-01-22 20:45:00+01:00,625.3150024414062,626.3499145507812,625.3150024414062,626.1279907226562,38646
2025-01-22 20:50:00+01:00,626.1500244140625,626.5598754882812,626.0401000976562,626.4149780273438,48526
2025-01-22 20:55:00+01:00,626.469970703125,626.8499755859375,626.260009765625,626.7550048828125,51936
2025-01-22 21:00:00+01:00,626.5599975585938,627.1900024414062,626.2999877929688,626.386474609375,65057
2025-01-22 21:05:00+01:00,626.3300170898438,626.8098754882812,626.0599975585938,626.7999877929688,48595
2025-01-22 21:10:00+01:00,626.77001953125,627.0999755859375,626.47998046875,626.9500122070312,59214
2025-01-22 21:15:00+01:00,626.8800048828125,627.0977172851562,626.1400146484375,626.239990234375,63215
2025-01-22 21:20:00+01:00,626.239990234375,626.3099975585938,625.7999877929688,626.2152099609375,59245
2025-01-22 21:25:00+01:00,625.8400268554688,626.1599731445312,625.6300048828125,625.6300048828125,61590
2025-01-22 21:30:00+01:00,625.819091796875,626.3760986328125,625.6300048828125,626.1400146484375,60433
2025-01-22 21:35:00+01:00,626.0850219726562,626.1478881835938,625.5,625.5305786132812,50864
2025-01-22 21:40:00+01:00,625.5750122070312,626.260009765625,625.1699829101562,625.9400024414062,72369
2025-01-22 21:45:00+01:00,625.9349975585938,626.1099853515625,624.8499755859375,624.989990234375,98933
2025-01-22 21:50:00+01:00,624.9199829101562,624.9199829101562,622.8400268554688,623.85498046875,303821
2025-01-22 21:55:00+01:00,623.75,624.2100219726562,621.5999755859375,623.4500122070312,595340
2025-01-23 15:30:00+01:00,627.5,628.0,621.1500244140625,624.6599731445312,621777
2025-01-23 15:35:00+01:00,624.344970703125,625.0399780273438,623.1300048828125,624.7349853515625,168179
2025-01-23 15:40:00+01:00,624.8900146484375,625.77001953125,623.6599731445312,625.357177734375,145484
2025-01-23 15:45:00+01:00,625.27001953125,626.2567749023438,625.0,625.1699829101562,112688
2025-01-23 15:50:00+01:00,625.1849975585938,625.7100219726562,624.3201293945312,624.5767211914062,76007
2025-01-23 15:55:00+01:00,624.5800170898438,627.0750122070312,623.8400268554688,626.9400024414062,221466
2025-01-23 16:00:00+01:00,626.9099731445312,627.77001953125,624.8300170898438,626.0,142145
2025-01-23 16:05:00+01:00,626.2899169921875,626.9149780273438,625.5,625.7899780273438,89001
2025-01-23 16:10:00+01:00,625.97998046875,626.3499755859375,624.7526245117188,625.35498046875,93314
2025-01-23 16:15:00+01:00,625.4400024414062,626.3699951171875,624.1900024414062,624.8699951171875,102405
2025-01-23 16:20:00+01:00,624.9000244140625,626.469970703125,624.5,626.2000122070312,81742
2025-01-23 16:25:00+01:00,626.1400146484375,627.77001953125,625.3800048828125,627.77001953125,112211
2025-01-23 16:30:00+01:00,627.6849975585938,628.6699829101562,627.1099853515625,628.5,116621
2025-01-23 16:35:00+01:00,628.639892578125,629.5499877929688,627.8201293945312,629.0,179517
2025-01-23 16:40:00+01:00,629.0399780273438,629.3399047851562,627.5599975585938,628.0999755859375,94196
2025-01-23 16:45:00+01:00,628.0,628.4299926757812,627.72998046875,628.2783813476562,56200
2025-01-23 16:50:00+01:00,628.1799926757812,628.1799926757812,626.9000244140625,627.1900024414062,91456
2025-01-23 16:55:00+01:00,627.2899780273438,627.6300048828125,626.9500732421875,627.3800048828125,62049
2025-01-23 17:00:00+01:00,627.4199829101562,629.0,626.9400024414062,628.8099975585938,116976
2025-01-23 17:05:00+01:00,628.9172973632812,629.2100219726562,627.0811157226562,627.1849975585938,73764
2025-01-23 17:10:00+01:00,627.260009765625,628.719970703125,627.260009765625,628.3800048828125,75958
2025-01-23 17:15:00+01:00,628.3114013671875,628.719970703125,627.530029296875,628.0499877929688,37067
2025-01-23 17:20:00+01:00,627.9849853515625,628.6400146484375,627.3035888671875,628.4199829101562,40140
2025-01-23 17:25:00+01:00,628.639892578125,628.639892578125,627.3599853515625,628.2730712890625,54190
2025-01-23 17:30:00+01:00,628.3499755859375,630.27001953125,628.2999877929688,629.7349853515625,116369
2025-01-23 17:35:00+01:00,629.6099853515625,630.396728515625,629.2100830078125,630.2999877929688,100524
2025-01-23 17:40:00+01:00,630.3099975585938,630.8699951171875,630.0700073242188,630.4299926757812,106124
2025-01-23 17:45:00+01:00,630.5399780273438,630.97998046875,629.3300170898438,630.1199951171875,73003
2025-01-23 17:50:00+01:00,630.0399780273438,630.2100219726562,629.130126953125,629.8079833984375,60058
2025-01-23 17:55:00+01:00,629.739990234375,630.10400390625,629.2100219726562,629.3670043945312,32343
2025-01-23 18:00:00+01:00,629.4249877929688,629.4249877929688,628.4600219726562,628.6699829101562,40065
2025-01-23 18:05:00+01:00,628.6699829101562,629.3496704101562,627.8582153320312,628.9890747070312,58016
2025-01-23 18:10:00+01:00,629.0286254882812,629.5775146484375,628.52001953125,628.969970703125,34208
2025-01-23 18:15:00+01:00,629.010009765625,629.7999877929688,628.7000732421875,629.2949829101562,48324
2025-01-23 18:20:00+01:00,629.1199951171875,629.739990234375,628.9774169921875,629.1699829101562,45848
2025-01-23 18:25:00+01:00,629.1799926757812,629.1799926757812,628.4201049804688,628.8433837890625,44119
2025-01-23 18:30:00+01:00,628.9199829101562,628.9500122070312,627.6500244140625,628.4199829101562,112265
2025-01-23 18:35:00+01:00,628.510009765625,629.0250244140625,628.02001953125,629.0250244140625,65912
2025-01-23 18:40:00+01:00,628.9600219726562,629.7000122070312,628.7000122070312,629.2249755859375,55122
2025-01-23 18:45:00+01:00,629.2249755859375,629.52001953125,628.4530029296875,629.4249877929688,48896
2025-01-23 18:50:00+01:00,629.52001953125,630.5656127929688,629.5050048828125,630.1500244140625,63037
2025-01-23 18:55:00+01:00,630.0,630.4998779296875,629.8699951171875,630.3200073242188,48955
2025-01-23 19:00:00+01:00,630.2750244140625,630.2750244140625,629.6699829101562,630.052490234375,41736
2025-01-23 19:05:00+01:00,630.0650024414062,630.5599975585938,630.0045166015625,630.1500244140625,48585
2025-01-23 19:10:00+01:00,630.3099975585938,630.3599853515625,629.971923828125,630.2100219726562,48411
2025-01-23 19:15:00+01:00,630.2100219726562,630.8900146484375,630.0800170898438,630.8350219726562,51540
2025-01-23 19:20:00+01:00,630.8200073242188,630.9298706054688,630.534423828125,630.6099853515625,41253
2025-01-23 19:25:00+01:00,630.6400146484375,630.6400146484375,630.0,630.27001953125,39583
2025-01-23 19:30:00+01:00,630.1699829101562,631.5,630.0701293945312,631.2349853515625,71231
2025-01-23 19:35:00+01:00,631.114990234375,632.25,630.8200073242188,632.1599731445312,78654
2025-01-23 19:40:00+01:00,632.1903076171875,632.25,631.1500244140625,631.5999755859375,57135
2025-01-23 19:45:00+01:00,631.5999755859375,632.1500244140625,631.5999755859375,631.60498046875,43547
2025-01-23 19:50:00+01:00,631.7000122070312,631.8400268554688,630.8300170898438,630.9749755859375,160132
2025-01-23 19:55:00+01:00,630.969970703125,631.9500122070312,630.3699951171875,631.6099243164062,71889
2025-01-23 20:00:00+01:00,631.5349731445312,631.989990234375,630.590087890625,630.7249755859375,49876
2025-01-23 20:05:00+01:00,630.7249755859375,630.9298706054688,628.6392822265625,628.9500122070312,92299
2025-01-23 20:10:00+01:00,629.0499877929688,629.369873046875,628.6500244140625,629.3200073242188,59854
2025-01-23 20:15:00+01:00,629.1400146484375,629.822021484375,628.9400024414062,629.7000122070312,45139
2025-01-23 20:20:00+01:00,629.6380004882812,630.197509765625,629.6380004882812,629.8400268554688,50589
2025-01-23 20:25:00+01:00,629.9099731445312,631.189697265625,629.8350219726562,630.6300048828125,302903
2025-01-23 20:30:00+01:00,630.4818725585938,631.4199829101562,630.4818725585938,631.14501953125,138411
2025-01-23 20:35:00+01:00,631.02001953125,631.5700073242188,630.7152099609375,631.3150024414062,64431
2025-01-23 20:40:00+01:00,631.3049926757812,631.77001953125,631.25,631.4149780273438,48842
2025-01-23 20:45:00+01:00,631.4000244140625,631.780029296875,631.4000244140625,631.625,53765
2025-01-23 20:50:00+01:00,631.6099853515625,632.0,631.3800048828125,631.469970703125,70947
2025-01-23 20:55:00+01:00,631.3599853515625,632.25,631.3499755859375,631.6699829101562,86199
2025-01-23 21:00:00+01:00,631.469970703125,631.8699951171875,631.0700073242188,631.0900268554688,47247
2025-01-23 21:05:00+01:00,631.1199951171875,632.5,631.1199951171875,632.010009765625,75216
2025-01-23 21:10:00+01:00,632.11572265625,632.5499267578125,631.686279296875,632.375,69765
2025-01-23 21:15:00+01:00,632.3699951171875,632.6400146484375,631.5900268554688,632.02001953125,66949
2025-01-23 21:20:00+01:00,632.0900268554688,632.8699951171875,632.0,632.6199951171875,65093
2025-01-23 21:25:00+01:00,632.6300048828125,632.6799926757812,632.0001220703125,632.6799926757812,62193
2025-01-23 21:30:00+01:00,632.6199951171875,633.1890258789062,632.2000732421875,632.9949951171875,102127
2025-01-23 21:35:00+01:00,632.9949951171875,633.0299072265625,632.27001953125,632.7249755859375,90433
2025-01-23 21:40:00+01:00,632.7249755859375,632.8699951171875,631.8300170898438,632.3707275390625,128169
2025-01-23 21:45:00+01:00,632.530029296875,633.4099731445312,632.3400268554688,633.1500244140625,131078
2025-01-23 21:50:00+01:00,633.0,634.9400024414062,632.1699829101562,634.7249755859375,288171
2025-01-23 21:55:00+01:00,634.739990234375,636.5800170898438,634.739990234375,636.3699951171875,757863
2025-01-24 15:30:00+01:00,636.4749755859375,639.6099853515625,634.280029296875,636.0,1742889
2025-01-24 15:35:00+01:00,642.7349853515625,644.5,639.8200073242188,644.4000244140625,1528784
2025-01-24 15:40:00+01:00,644.3099975585938,646.4000244140625,643.2943725585938,645.8599853515625,657727
2025-01-24 15:45:00+01:00,645.97998046875,646.9000244140625,643.5399780273438,644.3154296875,345033
2025-01-24 15:50:00+01:00,644.1400146484375,646.9000244140625,643.5505981445312,646.8300170898438,343181
2025-01-24 15:55:00+01:00,646.7150268554688,646.8300170898438,642.5,642.5700073242188,334678
2025-01-24 16:00:00+01:00,642.6699829101562,643.8350219726562,640.0,641.9114990234375,364136
2025-01-24 16:05:00+01:00,642.0700073242188,643.869873046875,640.7901000976562,641.9849853515625,164567
2025-01-24 16:10:00+01:00,642.1920776367188,643.2993774414062,640.9199829101562,641.3499755859375,214057
2025-01-24 16:15:00+01:00,641.4349975585938,641.9298706054688,640.5,641.1849975585938,193305
2025-01-24 16:20:00+01:00,641.3200073242188,641.7299194335938,639.8599853515625,641.3800048828125,252518
2025-01-24 16:25:00+01:00,641.3800048828125,642.219970703125,640.7650146484375,641.0999755859375,157527
2025-01-24 16:30:00+01:00,641.1400146484375,643.1900024414062,641.1400146484375,643.0499877929688,132956
2025-01-24 16:35:00+01:00,642.8200073242188,643.1900024414062,640.2999877929688,640.6749877929688,149508
2025-01-24 16:40:00+01:00,640.6099853515625,642.0299072265625,639.8800048828125,641.9299926757812,136799
2025-01-24 16:45:00+01:00,641.75,643.0,641.5401000976562,642.6300048828125,94096
2025-01-24 16:50:00+01:00,642.7050170898438,642.9299926757812,641.3099975585938,642.02001953125,113557
2025-01-24 16:55:00+01:00,641.9428100585938,642.719970703125,641.7849731445312,642.489990234375,78330
2025-01-24 17:00:00+01:00,642.52001953125,643.0,642.1201171875,642.77001953125,92981
2025-01-24 17:05:00+01:00,642.6599731445312,644.5999145507812,642.3599853515625,644.3599853515625,172354
2025-01-24 17:10:00+01:00,644.4600219726562,644.4600219726562,642.7600708007812,643.2000122070312,109413
2025-01-24 17:15:00+01:00,643.1212768554688,643.5,642.4099731445312,643.1900024414062,81922
2025-01-24 17:20:00+01:00,643.2100219726562,644.0,643.1599731445312,643.4249877929688,132907
2025-01-24 17:25:00+01:00,643.4982299804688,644.3099975585938,643.3200073242188,644.0477905273438,97362
2025-01-24 17:30:00+01:00,644.0850219726562,645.4298706054688,644.0850219726562,645.0,181673
2025-01-24 17:35:00+01:00,645.0798950195312,646.0900268554688,644.56298828125,645.4000244140625,271383
2025-01-24 17:40:00+01:00,645.4199829101562,646.760009765625,645.4000244140625,646.280029296875,154308
2025-01-24 17:45:00+01:00,646.3604736328125,647.6091918945312,646.0449829101562,647.6091918945312,212903
2025-01-24 17:50:00+01:00,647.6099853515625,648.169921875,647.1445922851562,647.1445922851562,210926
2025-01-24 17:55:00+01:00,647.219970703125,647.219970703125,644.5999755859375,645.3101196289062,171355
2025-01-24 18:00:00+01:00,645.3099975585938,645.6875,644.37451171875,644.8499755859375,152898
2025-01-24 18:05:00+01:00,644.8699951171875,646.7750244140625,644.5999755859375,645.8699951171875,134431
2025-01-24 18:10:00+01:00,646.010009765625,646.7999877929688,645.080078125,646.5549926757812,140948
2025-01-24 18:15:00+01:00,646.5,647.0,646.0499877929688,646.719970703125,121130
2025-01-24 18:20:00+01:00,646.7886962890625,648.0050048828125,646.2999877929688,647.8300170898438,214527
2025-01-24 18:25:00+01:00,647.8699951171875,648.0999755859375,647.1500244140625,647.68359375,145346
2025-01-24 18:30:00+01:00,647.7000122070312,649.239990234375,647.7000122070312,648.6099853515625,290617
2025-01-24 18:35:00+01:00,648.5800170898438,649.5,648.5200805664062,649.1099853515625,234117
2025-01-24 18:40:00+01:00,649.2100219726562,649.3900146484375,648.27001953125,649.1760864257812,141779
2025-01-24 18:45:00+01:00,649.1400146484375,649.6099853515625,648.544921875,649.280029296875,196315
2025-01-24 18:50:00+01:00,649.2786865234375,649.969970703125,649.0,649.8499755859375,190100
2025-01-24 18:55:00+01:00,649.8599853515625,649.989990234375,648.9000244140625,649.8900146484375,170069
2025-01-24 19:00:00+01:00,649.8400268554688,651.0,649.4500122070312,650.719970703125,297115
2025-01-24 19:05:00+01:00,650.8200073242188,651.0,649.739990234375,649.885009765625,180572
2025-01-24 19:10:00+01:00,649.77001953125,650.8900146484375,648.8300170898438,650.8699951171875,219671
2025-01-24 19:15:00+01:00,650.8845825195312,652.0,650.7000122070312,651.3900146484375,279738
2025-01-24 19:20:00+01:00,651.1900024414062,651.39990234375,650.3001098632812,650.765625,111408
2025-01-24 19:25:00+01:00,650.5800170898438,650.7000122070312,648.4650268554688,648.8800048828125,325612
2025-01-24 19:30:00+01:00,648.8499755859375,648.9500122070312,647.4000854492188,647.8300170898438,144941
2025-01-24 19:35:00+01:00,647.6599731445312,648.1798706054688,647.1599731445312,647.239990234375,142088
2025-01-24 19:40:00+01:00,647.2899780273438,648.1400146484375,646.900390625,647.5020141601562,101533
2025-01-24 19:45:00+01:00,647.5449829101562,647.7249755859375,646.22998046875,646.6599731445312,152685
2025-01-24 19:50:00+01:00,646.6099853515625,646.6099853515625,645.3200073242188,645.4412841796875,166732
2025-01-24 19:55:00+01:00,645.35009765625,645.9400024414062,644.6099853515625,645.6599731445312,133849
2025-01-24 20:00:00+01:00,645.5800170898438,647.4722900390625,645.1599731445312,645.2000122070312,153957
2025-01-24 20:05:00+01:00,645.2999877929688,645.72998046875,644.4600219726562,644.75,129475
2025-01-24 20:10:00+01:00,644.9400024414062,645.239990234375,643.8900756835938,644.6995849609375,151981
2025-01-24 20:15:00+01:00,644.7100219726562,645.157470703125,644.219970703125,644.6600952148438,98093
2025-01-24 20:20:00+01:00,644.6611938476562,645.6799926757812,644.6599731445312,645.4199829101562,112226
2025-01-24 20:25:00+01:00,645.3900146484375,645.8432006835938,644.6600952148438,644.8699951171875,102801
2025-01-24 20:30:00+01:00,644.9099731445312,645.3074951171875,644.5,644.8499755859375,93447
2025-01-24 20:35:00+01:00,644.8400268554688,645.5,644.4000244140625,644.6699829101562,101984
2025-01-24 20:40:00+01:00,644.6749877929688,645.0399780273438,644.0,644.6699829101562,95786
2025-01-24 20:45:00+01:00,644.760009765625,645.8198852539062,644.760009765625,645.5531005859375,90674
2025-01-24 20:50:00+01:00,645.4500732421875,645.9400024414062,645.0601196289062,645.27001953125,92456
2025-01-24 20:55:00+01:00,645.1849975585938,645.7100219726562,644.7399291992188,644.75,66347
2025-01-24 21:00:00+01:00,644.72021484375,647.0999755859375,644.7100219726562,646.9149780273438,145829
2025-01-24 21:05:00+01:00,646.9149780273438,647.0509033203125,645.9400024414062,646.5430297851562,119945
2025-01-24 21:10:00+01:00,646.5399780273438,646.77001953125,646.1500244140625,646.5,82218
2025-01-24 21:15:00+01:00,646.52001953125,646.669921875,645.5977783203125,645.6300048828125,457337
2025-01-24 21:20:00+01:00,645.6799926757812,646.6649780273438,645.4199829101562,646.6500244140625,115270
2025-01-24 21:25:00+01:00,646.6500244140625,646.7999877929688,645.52001953125,645.719970703125,122117
2025-01-24 21:30:00+01:00,645.7999877929688,646.2498779296875,645.6199951171875,645.75,67236
2025-01-24 21:35:00+01:00,645.6900024414062,646.47998046875,645.6799926757812,646.0700073242188,88651
2025-01-24 21:40:00+01:00,646.0900268554688,646.1599731445312,645.010009765625,645.6749877929688,105661
2025-01-24 21:45:00+01:00,645.5999755859375,646.1400146484375,645.4107055664062,645.89990234375,136357
2025-01-24 21:50:00+01:00,645.989990234375,647.1500244140625,643.9201049804688,646.9495239257812,357084
2025-01-24 21:55:00+01:00,646.885009765625,648.5800170898438,646.6799926757812,647.5,756026
2025-01-27 15:30:00+01:00,626.594970703125,640.9199829101562,625.7000122070312,632.7150268554688,3596858
2025-01-27 15:35:00+01:00,632.9345092773438,633.0399780273438,625.0999755859375,631.7899780273438,740940
2025-01-27 15:40:00+01:00,631.8400268554688,634.3599853515625,630.6699829101562,631.4199829101562,531719
2025-01-27 15:45:00+01:00,631.3599853515625,635.489990234375,631.0900268554688,634.7100219726562,432330
2025-01-27 15:50:00+01:00,634.6900024414062,636.2698974609375,632.280029296875,635.4600219726562,356567
2025-01-27 15:55:00+01:00,635.6099853515625,639.4998779296875,634.8099975585938,637.6900024414062,431826
2025-01-27 16:00:00+01:00,637.5399780273438,640.0,637.1199951171875,637.7050170898438,345864
2025-01-27 16:05:00+01:00,637.8300170898438,641.6500244140625,637.02001953125,640.7725830078125,397972
2025-01-27 16:10:00+01:00,640.875,646.0,640.780029296875,644.8300170898438,574801
2025-01-27 16:15:00+01:00,644.760009765625,644.9885864257812,640.6799926757812,640.760009765625,362451
2025-01-27 16:20:00+01:00,640.6900024414062,646.9500122070312,640.6900024414062,646.8150024414062,322500
2025-01-27 16:25:00+01:00,646.6799926757812,651.159912109375,646.1146240234375,650.8499755859375,550834
2025-01-27 16:30:00+01:00,650.75,653.2789916992188,649.5499877929688,652.344970703125,556917
2025-01-27 16:35:00+01:00,652.344970703125,655.9298706054688,649.25,654.5499877929688,566119
2025-01-27 16:40:00+01:00,654.532470703125,656.869873046875,653.780029296875,655.0850219726562,431663
2025-01-27 16:45:00+01:00,654.927490234375,657.5700073242188,653.719970703125,657.4650268554688,478751
2025-01-27 16:50:00+01:00,657.3599853515625,661.7098999023438,657.2579956054688,661.539794921875,707146
2025-01-27 16:55:00+01:00,661.6799926757812,662.8798828125,657.1400146484375,657.9000244140625,569680
2025-01-27 17:00:00+01:00,657.9600219726562,659.5599975585938,656.75,658.1199951171875,319982
2025-01-27 17:05:00+01:00,658.076904296875,659.02001953125,656.9000244140625,657.6199951171875,216069
2025-01-27 17:10:00+01:00,657.0349731445312,661.9000244140625,657.0100708007812,661.6865234375,571807
2025-01-27 17:15:00+01:00,661.75,663.6599731445312,660.5800170898438,661.6599731445312,446715
2025-01-27 17:20:00+01:00,661.75,662.0900268554688,656.1400146484375,658.2899780273438,404712
2025-01-27 17:25:00+01:00,658.1799926757812,658.4498901367188,655.77001953125,657.5999755859375,413832
2025-01-27 17:30:00+01:00,657.625,659.989990234375,657.25,659.3499755859375,309262
2025-01-27 17:35:00+01:00,659.3599853515625,659.9000244140625,657.0701293945312,659.1799926757812,283887
2025-01-27 17:40:00+01:00,659.3099975585938,661.5499267578125,659.0,660.280029296875,319752
2025-01-27 17:45:00+01:00,660.375,663.8699951171875,659.010009765625,663.3099975585938,386390
2025-01-27 17:50:00+01:00,663.2100219726562,663.5499877929688,657.0399780273438,657.3300170898438,309401
2025-01-27 17:55:00+01:00,657.4299926757812,658.989990234375,654.6099853515625,655.510009765625,217851
2025-01-27 18:00:00+01:00,655.5800170898438,656.639892578125,653.6099853515625,654.2387084960938,232377
2025-01-27 18:05:00+01:00,654.3499755859375,654.6439819335938,652.8200073242188,653.3043212890625,207636
2025-01-27 18:10:00+01:00,653.4600219726562,655.9899291992188,653.0,654.4600219726562,167685
2025-01-27 18:15:00+01:00,654.489990234375,654.8099975585938,652.47998046875,652.47998046875,139234
2025-01-27 18:20:00+01:00,652.4265747070312,653.1699829101562,650.110107421875,652.780029296875,250195
2025-01-27 18:25:00+01:00,652.6900024414062,653.7999877929688,651.330078125,653.3499755859375,173297
2025-01-27 18:30:00+01:00,653.5999755859375,654.125,651.4000244140625,652.9398803710938,160548
2025-01-27 18:35:00+01:00,652.9400024414062,653.0599975585938,650.78857421875,651.969970703125,142882
2025-01-27 18:40:00+01:00,652.0999755859375,652.4400024414062,650.1500244140625,651.122802734375,151009
2025-01-27 18:45:00+01:00,651.1599731445312,651.280029296875,649.4000244140625,650.10498046875,174897
2025-01-27 18:50:00+01:00,650.280029296875,650.8699951171875,649.02001953125,649.1099853515625,118321
2025-01-27 18:55:00+01:00,649.1699829101562,650.4299926757812,648.2313842773438,648.7899780273438,180605
2025-01-27 19:00:00+01:00,648.6400146484375,650.7299194335938,648.0900268554688,650.239990234375,164353
2025-01-27 19:05:00+01:00,650.3099975585938,651.9807739257812,649.8729248046875,651.5800170898438,135678
2025-01-27 19:10:00+01:00,651.77001953125,653.77001953125,651.3250122070312,653.22998046875,249590
2025-01-27 19:15:00+01:00,653.2899780273438,654.0299072265625,650.5700073242188,650.9000244140625,185717
2025-01-27 19:20:00+01:00,650.8690185546875,652.159912109375,650.280029296875,650.780029296875,106259
2025-01-27 19:25:00+01:00,650.5800170898438,652.1699829101562,650.340087890625,650.719970703125,102098
2025-01-27 19:30:00+01:00,650.6699829101562,652.6298828125,650.6300048828125,651.2150268554688,135080
2025-01-27 19:35:00+01:00,651.3699951171875,652.3900146484375,648.7200927734375,649.3350219726562,191285
2025-01-27 19:40:00+01:00,649.4500122070312,651.4500122070312,649.22998046875,650.989990234375,134228
2025-01-27 19:45:00+01:00,650.8699951171875,652.0900268554688,650.6500244140625,650.9398803710938,112155
2025-01-27 19:50:00+01:00,650.75,652.5800170898438,650.02001953125,652.0150146484375,166735
2025-01-27 19:55:00+01:00,652.0150146484375,652.489990234375,649.3499755859375,649.780029296875,152273
2025-01-27 20:00:00+01:00,649.75,651.4600219726562,649.6229248046875,651.3800048828125,117707
2025-01-27 20:05:00+01:00,651.1500244140625,651.1500244140625,649.5,650.0499877929688,89954
2025-01-27 20:10:00+01:00,650.0800170898438,651.0999755859375,649.9000244140625,650.219970703125,96556
2025-01-27 20:15:00+01:00,650.3599853515625,652.7899780273438,650.3599853515625,652.5499877929688,161226
2025-01-27 20:20:00+01:00,652.4600219726562,652.9680786132812,651.7299194335938,652.85498046875,124902
2025-01-27 20:25:00+01:00,652.8054809570312,655.0,652.8054809570312,654.0999755859375,233827
2025-01-27 20:30:00+01:00,654.0050048828125,654.0050048828125,650.9400024414062,651.8699951171875,173819
2025-01-27 20:35:00+01:00,651.64697265625,652.0,650.030029296875,651.081787109375,126427
2025-01-27 20:40:00+01:00,651.0399780273438,651.4500122070312,648.7000122070312,648.9249877929688,188240
2025-01-27 20:45:00+01:00,648.905029296875,649.3900146484375,646.75,646.8983764648438,187304
2025-01-27 20:50:00+01:00,647.010009765625,647.0709228515625,644.4450073242188,645.3599853515625,222649
2025-01-27 20:55:00+01:00,645.4450073242188,647.619873046875,644.9849853515625,647.1799926757812,158950
2025-01-27 21:00:00+01:00,647.1766967773438,648.5,646.9849853515625,647.9099731445312,131328
2025-01-27 21:05:00+01:00,647.9099731445312,649.4998779296875,646.7100219726562,649.3400268554688,144018
2025-01-27 21:10:00+01:00,649.1430053710938,649.99658203125,648.3800048828125,648.6599731445312,124121
2025-01-27 21:15:00+01:00,648.6699829101562,650.8300170898438,648.3250122070312,650.655029296875,199196
2025-01-27 21:20:00+01:00,650.655029296875,652.1544799804688,650.3289794921875,651.4000244140625,192723
2025-01-27 21:25:00+01:00,651.3214111328125,654.0,650.60009765625,651.8300170898438,268851
2025-01-27 21:30:00+01:00,651.97998046875,653.5750122070312,651.6555786132812,651.7899780273438,219504
2025-01-27 21:35:00+01:00,651.969970703125,654.0999755859375,651.969970703125,653.6900024414062,195997
2025-01-27 21:40:00+01:00,653.6088256835938,655.7999267578125,652.9359130859375,655.5847778320312,269358
2025-01-27 21:45:00+01:00,655.6599731445312,656.289794921875,655.2000732421875,655.75,327309
2025-01-27 21:50:00+01:00,655.6900024414062,656.4199829101562,653.47998046875,656.2150268554688,422946
2025-01-27 21:55:00+01:00,656.3400268554688,660.3599853515625,656.3400268554688,660.1799926757812,806762
2025-01-28 15:30:00+01:00,666.0,672.97998046875,665.740478515625,670.8499755859375,1820619
2025-01-28 15:35:00+01:00,671.0599975585938,675.47998046875,669.6300048828125,670.7949829101562,955166
2025-01-28 15:40:00+01:00,670.9304809570312,672.2000122070312,668.3599853515625,671.3099975585938,405573
2025-01-28 15:45:00+01:00,671.5880126953125,673.0800170898438,664.4600219726562,666.08251953125,556983
2025-01-28 15:50:00+01:00,666.0750122070312,670.0499877929688,665.6799926757812,668.197021484375,378930
2025-01-28 15:55:00+01:00,668.1799926757812,669.719970703125,666.9199829101562,669.469970703125,253507
2025-01-28 16:00:00+01:00,669.1199951171875,672.8298950195312,668.969970703125,671.3099975585938,491196
2025-01-28 16:05:00+01:00,670.97998046875,671.6641235351562,667.25,667.7249755859375,342077
2025-01-28 16:10:00+01:00,667.5,668.6500244140625,665.5999755859375,665.9099731445312,283668
2025-01-28 16:15:00+01:00,666.0549926757812,666.8499755859375,664.7899780273438,666.17138671875,298296
2025-01-28 16:20:00+01:00,665.9000244140625,666.4998779296875,664.8300170898438,665.6199951171875,242396
2025-01-28 16:25:00+01:00,665.7551879882812,666.95751953125,663.5399780273438,666.1749877929688,266668
2025-01-28 16:30:00+01:00,666.1749877929688,666.219970703125,662.75,662.8099975585938,295406
2025-01-28 16:35:00+01:00,663.010009765625,664.2990112304688,659.4650268554688,663.4849853515625,568263
2025-01-28 16:40:00+01:00,663.4299926757812,664.3099975585938,662.5402221679688,663.0,164124
2025-01-28 16:45:00+01:00,663.0,666.0850219726562,662.9199829101562,665.8250122070312,172722
2025-01-28 16:50:00+01:00,665.6865234375,666.3200073242188,664.1799926757812,665.7100219726562,145615
2025-01-28 16:55:00+01:00,665.8400268554688,668.75,665.625,668.405029296875,182639
2025-01-28 17:00:00+01:00,668.405029296875,669.0,666.8800048828125,668.969970703125,161968
2025-01-28 17:05:00+01:00,668.88623046875,672.1400146484375,668.3499755859375,672.1400146484375,223853
2025-01-28 17:10:00+01:00,672.5938720703125,673.8911743164062,672.4199829101562,672.6199951171875,400292
2025-01-28 17:15:00+01:00,672.8773193359375,674.4400024414062,672.4249877929688,672.8900146484375,264710
2025-01-28 17:20:00+01:00,673.0150146484375,674.7999877929688,672.489990234375,673.9863891601562,232677
2025-01-28 17:25:00+01:00,673.7999877929688,674.5999145507812,672.1300048828125,672.9500122070312,250657
2025-01-28 17:30:00+01:00,672.77001953125,673.5899047851562,671.340087890625,672.864990234375,187258
2025-01-28 17:35:00+01:00,672.8574829101562,674.3494262695312,671.52001953125,674.010009765625,194408
2025-01-28 17:40:00+01:00,674.02001953125,675.0999755859375,672.719970703125,674.85498046875,217954
2025-01-28 17:45:00+01:00,674.8800048828125,676.7899780273438,674.6016845703125,676.59521484375,270291
2025-01-28 17:50:00+01:00,676.75,677.3499755859375,674.6599731445312,677.0999755859375,263450
2025-01-28 17:55:00+01:00,677.2349853515625,678.5999755859375,676.5399780273438,678.2949829101562,225093
2025-01-28 18:00:00+01:00,678.1599731445312,679.1400146484375,677.5700073242188,677.989990234375,210252
2025-01-28 18:05:00+01:00,677.89599609375,679.47998046875,676.6900024414062,679.0833740234375,174671
2025-01-28 18:10:00+01:00,678.8900146484375,679.1300048828125,677.7999877929688,677.9000244140625,143372
2025-01-28 18:15:00+01:00,677.8508911132812,679.77001953125,677.8508911132812,679.1300048828125,205663
2025-01-28 18:20:00+01:00,678.9727172851562,680.9500122070312,678.3900146484375,678.5349731445312,247080
2025-01-28 18:25:00+01:00,678.5150146484375,678.9899291992188,677.5800170898438,677.760009765625,189439
2025-01-28 18:30:00+01:00,677.7819213867188,679.7844848632812,677.7819213867188,679.6469116210938,92898
2025-01-28 18:35:00+01:00,679.5,679.7899780273438,678.5401000976562,678.8200073242188,151176
2025-01-28 18:40:00+01:00,678.875,679.6882934570312,678.27001953125,678.2849731445312,157361
2025-01-28 18:45:00+01:00,678.3800048828125,678.5599975585938,676.4299926757812,677.010009765625,272163
2025-01-28 18:50:00+01:00,676.75,678.030029296875,675.3900146484375,677.9249877929688,207638
2025-01-28 18:55:00+01:00,678.0050048828125,678.0999755859375,677.4199829101562,677.6884765625,128679
2025-01-28 19:00:00+01:00,677.760009765625,679.39990234375,677.2999877929688,679.1950073242188,176217
2025-01-28 19:05:00+01:00,679.3099975585938,682.530029296875,679.3099975585938,681.4833984375,286257
2025-01-28 19:10:00+01:00,681.3599853515625,682.030029296875,680.8140258789062,681.77001953125,144869
2025-01-28 19:15:00+01:00,681.8800048828125,682.219970703125,680.02001953125,682.0999755859375,204151
2025-01-28 19:20:00+01:00,682.1099853515625,682.2175903320312,680.7501220703125,681.719970703125,130734
2025-01-28 19:25:00+01:00,681.719970703125,682.260009765625,680.719970703125,682.02001953125,114714
2025-01-28 19:30:00+01:00,682.0299072265625,682.2999877929688,681.0,681.3599853515625,104821
2025-01-28 19:35:00+01:00,681.3800048828125,682.0,680.25,680.6599731445312,162250
2025-01-28 19:40:00+01:00,680.8400268554688,681.5499877929688,679.6500244140625,680.6300048828125,146092
2025-01-28 19:45:00+01:00,680.6359252929688,680.8099975585938,679.4000854492188,680.2650146484375,129817
2025-01-28 19:50:00+01:00,680.2000122070312,680.89990234375,679.81640625,679.81640625,84304
2025-01-28 19:55:00+01:00,679.844970703125,679.844970703125,678.1400146484375,678.5899047851562,116817
2025-01-28 20:00:00+01:00,678.469970703125,678.52001953125,676.875,676.875,125112
2025-01-28 20:05:00+01:00,677.0,678.3298950195312,676.4000244140625,677.5599975585938,214963
2025-01-28 20:10:00+01:00,677.5599975585938,679.217529296875,677.5599975585938,679.0430297851562,100703
2025-01-28 20:15:00+01:00,678.9600219726562,680.1300048828125,678.298828125,678.469970703125,148367
2025-01-28 20:20:00+01:00,678.510009765625,679.1099853515625,678.2999877929688,678.375,92186
2025-01-28 20:25:00+01:00,678.4500122070312,679.2899780273438,678.1099853515625,678.7449951171875,62703
2025-01-28 20:30:00+01:00,678.8900146484375,680.4600219726562,678.6300048828125,679.9644775390625,98196
2025-01-28 20:35:00+01:00,680.0999755859375,681.1599731445312,679.590087890625,681.1599731445312,207917
2025-01-28 20:40:00+01:00,681.1599731445312,681.2730712890625,680.25,680.531982421875,136418
2025-01-28 20:45:00+01:00,680.510009765625,681.5800170898438,679.38623046875,679.38623046875,153704
2025-01-28 20:50:00+01:00,679.3499755859375,680.1696166992188,678.0399780273438,678.6599731445312,142701
2025-01-28 20:55:00+01:00,678.6400146484375,679.2849731445312,678.469970703125,678.9099731445312,109005
2025-01-28 21:00:00+01:00,678.8421020507812,678.989990234375,677.7899780273438,677.9450073242188,105921
2025-01-28 21:05:00+01:00,677.8099975585938,678.0900268554688,676.02001953125,676.5,141051
2025-01-28 21:10:00+01:00,676.3870849609375,677.6400146484375,676.280029296875,677.0,219060
2025-01-28 21:15:00+01:00,677.0,677.9000244140625,676.6300048828125,677.1400146484375,181481
2025-01-28 21:20:00+01:00,677.1400146484375,678.239990234375,677.02001953125,678.239990234375,127788
2025-01-28 21:25:00+01:00,678.1500244140625,678.5999755859375,677.739990234375,677.75,204981
2025-01-28 21:30:00+01:00,677.739990234375,677.909912109375,676.8099975585938,677.7244873046875,124723
2025-01-28 21:35:00+01:00,677.7271118164062,678.3399047851562,676.3400268554688,676.5150146484375,139864
2025-01-28 21:40:00+01:00,676.5150146484375,677.7299194335938,676.25,676.8900146484375,156760
2025-01-28 21:45:00+01:00,676.8800048828125,676.9183959960938,674.219970703125,674.510009765625,262958
2025-01-28 21:50:00+01:00,674.6099853515625,674.6900024414062,672.3900146484375,673.6500244140625,388413
2025-01-28 21:55:00+01:00,673.530029296875,674.7872924804688,673.2349853515625,674.0850219726562,608288
2025-01-29 15:30:00+01:00,674.8049926757812,675.72998046875,670.5499877929688,670.9849853515625,1157038
2025-01-29 15:35:00+01:00,670.905029296875,672.14501953125,666.780029296875,669.1900024414062,580071
2025-01-29 15:40:00+01:00,669.0399780273438,669.9107055664062,665.75,666.8800048828125,401580
2025-01-29 15:45:00+01:00,667.14501953125,668.4500122070312,665.6699829101562,665.9099731445312,229162
2025-01-29 15:50:00+01:00,665.9099731445312,670.72998046875,665.9099731445312,670.2050170898438,282934
2025-01-29 15:55:00+01:00,670.4000244140625,671.2999877929688,668.0599975585938,669.2899780273438,233387
2025-01-29 16:00:00+01:00,669.2899780273438,670.602294921875,668.6309814453125,669.6099853515625,161802
2025-01-29 16:05:00+01:00,669.4000854492188,671.2098999023438,669.219970703125,670.4849853515625,176610
2025-01-29 16:10:00+01:00,670.3699951171875,671.9998779296875,668.8580932617188,671.7449951171875,187312
2025-01-29 16:15:00+01:00,671.9398803710938,673.0999755859375,670.719970703125,672.4000244140625,199980
2025-01-29 16:20:00+01:00,672.4000244140625,672.469970703125,671.0200805664062,671.39501953125,193063
2025-01-29 16:25:00+01:00,671.3900146484375,671.5499877929688,669.840087890625,670.2346801757812,125201
2025-01-29 16:30:00+01:00,670.155029296875,673.068115234375,669.8099975585938,672.0,178263
2025-01-29 16:35:00+01:00,671.7639770507812,672.8300170898438,670.7100830078125,671.1900024414062,131466
2025-01-29 16:40:00+01:00,671.1799926757812,671.1799926757812,669.1099853515625,670.1599731445312,137463
2025-01-29 16:45:00+01:00,670.1799926757812,671.0098876953125,670.1199951171875,670.8463745117188,89777
2025-01-29 16:50:00+01:00,670.6799926757812,672.5,670.6799926757812,672.1649780273438,125320
2025-01-29 16:55:00+01:00,672.0800170898438,672.9982299804688,671.4600219726562,672.4099731445312,133575
2025-01-29 17:00:00+01:00,672.5499877929688,674.75,672.3848876953125,674.6898803710938,183926
2025-01-29 17:05:00+01:00,674.6898803710938,674.6898803710938,672.5900268554688,672.6849975585938,112158
2025-01-29 17:10:00+01:00,672.6950073242188,673.0399780273438,671.1317749023438,671.5399780273438,109058
2025-01-29 17:15:00+01:00,671.6500244140625,672.625,670.280029296875,672.5800170898438,131470
2025-01-29 17:20:00+01:00,672.6500244140625,673.2999267578125,671.22998046875,671.625,103239
2025-01-29 17:25:00+01:00,671.513916015625,672.0399780273438,671.010009765625,671.3200073242188,101026
2025-01-29 17:30:00+01:00,671.1199951171875,671.6500244140625,670.2899780273438,671.4099731445312,102638
2025-01-29 17:35:00+01:00,671.4099731445312,672.3499755859375,671.0601196289062,671.3355712890625,65387
2025-01-29 17:40:00+01:00,671.0800170898438,673.2999877929688,670.7999877929688,673.1199951171875,95121
2025-01-29 17:45:00+01:00,673.1336059570312,674.0499877929688,672.5,674.0,102660
2025-01-29 17:50:00+01:00,674.0,674.6649780273438,672.5999755859375,672.8699951171875,150427
2025-01-29 17:55:00+01:00,672.8699951171875,673.4099731445312,671.5,672.9500122070312,130129
2025-01-29 18:00:00+01:00,672.9500122070312,674.6674194335938,672.8200073242188,674.3460083007812,123751
2025-01-29 18:05:00+01:00,674.4099731445312,674.8699951171875,673.60009765625,674.27001953125,136817
2025-01-29 18:10:00+01:00,674.4400024414062,675.1099243164062,673.60009765625,674.489990234375,151502
2025-01-29 18:15:00+01:00,674.5499877929688,675.0499877929688,673.5999755859375,674.7899780273438,105265
2025-01-29 18:20:00+01:00,674.6871948242188,675.25,674.1900024414062,675.0001220703125,95779
2025-01-29 18:25:00+01:00,675.2000122070312,676.0,675.02001953125,675.739990234375,207854
2025-01-29 18:30:00+01:00,675.5999755859375,676.7100219726562,675.2525024414062,675.97998046875,127767
2025-01-29 18:35:00+01:00,675.9249877929688,676.2999267578125,675.5900268554688,675.7000122070312,83985
2025-01-29 18:40:00+01:00,675.7750244140625,676.2413940429688,675.25,675.3364868164062,65518
2025-01-29 18:45:00+01:00,675.260009765625,675.3306884765625,674.22998046875,674.4010009765625,108410
2025-01-29 18:50:00+01:00,674.3800048828125,674.489990234375,673.7246704101562,673.9400024414062,98122
2025-01-29 18:55:00+01:00,674.1976928710938,674.1976928710938,672.6519165039062,672.840087890625,103712
2025-01-29 19:00:00+01:00,672.969970703125,673.280029296875,669.8626098632812,669.969970703125,225059
2025-01-29 19:05:00+01:00,670.0800170898438,672.5999755859375,669.8701171875,672.364990234375,151706
2025-01-29 19:10:00+01:00,672.3300170898438,672.7899780273438,671.010009765625,672.5800170898438,88142
2025-01-29 19:15:00+01:00,672.6950073242188,672.9799194335938,672.4000244140625,672.9799194335938,67626
2025-01-29 19:20:00+01:00,672.89501953125,673.8900146484375,672.3300170898438,673.6699829101562,102619
2025-01-29 19:25:00+01:00,673.6699829101562,674.8499755859375,673.5501098632812,674.7000122070312,157702
2025-01-29 19:30:00+01:00,674.7000122070312,675.1799926757812,673.0,673.5675048828125,162384
2025-01-29 19:35:00+01:00,673.47998046875,674.119873046875,672.6500244140625,672.7249755859375,138912
2025-01-29 19:40:00+01:00,672.7249755859375,673.619873046875,672.5700073242188,673.0599975585938,73740
2025-01-29 19:45:00+01:00,673.090087890625,674.0,672.7401123046875,673.8499755859375,95231
2025-01-29 19:50:00+01:00,673.8400268554688,674.22998046875,673.1500244140625,673.8800048828125,86208
2025-01-29 19:55:00+01:00,673.739990234375,675.0,673.6099853515625,673.8800048828125,98255
2025-01-29 20:00:00+01:00,673.8800048828125,675.0,672.1900024414062,672.2899780273438,191328
2025-01-29 20:05:00+01:00,672.1900024414062,673.9000244140625,672.1900024414062,673.2899780273438,163901
2025-01-29 20:10:00+01:00,673.3699951171875,674.0,673.0599975585938,673.635009765625,158274
2025-01-29 20:15:00+01:00,673.5045776367188,673.889892578125,672.5499877929688,673.0599975585938,140221
2025-01-29 20:20:00+01:00,673.0599975585938,674.2999877929688,672.9099731445312,673.1699829101562,172693
2025-01-29 20:25:00+01:00,673.1699829101562,673.3300170898438,671.3599853515625,671.4550170898438,168054
2025-01-29 20:30:00+01:00,671.4550170898438,673.2000122070312,671.0700073242188,672.719970703125,153257
2025-01-29 20:35:00+01:00,672.719970703125,674.5399780273438,670.5800170898438,674.4317016601562,290281
2025-01-29 20:40:00+01:00,674.1099853515625,676.75,673.8900146484375,675.9780883789062,211253
2025-01-29 20:45:00+01:00,676.25,678.4000244140625,675.25,678.4000244140625,194666
2025-01-29 20:50:00+01:00,678.1900024414062,679.389892578125,677.2000122070312,677.6599731445312,239320
2025-01-29 20:55:00+01:00,677.64501953125,678.22998046875,676.4511108398438,677.4349975585938,147124
2025-01-29 21:00:00+01:00,677.260009765625,678.7100219726562,676.5800170898438,676.7249755859375,162810
2025-01-29 21:05:00+01:00,676.9500122070312,678.5599975585938,676.8499755859375,678.3099975585938,150686
2025-01-29 21:10:00+01:00,678.5,680.2899169921875,676.982177734375,678.2899780273438,296859
2025-01-29 21:15:00+01:00,678.3499755859375,679.39990234375,676.6226806640625,677.10498046875,159880
2025-01-29 21:20:00+01:00,677.0,679.9000244140625,677.0,679.5050048828125,205607
2025-01-29 21:25:00+01:00,679.3499755859375,681.0458984375,679.2000122070312,680.1599731445312,216332
2025-01-29 21:30:00+01:00,680.4600219726562,680.9400024414062,679.5689697265625,680.2288208007812,223549
2025-01-29 21:35:00+01:00,680.1900024414062,680.3400268554688,677.6400146484375,678.0499877929688,291203
2025-01-29 21:40:00+01:00,678.4000244140625,679.97998046875,677.8001098632812,678.6199951171875,311409
2025-01-29 21:45:00+01:00,678.719970703125,678.9600219726562,675.8300170898438,676.3200073242188,345248
2025-01-29 21:50:00+01:00,676.25,676.4500122070312,671.7000732421875,675.3499755859375,559807
2025-01-29 21:55:00+01:00,676.0499877929688,678.1699829101562,675.4199829101562,676.6300048828125,683851
2025-01-30 15:30:00+01:00,696.8200073242188,698.25,688.3099975585938,689.875,3514471
2025-01-30 15:35:00+01:00,689.7150268554688,705.3723754882812,687.4299926757812,705.2645263671875,1661501
2025-01-30 15:40:00+01:00,705.22998046875,708.3411865234375,702.5,705.9400024414062,1163570
2025-01-30 15:45:00+01:00,705.9400024414062,709.8599853515625,704.4400024414062,706.2949829101562,1109127
2025-01-30 15:50:00+01:00,706.2949829101562,708.0999755859375,702.9600219726562,706.8612060546875,642016
2025-01-30 15:55:00+01:00,706.9398803710938,710.7899780273438,705.0,706.1099853515625,903848
2025-01-30 16:00:00+01:00,706.52001953125,707.8699951171875,703.0,704.844970703125,556615
2025-01-30 16:05:00+01:00,704.7100219726562,705.8900146484375,701.5001220703125,704.969970703125,531182
2025-01-30 16:10:00+01:00,704.969970703125,705.5,700.5,703.75,505973
2025-01-30 16:15:00+01:00,703.6300048828125,704.89990234375,701.510009765625,703.3699951171875,399585
2025-01-30 16:20:00+01:00,703.6699829101562,705.5850219726562,699.0,705.3524780273438,442188
2025-01-30 16:25:00+01:00,705.3150024414062,705.4548950195312,702.4099731445312,703.340087890625,277809
2025-01-30 16:30:00+01:00,703.5499877929688,704.1400146484375,699.6201171875,703.0,402750
2025-01-30 16:35:00+01:00,703.0,704.010009765625,701.177490234375,701.7799072265625,214725
2025-01-30 16:40:00+01:00,700.864990234375,701.97998046875,696.5700073242188,696.9099731445312,424228
2025-01-30 16:45:00+01:00,696.844970703125,697.2498779296875,692.1931762695312,692.9000244140625,499519
2025-01-30 16:50:00+01:00,693.5098876953125,694.75,690.0,691.260009765625,564178
2025-01-30 16:55:00+01:00,691.6300048828125,691.7999267578125,686.510009765625,688.2949829101562,646906
2025-01-30 17:00:00+01:00,688.47998046875,690.0,681.4901123046875,682.47998046875,620400
2025-01-30 17:05:00+01:00,682.47998046875,684.0,678.4000244140625,678.7999877929688,642450
2025-01-30 17:10:00+01:00,678.7899780273438,681.4299926757812,676.0999755859375,677.127197265625,739432
2025-01-30 17:15:00+01:00,677.0900268554688,684.0,677.0900268554688,683.8499755859375,552272
2025-01-30 17:20:00+01:00,683.469970703125,686.139892578125,682.5576782226562,685.0,514254
2025-01-30 17:25:00+01:00,684.8599853515625,688.4799194335938,684.7200927734375,688.3699951171875,350810
2025-01-30 17:30:00+01:00,688.4500122070312,690.0,687.1400146484375,689.1099853515625,397040
2025-01-30 17:35:00+01:00,689.0999755859375,690.8800048828125,687.0800170898438,689.6099853515625,311994
2025-01-30 17:40:00+01:00,689.7059936523438,690.75,688.8900146484375,689.1400146484375,146175
2025-01-30 17:45:00+01:00,688.3300170898438,691.9799194335938,688.0499877929688,691.8099975585938,680792
2025-01-30 17:50:00+01:00,691.8300170898438,693.3499755859375,691.3599853515625,692.280029296875,316634
2025-01-30 17:55:00+01:00,692.3400268554688,693.8499755859375,690.0,690.4400024414062,261476
2025-01-30 18:00:00+01:00,690.1099853515625,691.5800170898438,689.2999877929688,691.2650146484375,169694
2025-01-30 18:05:00+01:00,691.0200805664062,692.4000244140625,689.52001953125,690.125,217135
2025-01-30 18:10:00+01:00,690.1099853515625,690.99267578125,689.0,690.4000244140625,156114
2025-01-30 18:15:00+01:00,689.7293701171875,690.9799194335938,688.5501098632812,690.0999755859375,233605
2025-01-30 18:20:00+01:00,690.0549926757812,692.0700073242188,689.590087890625,690.0449829101562,142707
2025-01-30 18:25:00+01:00,690.239990234375,690.6599731445312,688.60009765625,689.034423828125,139695
2025-01-30 18:30:00+01:00,689.469970703125,689.5599975585938,687.0,688.469970703125,134959
2025-01-30 18:35:00+01:00,688.5,689.77001953125,688.3599853515625,689.2650146484375,105658
2025-01-30 18:40:00+01:00,689.2650146484375,690.9799194335938,687.5,687.7899780273438,136802
2025-01-30 18:45:00+01:00,688.1400146484375,688.7999267578125,687.5700073242188,688.1699829101562,111841
2025-01-30 18:50:00+01:00,688.4199829101562,688.87939453125,687.2301025390625,688.4520263671875,110160
2025-01-30 18:55:00+01:00,688.4949951171875,689.0,687.8599853515625,688.6699829101562,75519
2025-01-30 19:00:00+01:00,688.5,688.64990234375,685.5,686.0999755859375,150386
2025-01-30 19:05:00+01:00,686.1295776367188,689.8400268554688,685.5,689.3599853515625,144285
2025-01-30 19:10:00+01:00,689.1400146484375,689.1400146484375,687.2999877929688,688.0,84845
2025-01-30 19:15:00+01:00,687.855712890625,689.0,687.760009765625,688.4284057617188,111929
2025-01-30 19:20:00+01:00,688.4019775390625,690.0899047851562,687.719970703125,689.9199829101562,109443
2025-01-30 19:25:00+01:00,690.0399780273438,690.1599731445312,686.4000244140625,687.4299926757812,118703
2025-01-30 19:30:00+01:00,687.2100219726562,688.7999877929688,686.8099975585938,687.510009765625,105025
2025-01-30 19:35:00+01:00,687.5900268554688,689.75,687.0,689.1900024414062,110541
2025-01-30 19:40:00+01:00,689.1599731445312,690.25,688.8900146484375,689.44189453125,103175
2025-01-30 19:45:00+01:00,689.5,690.77001953125,689.4400024414062,690.4400024414062,108401
2025-01-30 19:50:00+01:00,690.5999145507812,690.6900024414062,689.5499877929688,689.8400268554688,96977
2025-01-30 19:55:00+01:00,689.8400268554688,690.3699951171875,688.5001220703125,689.0700073242188,103579
2025-01-30 20:00:00+01:00,688.97998046875,689.1599731445312,686.5700073242188,686.7100219726562,121839
2025-01-30 20:05:00+01:00,686.760009765625,687.5198974609375,686.4000244140625,687.0880126953125,129783
2025-01-30 20:10:00+01:00,687.239990234375,687.8499755859375,686.4000244140625,686.8961181640625,96714
2025-01-30 20:15:00+01:00,686.7263793945312,687.4498901367188,686.4299926757812,686.8800048828125,80422
2025-01-30 20:20:00+01:00,686.9149780273438,687.2000122070312,684.5,686.4600219726562,148125
2025-01-30 20:25:00+01:00,686.510009765625,686.919921875,685.5,685.8137817382812,101192
2025-01-30 20:30:00+01:00,685.8300170898438,686.9099731445312,685.260009765625,686.4249877929688,105307
2025-01-30 20:35:00+01:00,686.4182739257812,687.5798950195312,686.25,687.0800170898438,100572
2025-01-30 20:40:00+01:00,687.0,688.1898803710938,686.9000244140625,687.2799072265625,121700
2025-01-30 20:45:00+01:00,686.9500122070312,688.0,686.5,686.875,108018
2025-01-30 20:50:00+01:00,686.875,688.7999877929688,686.5,688.030029296875,117514
2025-01-30 20:55:00+01:00,688.0,689.889892578125,687.6201171875,689.1300048828125,166461
2025-01-30 21:00:00+01:00,689.1500244140625,690.4600219726562,689.1500244140625,690.1962280273438,148246
2025-01-30 21:05:00+01:00,690.135009765625,691.1500244140625,689.9400024414062,691.0050048828125,181018
2025-01-30 21:10:00+01:00,690.9600219726562,692.79541015625,690.7999877929688,691.8900146484375,223243
2025-01-30 21:15:00+01:00,691.9686279296875,693.3399047851562,691.4500122070312,692.8200073242188,257280
2025-01-30 21:20:00+01:00,692.6909790039062,692.989990234375,692.1699829101562,692.72998046875,161058
2025-01-30 21:25:00+01:00,692.5399780273438,693.1199951171875,690.5900268554688,690.8049926757812,236005
2025-01-30 21:30:00+01:00,690.7677001953125,690.9299926757812,690.280029296875,690.7999877929688,140625
2025-01-30 21:35:00+01:00,690.8300170898438,690.9572143554688,685.8499755859375,687.7996215820312,286541
2025-01-30 21:40:00+01:00,687.4600219726562,690.2100219726562,686.010009765625,688.8690185546875,301378
2025-01-30 21:45:00+01:00,688.6799926757812,689.251708984375,686.1527709960938,686.5599975585938,200543
2025-01-30 21:50:00+01:00,686.5,687.6500244140625,684.5,687.239990234375,386513
2025-01-30 21:55:00+01:00,687.0900268554688,688.6298828125,686.3900146484375,686.989990234375,628351
2025-01-31 15:30:00+01:00,691.6900024414062,696.9501953125,690.551025390625,691.2849731445312,1282754
2025-01-31 15:35:00+01:00,691.3599853515625,695.5,689.75,694.6199951171875,446572
2025-01-31 15:40:00+01:00,694.3800048828125,700.3499755859375,693.22998046875,699.6199951171875,669183
2025-01-31 15:45:00+01:00,699.5399780273438,702.4199829101562,697.4199829101562,700.72802734375,669511
2025-01-31 15:50:00+01:00,701.1300048828125,704.9400024414062,699.359619140625,704.510009765625,699744
2025-01-31 15:55:00+01:00,704.6400146484375,705.2999267578125,702.2899780273438,703.844970703125,569931
2025-01-31 16:00:00+01:00,703.8800048828125,704.0700073242188,700.2244873046875,700.5615844726562,301122
2025-01-31 16:05:00+01:00,700.5599975585938,701.22998046875,695.5800170898438,696.655029296875,494825
2025-01-31 16:10:00+01:00,696.698486328125,699.969970703125,696.530029296875,699.4199829101562,381384
2025-01-31 16:15:00+01:00,699.2650146484375,702.219970703125,698.7310180664062,701.4500122070312,330728
2025-01-31 16:20:00+01:00,701.4299926757812,702.2899780273438,700.280029296875,701.8150024414062,242845
2025-01-31 16:25:00+01:00,701.8300170898438,702.1998901367188,700.0905151367188,701.9500122070312,183444
2025-01-31 16:30:00+01:00,701.9500122070312,702.4899291992188,700.5001220703125,702.125,208225
2025-01-31 16:35:00+01:00,702.1981811523438,703.7457275390625,701.2000122070312,702.5999755859375,250465
2025-01-31 16:40:00+01:00,702.5800170898438,702.8699951171875,700.5700073242188,702.489990234375,204135
2025-01-31 16:45:00+01:00,702.6765747070312,703.0900268554688,700.5499877929688,701.5800170898438,176233
2025-01-31 16:50:00+01:00,701.510009765625,702.3300170898438,699.22998046875,699.5499877929688,212173
2025-01-31 16:55:00+01:00,699.3300170898438,701.0,699.1199951171875,700.0150146484375,186560
2025-01-31 17:00:00+01:00,699.8099975585938,701.27001953125,699.52001953125,700.8350219726562,155407
2025-01-31 17:05:00+01:00,700.982177734375,701.0,698.7899780273438,699.6099243164062,103158
2025-01-31 17:10:00+01:00,700.7800903320312,701.2473754882812,700.239990234375,700.5999755859375,183925
2025-01-31 17:15:00+01:00,700.780029296875,701.2277221679688,699.5932006835938,700.364990234375,120855
2025-01-31 17:20:00+01:00,700.4400024414062,700.5787963867188,699.2987060546875,700.1300048828125,113138
2025-01-31 17:25:00+01:00,700.155029296875,700.2899780273438,699.6300048828125,699.9884033203125,138012
2025-01-31 17:30:00+01:00,699.97998046875,700.3099975585938,699.1199951171875,699.3200073242188,143502
2025-01-31 17:35:00+01:00,699.22998046875,700.098388671875,698.6400146484375,698.7849731445312,182606
2025-01-31 17:40:00+01:00,698.7849731445312,700.2999877929688,698.2957763671875,700.1199951171875,157117
2025-01-31 17:45:00+01:00,700.1500244140625,701.25,699.6900024414062,701.25,157576
2025-01-31 17:50:00+01:00,701.25,701.9063110351562,700.5999755859375,701.9063110351562,111774
2025-01-31 17:55:00+01:00,701.719970703125,702.7999877929688,701.5999755859375,702.5,127895
2025-01-31 18:00:00+01:00,702.375,702.5,701.27001953125,701.280029296875,120191
2025-01-31 18:05:00+01:00,701.4000244140625,701.9099731445312,699.8099975585938,700.7650146484375,151709
2025-01-31 18:10:00+01:00,700.7650146484375,701.0700073242188,699.610107421875,700.226806640625,103542
2025-01-31 18:15:00+01:00,700.2100219726562,700.2750244140625,698.5700073242188,698.697509765625,131688
2025-01-31 18:20:00+01:00,698.773681640625,700.010009765625,698.6019287109375,699.5999755859375,94922
2025-01-31 18:25:00+01:00,699.5549926757812,700.0172119140625,698.9500122070312,699.4807739257812,86053
2025-01-31 18:30:00+01:00,699.5050048828125,699.510009765625,697.7800903320312,697.8900146484375,101163
2025-01-31 18:35:00+01:00,698.0,699.0900268554688,698.0,698.64990234375,86445
2025-01-31 18:40:00+01:00,698.47998046875,698.8049926757812,697.2100219726562,697.4199829101562,108214
2025-01-31 18:45:00+01:00,697.4931030273438,698.9400024414062,696.5999755859375,698.8800048828125,134825
2025-01-31 18:50:00+01:00,698.7899780273438,699.7650146484375,698.4201049804688,698.9500122070312,130698
2025-01-31 18:55:00+01:00,698.8900146484375,699.0698852539062,697.2000122070312,697.9199829101562,108077
2025-01-31 19:00:00+01:00,697.9199829101562,698.75,697.5,698.75,84489
2025-01-31 19:05:00+01:00,698.7838745117188,699.0,697.9000244140625,698.0700073242188,97220
2025-01-31 19:10:00+01:00,698.2000122070312,698.4600219726562,697.1199951171875,697.1199951171875,92710
2025-01-31 19:15:00+01:00,697.1749877929688,697.9600219726562,695.9949951171875,696.1199951171875,131818
2025-01-31 19:20:00+01:00,696.1199951171875,697.9000244140625,695.260009765625,696.0700073242188,129501
2025-01-31 19:25:00+01:00,696.2921752929688,696.5299072265625,694.5,694.5999755859375,188263
2025-01-31 19:30:00+01:00,694.5900268554688,695.5,692.8900146484375,693.0449829101562,199026
2025-01-31 19:35:00+01:00,693.1500244140625,696.4000244140625,692.8499755859375,696.0462036132812,172927
2025-01-31 19:40:00+01:00,695.9500122070312,696.5399780273438,694.5401000976562,695.6577758789062,154842
2025-01-31 19:45:00+01:00,695.7050170898438,696.9500122070312,695.4099731445312,696.7802124023438,113836
2025-01-31 19:50:00+01:00,696.8400268554688,697.0,695.22998046875,696.7725219726562,80769
2025-01-31 19:55:00+01:00,696.8800048828125,697.5963745117188,696.7750244140625,697.3001098632812,102993
2025-01-31 20:00:00+01:00,697.376708984375,698.3400268554688,696.9600219726562,697.1799926757812,136754
2025-01-31 20:05:00+01:00,696.37841796875,696.72998046875,693.9500122070312,695.6500244140625,206635
2025-01-31 20:10:00+01:00,695.6378784179688,696.72998046875,694.840087890625,696.5499877929688,193281
2025-01-31 20:15:00+01:00,696.5499877929688,696.9169921875,693.97998046875,694.1400146484375,147278
2025-01-31 20:20:00+01:00,694.0,694.25,692.5200805664062,693.719970703125,207294
2025-01-31 20:25:00+01:00,693.6500244140625,693.9000244140625,692.219970703125,692.885009765625,211333
2025-01-31 20:30:00+01:00,692.8775024414062,693.7000122070312,692.6500854492188,693.1199951171875,145076
2025-01-31 20:35:00+01:00,693.0900268554688,693.3298950195312,690.510009765625,690.6599731445312,194921
2025-01-31 20:40:00+01:00,690.739990234375,692.3873901367188,689.5800170898438,689.9550170898438,203768
2025-01-31 20:45:00+01:00,689.95751953125,690.0903930664062,688.2999877929688,689.7883911132812,196780
2025-01-31 20:50:00+01:00,689.9550170898438,691.1898803710938,689.7100219726562,690.760009765625,180696
2025-01-31 20:55:00+01:00,690.780029296875,691.5,690.13330078125,690.8632202148438,132555
2025-01-31 21:00:00+01:00,690.760009765625,690.864990234375,688.489990234375,688.5,168352
2025-01-31 21:05:00+01:00,689.1900024414062,689.6464233398438,688.010009765625,688.2650146484375,126600
2025-01-31 21:10:00+01:00,688.4299926757812,690.4400024414062,688.3900146484375,689.02001953125,134096
2025-01-31 21:15:00+01:00,688.8800048828125,689.3699951171875,687.7999877929688,688.5075073242188,179599
2025-01-31 21:20:00+01:00,688.6099853515625,689.1300048828125,687.0,688.9600219726562,169149
2025-01-31 21:25:00+01:00,688.97998046875,689.4000244140625,686.77001953125,686.9299926757812,190726
2025-01-31 21:30:00+01:00,687.0399780273438,687.7899780273438,685.5800170898438,685.9600219726562,245750
2025-01-31 21:35:00+01:00,686.0499877929688,688.14990234375,685.760009765625,686.760009765625,227795
2025-01-31 21:40:00+01:00,686.5999755859375,687.9561157226562,686.0001220703125,687.5050048828125,246436
2025-01-31 21:45:00+01:00,687.719970703125,689.239990234375,687.0701293945312,688.0399780273438,178974
2025-01-31 21:50:00+01:00,688.2999877929688,689.3646850585938,686.7550048828125,687.977783203125,294853
2025-01-31 21:55:00+01:00,687.8800048828125,690.1599731445312,687.8800048828125,689.1699829101562,659414
2025-02-03 15:30:00+01:00,675.9099731445312,685.7619018554688,675.25,685.0549926757812,1735207
2025-02-03 15:35:00+01:00,685.375,694.5999145507812,684.1799926757812,692.6400146484375,853931
2025-02-03 15:40:00+01:00,692.6199951171875,697.5,691.8499755859375,696.030029296875,693941
2025-02-03 15:45:00+01:00,696.2349853515625,696.4500122070312,691.02001953125,693.8200073242188,457126
2025-02-03 15:50:00+01:00,695.135009765625,695.5449829101562,691.52001953125,695.0,536230
2025-02-03 15:55:00+01:00,695.0,695.7999877929688,692.0900268554688,693.9199829101562,447154
2025-02-03 16:00:00+01:00,693.7100219726562,693.719970703125,688.2600708007812,689.6849975585938,485765
2025-02-03 16:05:00+01:00,689.6920166015625,690.75,686.1599731445312,688.4876098632812,362174
2025-02-03 16:10:00+01:00,688.3099975585938,688.5499877929688,684.7100830078125,685.6199951171875,285010
2025-02-03 16:15:00+01:00,685.7449951171875,687.3800048828125,684.2999877929688,684.6461181640625,208569
2025-02-03 16:20:00+01:00,684.739990234375,692.4199829101562,683.5300903320312,691.3099975585938,406581
2025-02-03 16:25:00+01:00,691.3599853515625,692.969970703125,689.0599975585938,691.905029296875,322388
2025-02-03 16:30:00+01:00,691.9000244140625,694.169921875,690.4199829101562,692.5449829101562,318807
2025-02-03 16:35:00+01:00,692.7498779296875,694.4600219726562,692.0,693.6099853515625,255984
2025-02-03 16:40:00+01:00,693.6099853515625,696.3599853515625,693.360107421875,695.3300170898438,302203
2025-02-03 16:45:00+01:00,695.2069091796875,695.469970703125,693.719970703125,694.344970703125,223500
2025-02-03 16:50:00+01:00,694.344970703125,696.3656005859375,694.0,695.719970703125,224927
2025-02-03 16:55:00+01:00,695.6500244140625,698.5499877929688,695.489990234375,697.8099975585938,322449
2025-02-03 17:00:00+01:00,697.5811157226562,699.5972290039062,697.0,698.4124755859375,1639687
2025-02-03 17:05:00+01:00,698.1099853515625,698.1500244140625,694.6900024414062,696.530029296875,221144
2025-02-03 17:10:00+01:00,696.6799926757812,697.7399291992188,695.9099731445312,696.030029296875,89176
2025-02-03 17:15:00+01:00,697.6799926757812,699.1799926757812,697.3200073242188,698.72998046875,269850
2025-02-03 17:20:00+01:00,699.1799926757812,699.219970703125,697.4099731445312,698.47998046875,156615
2025-02-03 17:25:00+01:00,698.52001953125,699.510009765625,697.0599975585938,697.1199951171875,142594
2025-02-03 17:30:00+01:00,697.0800170898438,697.6900024414062,695.0499877929688,697.3099975585938,136695
2025-02-03 17:35:00+01:00,697.7199096679688,698.3151245117188,696.77001953125,698.1495971679688,90744
2025-02-03 17:40:00+01:00,698.2000122070312,699.5869140625,697.469970703125,699.4000244140625,154880
2025-02-03 17:45:00+01:00,699.5800170898438,700.5891723632812,698.6599731445312,699.1099853515625,409646
2025-02-03 17:50:00+01:00,698.9349975585938,701.75,698.6571044921875,701.7000122070312,239006
2025-02-03 17:55:00+01:00,701.5900268554688,701.6699829101562,699.3099975585938,699.6998901367188,186946
2025-02-03 18:00:00+01:00,699.5675048828125,699.989990234375,698.0001220703125,698.698486328125,199986
2025-02-03 18:05:00+01:00,698.8099975585938,699.5800170898438,697.9299926757812,699.3668212890625,164760
2025-02-03 18:10:00+01:00,699.6099853515625,700.1298828125,698.8543090820312,699.7100219726562,125743
2025-02-03 18:15:00+01:00,699.780029296875,699.9998779296875,698.8035278320312,699.5999755859375,81254
2025-02-03 18:20:00+01:00,699.510009765625,700.0999145507812,698.2899780273438,700.0700073242188,107193
2025-02-03 18:25:00+01:00,700.0800170898438,701.2000122070312,698.25,698.4000244140625,142958
2025-02-03 18:30:00+01:00,698.260009765625,699.239990234375,697.6099853515625,698.2750244140625,99776
2025-02-03 18:35:00+01:00,698.35498046875,698.8200073242188,697.632080078125,698.2319946289062,129501
2025-02-03 18:40:00+01:00,698.2999877929688,698.6099853515625,697.0,697.5999755859375,162018
2025-02-03 18:45:00+01:00,697.6699829101562,699.22998046875,697.2100219726562,699.010009765625,125054
2025-02-03 18:50:00+01:00,698.905029296875,700.659912109375,698.0,700.4600219726562,186191
2025-02-03 18:55:00+01:00,700.4600219726562,700.4600219726562,697.0599975585938,699.0820922851562,165189
2025-02-03 19:00:00+01:00,699.2449951171875,699.8699951171875,697.4600219726562,699.5100708007812,100335
2025-02-03 19:05:00+01:00,699.6799926757812,699.8900146484375,697.5,697.7501220703125,113763
2025-02-03 19:10:00+01:00,697.7999877929688,701.0,697.75,700.6900024414062,161601
2025-02-03 19:15:00+01:00,700.6900024414062,701.9649047851562,700.6799926757812,701.0999755859375,174977
2025-02-03 19:20:00+01:00,701.155029296875,702.4000244140625,700.7186889648438,702.2000122070312,183476
2025-02-03 19:25:00+01:00,702.219970703125,703.909912109375,701.7949829101562,701.8599853515625,225865
2025-02-03 19:30:00+01:00,702.1699829101562,702.1799926757812,701.2000122070312,701.8303833007812,107482
2025-02-03 19:35:00+01:00,701.780029296875,702.8200073242188,701.3200073242188,702.02001953125,154300
2025-02-03 19:40:00+01:00,702.114990234375,702.7999877929688,700.5499877929688,701.7449951171875,142640
2025-02-03 19:45:00+01:00,701.7449951171875,703.75,701.7000732421875,703.1323852539062,163199
2025-02-03 19:50:00+01:00,703.2150268554688,703.8800048828125,702.6400146484375,703.3331909179688,150358
2025-02-03 19:55:00+01:00,703.0399780273438,704.0,703.02001953125,703.4058227539062,115607
2025-02-03 20:00:00+01:00,703.3099975585938,703.760009765625,702.4000244140625,702.8400268554688,147711
2025-02-03 20:05:00+01:00,702.719970703125,703.0599975585938,702.219970703125,702.4234008789062,102469
2025-02-03 20:10:00+01:00,702.4450073242188,702.97998046875,702.130126953125,702.2100219726562,107478
2025-02-03 20:15:00+01:00,702.4400024414062,703.3800048828125,702.4400024414062,703.2999877929688,106437
2025-02-03 20:20:00+01:00,703.3499755859375,703.4099731445312,702.25,702.4550170898438,112399
2025-02-03 20:25:00+01:00,702.35009765625,702.6099853515625,701.52001953125,701.7550048828125,99637
2025-02-03 20:30:00+01:00,701.7550048828125,702.8300170898438,701.1400146484375,702.0,112922
2025-02-03 20:35:00+01:00,702.0050048828125,702.1699829101562,700.7501220703125,701.02001953125,111004
2025-02-03 20:40:00+01:00,701.02001953125,702.0700073242188,700.77001953125,701.72998046875,109130
2025-02-03 20:45:00+01:00,701.760009765625,702.8499755859375,701.1599731445312,701.844970703125,121696
2025-02-03 20:50:00+01:00,701.844970703125,702.469970703125,701.219970703125,701.9000244140625,103101
2025-02-03 20:55:00+01:00,701.7100219726562,702.3663940429688,700.25,700.5349731445312,114410
2025-02-03 21:00:00+01:00,700.6799926757812,701.6300048828125,700.239990234375,701.125,119969
2025-02-03 21:05:00+01:00,701.0399780273438,701.1300048828125,699.5499877929688,700.364990234375,137652
2025-02-03 21:10:00+01:00,700.364990234375,700.989990234375,700.0,700.2949829101562,119193
2025-02-03 21:15:00+01:00,700.2949829101562,701.1500244140625,699.8499755859375,700.9224853515625,119886
2025-02-03 21:20:00+01:00,700.8699951171875,700.8800048828125,699.9201049804688,700.27001953125,109309
2025-02-03 21:25:00+01:00,700.27001953125,700.3817138671875,698.52001953125,698.6500244140625,138058
2025-02-03 21:30:00+01:00,698.8200073242188,699.5449829101562,698.5,698.89501953125,209466
2025-02-03 21:35:00+01:00,698.8218994140625,699.4432983398438,698.3101196289062,698.4949951171875,158151
2025-02-03 21:40:00+01:00,698.5599975585938,698.9671020507812,697.3699951171875,697.8400268554688,199221
2025-02-03 21:45:00+01:00,697.9199829101562,698.3900146484375,696.7901000976562,697.7000122070312,191850
2025-02-03 21:50:00+01:00,697.8099975585938,698.0,696.0200805664062,697.2999877929688,321787
2025-02-03 21:55:00+01:00,697.219970703125,698.4000244140625,696.77001953125,697.1500244140625,637323
2025-02-04 15:30:00+01:00,702.0,702.3599853515625,695.7000122070312,700.5800170898438,998215
2025-02-04 15:35:00+01:00,700.4000244140625,700.4000244140625,696.0,697.1300048828125,319621
2025-02-04 15:40:00+01:00,697.5399780273438,697.5399780273438,693.2949829101562,693.4299926757812,397446
2025-02-04 15:45:00+01:00,693.4400024414062,693.6099853515625,691.6500244140625,692.5549926757812,362890
2025-02-04 15:50:00+01:00,692.510009765625,694.7999877929688,691.75,693.7750244140625,280673
2025-02-04 15:55:00+01:00,693.7750244140625,697.0,693.7750244140625,696.02001953125,388744
2025-02-04 16:00:00+01:00,695.9719848632812,697.6900024414062,694.0,695.9799194335938,228668
2025-02-04 16:05:00+01:00,695.989990234375,695.989990234375,693.9586791992188,695.7999877929688,171107
2025-02-04 16:10:00+01:00,695.7575073242188,697.5,695.602783203125,696.469970703125,216203
2025-02-04 16:15:00+01:00,696.6300048828125,699.5999755859375,696.6300048828125,699.4000244140625,200387
2025-02-04 16:20:00+01:00,699.3300170898438,700.5999755859375,698.0800170898438,700.219970703125,202252
2025-02-04 16:25:00+01:00,700.0750122070312,701.2899169921875,699.1400146484375,700.4500122070312,220612
2025-02-04 16:30:00+01:00,700.7449951171875,702.2999877929688,698.7600708007812,700.6400146484375,269334
2025-02-04 16:35:00+01:00,700.2899780273438,704.4299926757812,700.1765747070312,703.780029296875,233220
2025-02-04 16:40:00+01:00,703.5999755859375,705.510009765625,703.1900024414062,704.7086181640625,332483
2025-02-04 16:45:00+01:00,704.8699951171875,705.47998046875,702.2899780273438,704.0499877929688,235958
2025-02-04 16:50:00+01:00,704.1500244140625,706.368408203125,703.8132934570312,705.8900146484375,204885
2025-02-04 16:55:00+01:00,705.4401245117188,706.8300170898438,704.647705078125,705.9199829101562,242226
2025-02-04 17:00:00+01:00,706.1199951171875,706.8198852539062,704.7000122070312,705.4099731445312,191191
2025-02-04 17:05:00+01:00,705.3900146484375,705.52099609375,704.0599975585938,705.0546264648438,154918
2025-02-04 17:10:00+01:00,704.9600219726562,706.3200073242188,704.8499755859375,706.3200073242188,90039
2025-02-04 17:15:00+01:00,706.4500122070312,706.5999755859375,705.5800170898438,705.7750244140625,180826
2025-02-04 17:20:00+01:00,705.9500122070312,706.7999267578125,703.9299926757812,703.9797973632812,165771
2025-02-04 17:25:00+01:00,704.4498291015625,705.1099853515625,704.010009765625,704.8699951171875,167767
2025-02-04 17:30:00+01:00,704.860107421875,705.0599975585938,703.8499755859375,704.5349731445312,113131
2025-02-04 17:35:00+01:00,704.631103515625,706.1699829101562,704.340087890625,705.3400268554688,120785
2025-02-04 17:40:00+01:00,705.489990234375,705.6599731445312,701.8099975585938,702.6900024414062,153229
2025-02-04 17:45:00+01:00,702.6900024414062,704.3400268554688,702.469970703125,702.7501220703125,103870
2025-02-04 17:50:00+01:00,703.0999755859375,703.9600219726562,702.510009765625,703.5999755859375,68703
2025-02-04 17:55:00+01:00,703.52001953125,705.0999755859375,703.1400146484375,704.7550048828125,83432
2025-02-04 18:00:00+01:00,704.9199829101562,705.1300048828125,703.4400024414062,704.5250244140625,58520
2025-02-04 18:05:00+01:00,704.469970703125,704.7799072265625,703.7401123046875,704.3699951171875,88289
2025-02-04 18:10:00+01:00,704.4600219726562,705.8400268554688,703.8317260742188,705.64501953125,97104
2025-02-04 18:15:00+01:00,705.739990234375,706.2100219726562,704.5,705.0499877929688,206859
2025-02-04 18:20:00+01:00,705.3599853515625,705.5800170898438,704.3099975585938,705.2780151367188,106924
2025-02-04 18:25:00+01:00,705.3150024414062,705.6099853515625,703.219970703125,703.6199951171875,87566
2025-02-04 18:30:00+01:00,703.8200073242188,703.869873046875,702.5100708007812,702.739990234375,83259
2025-02-04 18:35:00+01:00,702.7899780273438,703.760009765625,702.5701293945312,703.510009765625,72291
2025-02-04 18:40:00+01:00,703.510009765625,704.5700073242188,703.1599731445312,703.905029296875,80265
2025-02-04 18:45:00+01:00,703.989990234375,704.25,703.0,703.1287841796875,119048
2025-02-04 18:50:00+01:00,703.260009765625,704.469970703125,703.1099853515625,703.9450073242188,75524
2025-02-04 18:55:00+01:00,703.9400024414062,704.1400146484375,703.030029296875,703.5,81191
2025-02-04 19:00:00+01:00,703.3200073242188,703.8699951171875,702.7999877929688,702.9249877929688,92900
2025-02-04 19:05:00+01:00,702.719970703125,703.2000122070312,702.0700073242188,703.2000122070312,87781
2025-02-04 19:10:00+01:00,703.0736083984375,704.47998046875,703.0736083984375,704.0546875,125021
2025-02-04 19:15:00+01:00,704.1500244140625,704.5599975585938,703.77001953125,704.2750244140625,81069
2025-02-04 19:20:00+01:00,704.1400146484375,705.2100219726562,703.9299926757812,704.8400268554688,85803
2025-02-04 19:25:00+01:00,704.8400268554688,704.9078979492188,703.7999877929688,704.5549926757812,74862
2025-02-04 19:30:00+01:00,704.5,706.0599975585938,704.5,705.760009765625,111207
2025-02-04 19:35:00+01:00,705.7849731445312,706.8200073242188,705.5499877929688,706.489990234375,136289
2025-02-04 19:40:00+01:00,706.3499755859375,707.4199829101562,706.1600952148438,707.0518188476562,137302
2025-02-04 19:45:00+01:00,707.239990234375,707.239990234375,705.8300170898438,706.2100219726562,80020
2025-02-04 19:50:00+01:00,706.0599975585938,706.239990234375,705.3499755859375,705.6099853515625,77188
2025-02-04 19:55:00+01:00,705.6400146484375,706.0599975585938,705.3499755859375,706.0399780273438,72672
2025-02-04 20:00:00+01:00,705.8565063476562,706.530029296875,705.5599975585938,706.3699951171875,78824
2025-02-04 20:05:00+01:00,706.5454711914062,707.7100219726562,706.388671875,707.3800048828125,129813
2025-02-04 20:10:00+01:00,707.3900146484375,707.489990234375,706.7000122070312,707.0800170898438,82763
2025-02-04 20:15:00+01:00,707.0999755859375,707.3400268554688,706.25,706.9600219726562,80527
2025-02-04 20:20:00+01:00,706.97998046875,707.5,706.0100708007812,706.3900146484375,96598
2025-02-04 20:25:00+01:00,706.40771484375,706.6300048828125,705.4299926757812,706.6199951171875,76538
2025-02-04 20:30:00+01:00,706.6300048828125,707.1799926757812,706.0,706.155029296875,81148
2025-02-04 20:35:00+01:00,706.155029296875,706.6599731445312,705.75,706.219970703125,68081
2025-02-04 20:40:00+01:00,706.219970703125,706.6099853515625,705.7501220703125,706.280029296875,86625
2025-02-04 20:45:00+01:00,706.2999877929688,706.530029296875,705.9000244140625,706.280029296875,90649
2025-02-04 20:50:00+01:00,706.25,706.3248901367188,705.5999755859375,705.9099731445312,93732
2025-02-04 20:55:00+01:00,705.9000244140625,705.9598999023438,704.739990234375,705.6500244140625,122848
2025-02-04 21:00:00+01:00,705.4400024414062,705.75,704.6616821289062,705.219970703125,72047
2025-02-04 21:05:00+01:00,705.0999755859375,705.889892578125,704.9000244140625,705.7899780273438,77719
2025-02-04 21:10:00+01:00,705.7899780273438,706.639892578125,705.5999145507812,706.4000244140625,87720
2025-02-04 21:15:00+01:00,706.3499755859375,707.010009765625,706.1400146484375,706.8900146484375,86790
2025-02-04 21:20:00+01:00,706.8900146484375,706.9650268554688,705.5,705.756103515625,87525
2025-02-04 21:25:00+01:00,705.75,706.2799072265625,704.0900268554688,704.3739013671875,93502
2025-02-04 21:30:00+01:00,704.280029296875,705.1500244140625,703.7899780273438,704.7000122070312,110717
2025-02-04 21:35:00+01:00,704.7949829101562,705.9400024414062,704.4901123046875,705.8150024414062,117505
2025-02-04 21:40:00+01:00,705.9400024414062,706.1599731445312,704.1749877929688,704.3099975585938,122919
2025-02-04 21:45:00+01:00,704.3099975585938,704.5999755859375,703.6400146484375,704.3599853515625,121623
2025-02-04 21:50:00+01:00,704.239990234375,705.8499755859375,703.3599853515625,705.239990234375,219742
2025-02-04 21:55:00+01:00,705.2100219726562,705.2100219726562,703.4199829101562,703.989990234375,501367
2025-02-05 15:30:00+01:00,703.2000122070312,709.4600219726562,700.8800048828125,707.3499755859375,865914
2025-02-05 15:35:00+01:00,707.6099853515625,713.6199951171875,707.3200073242188,711.7100219726562,666537
2025-02-05 15:40:00+01:00,711.760009765625,715.9500122070312,711.4600830078125,714.451416015625,497437
2025-02-05 15:45:00+01:00,714.7584228515625,716.9299926757812,714.4000244140625,716.25,502500
2025-02-05 15:50:00+01:00,716.385009765625,718.1400146484375,714.7786865234375,715.5399780273438,446926
2025-02-05 15:55:00+01:00,715.4400024414062,716.5700073242188,713.0200805664062,713.6300048828125,363695
2025-02-05 16:00:00+01:00,714.3800048828125,715.5,710.219970703125,710.6500244140625,367235
2025-02-05 16:05:00+01:00,710.5,711.8798828125,709.110107421875,711.3150024414062,333582
2025-02-05 16:10:00+01:00,711.3099975585938,711.4555053710938,708.0,710.1699829101562,275556
2025-02-05 16:15:00+01:00,710.2432250976562,710.6099853515625,708.010009765625,709.982421875,269520
2025-02-05 16:20:00+01:00,709.8599853515625,711.8699951171875,709.5999755859375,711.10498046875,240113
2025-02-05 16:25:00+01:00,711.219970703125,714.3499755859375,710.8300170898438,713.9600219726562,245878
2025-02-05 16:30:00+01:00,713.5599975585938,713.6699829101562,711.0399780273438,711.875,211766
2025-02-05 16:35:00+01:00,711.8800048828125,712.7399291992188,711.219970703125,711.8800048828125,118343
2025-02-05 16:40:00+01:00,711.8800048828125,712.6599731445312,710.25,710.5695190429688,200780
2025-02-05 16:45:00+01:00,710.6978149414062,711.75,707.9099731445312,708.0,213874
2025-02-05 16:50:00+01:00,708.0,708.3800048828125,705.5,706.9149780273438,310929
2025-02-05 16:55:00+01:00,706.719970703125,708.2949829101562,702.8099975585938,703.1400146484375,360287
2025-02-05 17:00:00+01:00,703.0814819335938,705.1599731445312,701.77001953125,703.6431884765625,300980
2025-02-05 17:05:00+01:00,703.610107421875,705.1799926757812,703.3300170898438,703.7999877929688,143672
2025-02-05 17:10:00+01:00,703.8300170898438,704.4000244140625,703.211181640625,703.9600219726562,98701
2025-02-05 17:15:00+01:00,703.02001953125,703.3098754882812,701.6500854492188,702.2766723632812,249594
2025-02-05 17:20:00+01:00,702.424072265625,702.8200073242188,699.8499755859375,700.7769165039062,283539
2025-02-05 17:25:00+01:00,700.7000122070312,701.1500244140625,699.010009765625,700.2000122070312,302399
2025-02-05 17:30:00+01:00,700.3399047851562,702.4000244140625,700.0700073242188,702.1300048828125,174009
2025-02-05 17:35:00+01:00,702.00537109375,703.1998901367188,701.5,701.9398803710938,178874
2025-02-05 17:40:00+01:00,701.7449951171875,702.5,700.5159912109375,700.8118286132812,163209
2025-02-05 17:45:00+01:00,700.8099975585938,703.2899780273438,700.50439453125,703.0369873046875,260005
2025-02-05 17:50:00+01:00,703.2476806640625,704.7667236328125,702.7999877929688,704.1749877929688,190365
2025-02-05 17:55:00+01:00,704.1749877929688,704.489990234375,703.1416015625,704.3599853515625,141224
2025-02-05 18:00:00+01:00,704.3599853515625,706.4871215820312,704.02001953125,706.02001953125,270569
2025-02-05 18:05:00+01:00,706.0700073242188,706.0700073242188,704.2100830078125,704.27001953125,166816
2025-02-05 18:10:00+01:00,704.3248291015625,705.2100219726562,703.8099975585938,704.0549926757812,108827
2025-02-05 18:15:00+01:00,704.1599731445312,704.5499267578125,702.9099731445312,703.4500122070312,163237
2025-02-05 18:20:00+01:00,703.530029296875,705.4299926757812,703.2000732421875,705.4199829101562,103429
2025-02-05 18:25:00+01:00,705.2899780273438,705.8298950195312,704.0194702148438,704.25,109163
2025-02-05 18:30:00+01:00,704.2899780273438,704.2899780273438,703.3300170898438,703.75,59759
2025-02-05 18:35:00+01:00,703.8499755859375,704.4990234375,703.6300048828125,703.8200073242188,73231
2025-02-05 18:40:00+01:00,704.0999755859375,704.0999755859375,703.7022705078125,703.8499755859375,74700
2025-02-05 18:45:00+01:00,703.97998046875,704.716796875,702.6199951171875,703.2999877929688,101389
2025-02-05 18:50:00+01:00,703.3400268554688,704.1900024414062,702.0,704.135009765625,106465
2025-02-05 18:55:00+01:00,704.0900268554688,704.135009765625,703.0,703.72998046875,80641
2025-02-05 19:00:00+01:00,703.739990234375,704.280029296875,703.4299926757812,704.1900024414062,56574
2025-02-05 19:05:00+01:00,704.2000122070312,704.7050170898438,703.9000854492188,704.5900268554688,64829
2025-02-05 19:10:00+01:00,704.6500244140625,704.6900024414062,703.4600219726562,703.6749877929688,83534
2025-02-05 19:15:00+01:00,703.6749877929688,704.77001953125,703.6749877929688,704.4099731445312,70956
2025-02-05 19:20:00+01:00,704.3699951171875,704.7000122070312,704.010009765625,704.3699951171875,74490
2025-02-05 19:25:00+01:00,704.2999877929688,704.4794921875,703.219970703125,703.989990234375,77242
2025-02-05 19:30:00+01:00,704.0,704.159912109375,702.1500244140625,702.8350219726562,94864
2025-02-05 19:35:00+01:00,702.8350219726562,703.27001953125,702.1901245117188,703.22998046875,126920
2025-02-05 19:40:00+01:00,703.3800048828125,704.3900146484375,703.3800048828125,704.0599975585938,88229
2025-02-05 19:45:00+01:00,704.25,705.760009765625,703.6932983398438,705.5880126953125,91958
2025-02-05 19:50:00+01:00,705.6649780273438,705.989990234375,704.219970703125,705.5166015625,87797
2025-02-05 19:55:00+01:00,705.3499755859375,706.1199951171875,705.3499755859375,705.760009765625,93125
2025-02-05 20:00:00+01:00,705.72998046875,705.780029296875,704.35009765625,704.5,80104
2025-02-05 20:05:00+01:00,704.36767578125,704.5247802734375,703.530029296875,704.22998046875,95972
2025-02-05 20:10:00+01:00,704.385009765625,705.3800048828125,704.3499755859375,704.8200073242188,91427
2025-02-05 20:15:00+01:00,704.77001953125,705.2586059570312,704.5999755859375,704.7750244140625,99856
2025-02-05 20:20:00+01:00,704.7750244140625,705.239990234375,704.3150024414062,705.1900024414062,85823
2025-02-05 20:25:00+01:00,705.0499877929688,705.1199951171875,703.4199829101562,703.5599975585938,81437
2025-02-05 20:30:00+01:00,703.4849853515625,703.989990234375,702.9149780273438,703.875,82365
2025-02-05 20:35:00+01:00,703.77001953125,704.5499877929688,702.97998046875,704.4929809570312,63586
2025-02-05 20:40:00+01:00,704.2899780273438,704.5700073242188,703.77001953125,704.1224975585938,63285
2025-02-05 20:45:00+01:00,704.0,704.8599853515625,703.8599853515625,704.6749877929688,71162
2025-02-05 20:50:00+01:00,704.5900268554688,704.8499755859375,703.6300048828125,703.9500122070312,77439
2025-02-05 20:55:00+01:00,703.8499755859375,704.030029296875,703.4000244140625,703.6799926757812,62881
2025-02-05 21:00:00+01:00,703.5349731445312,703.8504028320312,702.72998046875,703.75,74586
2025-02-05 21:05:00+01:00,703.77001953125,704.1699829101562,703.18798828125,703.9500122070312,70009
2025-02-05 21:10:00+01:00,703.94677734375,704.0999755859375,703.280029296875,703.4600219726562,58817
2025-02-05 21:15:00+01:00,703.5900268554688,704.6300048828125,703.510009765625,704.510009765625,120834
2025-02-05 21:20:00+01:00,704.4600219726562,704.8599853515625,704.1500244140625,704.531005859375,112935
2025-02-05 21:25:00+01:00,704.3035888671875,705.2000122070312,704.0800170898438,705.0650024414062,116451
2025-02-05 21:30:00+01:00,705.0700073242188,706.619873046875,705.0700073242188,706.2050170898438,150087
2025-02-05 21:35:00+01:00,705.8099975585938,706.3994750976562,705.5700073242188,706.2550048828125,109058
2025-02-05 21:40:00+01:00,706.0927124023438,706.3599853515625,704.0,704.75,117781
2025-02-05 21:45:00+01:00,704.780029296875,706.280029296875,704.4600219726562,705.6199951171875,137027
2025-02-05 21:50:00+01:00,705.5,705.5,703.6500244140625,703.97998046875,261575
2025-02-05 21:55:00+01:00,704.9199829101562,706.0599975585938,703.5999755859375,704.97998046875,1061502
2025-02-06 15:30:00+01:00,705.8800048828125,708.4500122070312,703.72998046875,708.0,679336
2025-02-06 15:35:00+01:00,707.9149780273438,708.4500122070312,703.5399780273438,705.0700073242188,314078
2025-02-06 15:40:00+01:00,705.1599731445312,709.9000244140625,703.5,709.5900268554688,292327
2025-02-06 15:45:00+01:00,709.8399047851562,711.4849853515625,708.4099731445312,709.2000122070312,314332
2025-02-06 15:50:00+01:00,709.3099975585938,713.3845825195312,708.60009765625,713.1749877929688,394545
2025-02-06 15:55:00+01:00,713.0700073242188,714.3300170898438,712.0,714.3200073242188,353484
2025-02-06 16:00:00+01:00,714.2000122070312,714.2000122070312,711.25,712.64501953125,240044
2025-02-06 16:05:00+01:00,712.5800170898438,716.0999755859375,712.5449829101562,715.594970703125,424739
2025-02-06 16:10:00+01:00,715.5084838867188,716.010009765625,714.0599975585938,715.5599975585938,292147
2025-02-06 16:15:00+01:00,715.5599975585938,717.5,714.9000244140625,716.6500244140625,294275
2025-02-06 16:20:00+01:00,716.7100219726562,717.9600219726562,715.8499755859375,716.2000122070312,276110
2025-02-06 16:25:00+01:00,716.4412841796875,716.9500122070312,714.625,716.1799926757812,220360
2025-02-06 16:30:00+01:00,716.219970703125,717.5599975585938,714.6213989257812,717.2000122070312,159015
2025-02-06 16:35:00+01:00,717.3200073242188,718.9000244140625,714.9000244140625,715.889892578125,318441
2025-02-06 16:40:00+01:00,715.423828125,717.010009765625,714.94677734375,715.47998046875,162952
2025-02-06 16:45:00+01:00,715.2949829101562,715.4600219726562,713.6900024414062,713.9299926757812,197966
2025-02-06 16:50:00+01:00,714.2235717773438,716.0,714.2235717773438,715.580078125,160620
2025-02-06 16:55:00+01:00,715.8499755859375,716.0626220703125,714.280029296875,715.77001953125,128934
2025-02-06 17:00:00+01:00,715.7650146484375,716.139892578125,714.77001953125,714.7999877929688,107718
2025-02-06 17:05:00+01:00,714.6599731445312,715.4500122070312,713.7501220703125,715.0866088867188,111052
2025-02-06 17:10:00+01:00,716.6599731445312,717.2999877929688,715.630126953125,717.1099853515625,134254
2025-02-06 17:15:00+01:00,717.1099853515625,717.6799926757812,716.6300048828125,717.3099975585938,139801
2025-02-06 17:20:00+01:00,717.3099975585938,717.8599853515625,716.72998046875,717.4251708984375,117807
2025-02-06 17:25:00+01:00,717.52001953125,717.530029296875,715.7000122070312,717.3699951171875,127072
2025-02-06 17:30:00+01:00,717.1871948242188,717.1950073242188,714.9483032226562,715.330322265625,102241
2025-02-06 17:35:00+01:00,715.0800170898438,715.2103271484375,714.1290283203125,714.1300048828125,115202
2025-02-06 17:40:00+01:00,714.0499877929688,714.760009765625,713.7100219726562,714.2000122070312,97533
2025-02-06 17:45:00+01:00,714.0999755859375,715.260009765625,713.9301147460938,714.6900024414062,84336
2025-02-06 17:50:00+01:00,714.4049072265625,714.9099731445312,712.7999877929688,713.5272216796875,117424
2025-02-06 17:55:00+01:00,713.2999877929688,713.7962036132812,712.9299926757812,713.4500732421875,97696
2025-02-06 18:00:00+01:00,713.4500122070312,713.4500122070312,711.0900268554688,711.1199951171875,129727
2025-02-06 18:05:00+01:00,711.0999755859375,712.3099975585938,711.0999755859375,712.1199951171875,126170
2025-02-06 18:10:00+01:00,712.1199951171875,712.9998779296875,711.1699829101562,711.47998046875,103573
2025-02-06 18:15:00+01:00,711.47998046875,711.8298950195312,711.0499877929688,711.6599731445312,106375
2025-02-06 18:20:00+01:00,711.5999755859375,712.8298950195312,711.5999755859375,712.3599853515625,106521
2025-02-06 18:25:00+01:00,712.3599853515625,712.5999755859375,710.0,710.1135864257812,122389
2025-02-06 18:30:00+01:00,710.14501953125,710.8298950195312,709.52001953125,710.6799926757812,108279
2025-02-06 18:35:00+01:00,710.6898803710938,711.6799926757812,710.3599853515625,710.909912109375,145195
2025-02-06 18:40:00+01:00,710.82861328125,711.1099853515625,710.4199829101562,710.8800048828125,84151
2025-02-06 18:45:00+01:00,710.7949829101562,710.9199829101562,709.9000244140625,710.9000244140625,81353
2025-02-06 18:50:00+01:00,710.8599853515625,712.030029296875,710.8599853515625,711.7849731445312,94039
2025-02-06 18:55:00+01:00,711.84912109375,712.5,711.3375244140625,711.6099853515625,79447
2025-02-06 19:00:00+01:00,711.666015625,713.6099853515625,711.666015625,713.01171875,105702
2025-02-06 19:05:00+01:00,713.0,713.4299926757812,712.090087890625,712.260009765625,79044
2025-02-06 19:10:00+01:00,712.3099975585938,712.5,711.5700073242188,711.8673095703125,74026
2025-02-06 19:15:00+01:00,712.0599975585938,712.1199951171875,711.1701049804688,711.448486328125,60487
2025-02-06 19:20:00+01:00,711.5900268554688,712.5599975585938,711.1900024414062,712.375,65464
2025-02-06 19:25:00+01:00,712.3599853515625,712.510009765625,711.47998046875,712.2899780273438,62889
2025-02-06 19:30:00+01:00,712.3300170898438,712.4000244140625,710.780029296875,711.0599975585938,62357
2025-02-06 19:35:00+01:00,711.2006225585938,711.3900146484375,710.3200073242188,710.6099853515625,71085
2025-02-06 19:40:00+01:00,710.6099853515625,711.1400146484375,710.4000244140625,710.4201049804688,73808
2025-02-06 19:45:00+01:00,710.4000244140625,710.4000244140625,709.5499877929688,710.22998046875,100123
2025-02-06 19:50:00+01:00,710.25,710.25,708.4144897460938,709.3400268554688,121912
2025-02-06 19:55:00+01:00,709.2150268554688,710.1099853515625,709.0001220703125,709.4310302734375,78476
2025-02-06 20:00:00+01:00,709.3350219726562,709.5900268554688,708.9149780273438,709.510009765625,51795
2025-02-06 20:05:00+01:00,709.35498046875,710.1099853515625,709.297607421875,709.5850219726562,70464
2025-02-06 20:10:00+01:00,709.6400146484375,709.97998046875,709.5399780273438,709.8104248046875,78553
2025-02-06 20:15:00+01:00,709.8599853515625,709.89501953125,708.7999877929688,708.8099975585938,91905
2025-02-06 20:20:00+01:00,708.7899780273438,708.904296875,707.6950073242188,708.3311767578125,105243
2025-02-06 20:25:00+01:00,708.3400268554688,708.4400024414062,706.77001953125,707.010009765625,129739
2025-02-06 20:30:00+01:00,706.9498901367188,706.9498901367188,704.3099975585938,705.010009765625,181381
2025-02-06 20:35:00+01:00,704.760009765625,705.9600219726562,704.7000122070312,705.3900146484375,142240
2025-02-06 20:40:00+01:00,705.614990234375,705.97998046875,704.9000244140625,705.9736938476562,87743
2025-02-06 20:45:00+01:00,705.7999877929688,707.0,705.4099731445312,706.8499755859375,106951
2025-02-06 20:50:00+01:00,706.8690185546875,707.72998046875,706.6699829101562,707.4298706054688,133867
2025-02-06 20:55:00+01:00,707.4199829101562,707.4500122070312,706.130126953125,706.3800048828125,81257
2025-02-06 21:00:00+01:00,706.27001953125,706.5700073242188,705.7305297851562,705.8350219726562,81388
2025-02-06 21:05:00+01:00,705.9400024414062,707.1699829101562,705.739990234375,707.1699829101562,135507
2025-02-06 21:10:00+01:00,707.0800170898438,707.7000122070312,706.8099975585938,707.4044799804688,96404
2025-02-06 21:15:00+01:00,707.3599853515625,707.8800048828125,706.8499755859375,707.7849731445312,88396
2025-02-06 21:20:00+01:00,707.780029296875,709.2454833984375,707.4899291992188,709.1699829101562,133016
2025-02-06 21:25:00+01:00,709.25,709.5698852539062,704.8699951171875,708.6099853515625,94340
2025-02-06 21:30:00+01:00,708.7379150390625,709.8599853515625,708.7000122070312,709.1599731445312,109984
2025-02-06 21:35:00+01:00,709.3200073242188,709.3327026367188,708.6400146484375,708.9799194335938,82240
2025-02-06 21:40:00+01:00,709.0,709.0421752929688,708.197021484375,708.75,92844
2025-02-06 21:45:00+01:00,708.8800048828125,709.5999755859375,708.70751953125,709.260009765625,132960
2025-02-06 21:50:00+01:00,709.3699951171875,711.5449829101562,708.898681640625,711.489990234375,251760
2025-02-06 21:55:00+01:00,711.52001953125,712.3499755859375,710.5623168945312,711.7100219726562,489596
2025-02-07 15:30:00+01:00,716.5474853515625,723.5,715.3499755859375,721.969970703125,1237949
2025-02-07 15:35:00+01:00,721.8250122070312,723.9299926757812,721.3300170898438,723.4600219726562,555765
2025-02-07 15:40:00+01:00,723.4561767578125,723.8140258789062,720.6973876953125,722.35498046875,336766
2025-02-07 15:45:00+01:00,722.348388671875,725.010009765625,722.2349853515625,723.4149780273438,490825
2025-02-07 15:50:00+01:00,723.4450073242188,724.5,722.760009765625,724.1275024414062,200255
2025-02-07 15:55:00+01:00,724.125,724.14501953125,721.6699829101562,723.1400146484375,247284
2025-02-07 16:00:00+01:00,722.97998046875,723.1400146484375,717.0,717.3699951171875,442387
2025-02-07 16:05:00+01:00,717.22998046875,719.8099975585938,715.780029296875,718.9500122070312,381450
2025-02-07 16:10:00+01:00,718.9199829101562,719.2100219726562,713.5,716.0,379496
2025-02-07 16:15:00+01:00,715.8800048828125,717.7498779296875,715.5250244140625,716.8300170898438,226937
2025-02-07 16:20:00+01:00,716.7999877929688,717.989990234375,715.5,717.5250244140625,178262
2025-02-07 16:25:00+01:00,717.7086791992188,717.8599853515625,715.697509765625,715.697509765625,151638
2025-02-07 16:30:00+01:00,715.7020263671875,716.5,714.5999755859375,716.4354858398438,229445
2025-02-07 16:35:00+01:00,716.5499877929688,719.2899780273438,715.72998046875,716.635009765625,231156
2025-02-07 16:40:00+01:00,716.8900146484375,718.4398803710938,716.8300170898438,717.7249755859375,140533
2025-02-07 16:45:00+01:00,717.7249755859375,718.75,717.0999755859375,717.760009765625,155287
2025-02-07 16:50:00+01:00,717.5599975585938,717.9000244140625,711.75,712.8499755859375,304522
2025-02-07 16:55:00+01:00,712.85498046875,715.8900146484375,712.2501220703125,714.7000122070312,219034
2025-02-07 17:00:00+01:00,714.77001953125,715.1500244140625,712.5,712.7999877929688,176699
2025-02-07 17:05:00+01:00,712.77001953125,716.3599853515625,712.2000122070312,715.5599975585938,198963
2025-02-07 17:10:00+01:00,715.6199951171875,715.9000244140625,714.0880126953125,714.1544189453125,126379
2025-02-07 17:15:00+01:00,714.5599975585938,717.169921875,714.1900024414062,716.010009765625,140565
2025-02-07 17:20:00+01:00,715.875,717.2586059570312,714.52001953125,715.3499755859375,165181
2025-02-07 17:25:00+01:00,715.2949829101562,716.7150268554688,714.219482421875,714.3900146484375,101651
2025-02-07 17:30:00+01:00,714.3900146484375,715.125,713.4099731445312,714.64501953125,94102
2025-02-07 17:35:00+01:00,714.3900146484375,715.25,713.7000122070312,715.1950073242188,77172
2025-02-07 17:40:00+01:00,715.2349853515625,716.3200073242188,715.02001953125,715.6649780273438,98049
2025-02-07 17:45:00+01:00,715.510009765625,716.4600219726562,715.1500244140625,716.030029296875,103151
2025-02-07 17:50:00+01:00,716.0650024414062,716.3599853515625,715.0,715.780029296875,114404
2025-02-07 17:55:00+01:00,715.760009765625,718.1599731445312,715.5599975585938,716.739990234375,202186
2025-02-07 18:00:00+01:00,716.625,717.0615234375,714.9301147460938,715.5150146484375,184961
2025-02-07 18:05:00+01:00,715.5150146484375,717.0900268554688,714.9199829101562,716.5833740234375,217845
2025-02-07 18:10:00+01:00,716.6400146484375,717.9500122070312,715.010009765625,717.77001953125,143660
2025-02-07 18:15:00+01:00,717.9000244140625,718.1998901367188,715.5,716.364990234375,157779
2025-02-07 18:20:00+01:00,716.5999755859375,718.280029296875,715.9650268554688,717.1099853515625,113526
2025-02-07 18:25:00+01:00,717.3699951171875,718.989990234375,716.8400268554688,718.4476928710938,102178
2025-02-07 18:30:00+01:00,718.3200073242188,719.3399047851562,718.010009765625,718.530029296875,147904
2025-02-07 18:35:00+01:00,718.5,720.280029296875,718.260009765625,720.2100219726562,141664
2025-02-07 18:40:00+01:00,720.0615234375,720.8599853515625,718.989990234375,719.4500122070312,192946
2025-02-07 18:45:00+01:00,719.6599731445312,721.0,719.6099853515625,720.4202880859375,165866
2025-02-07 18:50:00+01:00,720.5,721.25,720.2843017578125,721.0399780273438,99944
2025-02-07 18:55:00+01:00,720.9450073242188,721.3300170898438,719.9099731445312,720.0999755859375,140893
2025-02-07 19:00:00+01:00,720.0,721.7999877929688,719.0800170898438,721.6649780273438,143869
2025-02-07 19:05:00+01:00,721.6749877929688,722.6799926757812,721.2028198242188,721.7388916015625,170013
2025-02-07 19:10:00+01:00,721.760009765625,722.2974853515625,721.0,722.0650024414062,125109
2025-02-07 19:15:00+01:00,722.219970703125,722.97998046875,721.9000244140625,722.4299926757812,142353
2025-02-07 19:20:00+01:00,722.3200073242188,722.4600219726562,721.1500244140625,721.9849853515625,103294
2025-02-07 19:25:00+01:00,721.9849853515625,722.1400146484375,721.25,721.9000244140625,74427
2025-02-07 19:30:00+01:00,721.7899780273438,721.989990234375,720.5783081054688,721.14599609375,93399
2025-02-07 19:35:00+01:00,721.0800170898438,721.239990234375,720.0001220703125,721.1500244140625,103829
2025-02-07 19:40:00+01:00,721.2100219726562,721.5,718.7100219726562,719.0999755859375,143450
2025-02-07 19:45:00+01:00,719.2999877929688,719.6500244140625,717.4901123046875,718.6599731445312,125555
2025-02-07 19:50:00+01:00,718.739990234375,719.25,717.3900146484375,717.6099853515625,87269
2025-02-07 19:55:00+01:00,717.5650024414062,717.9199829101562,716.4500122070312,716.739990234375,89478
2025-02-07 20:00:00+01:00,716.6599731445312,717.3900146484375,716.4500122070312,717.3300170898438,56063
2025-02-07 20:05:00+01:00,717.3200073242188,717.3200073242188,716.0399780273438,716.3400268554688,182194
2025-02-07 20:10:00+01:00,716.27001953125,716.5399780273438,715.6900024414062,716.2100219726562,100202
2025-02-07 20:15:00+01:00,716.2598876953125,716.3599853515625,715.5,715.5900268554688,72203
2025-02-07 20:20:00+01:00,715.6649780273438,716.169921875,715.0,715.9199829101562,99754
2025-02-07 20:25:00+01:00,715.9149780273438,716.3800048828125,715.3599853515625,715.5549926757812,72993
2025-02-07 20:30:00+01:00,715.6467895507812,715.97998046875,715.0789794921875,715.72998046875,88359
2025-02-07 20:35:00+01:00,715.537109375,716.7899780273438,715.5,716.760009765625,96595
2025-02-07 20:40:00+01:00,716.6672973632812,717.0,715.7800903320312,716.7537841796875,100780
2025-02-07 20:45:00+01:00,716.6699829101562,716.6699829101562,715.72998046875,716.1849975585938,93869
2025-02-07 20:50:00+01:00,716.1400146484375,716.489990234375,715.7000122070312,715.969970703125,70887
2025-02-07 20:55:00+01:00,716.1926879882812,716.4083251953125,715.5900268554688,716.25,66902
2025-02-07 21:00:00+01:00,716.1400146484375,716.1400146484375,715.4299926757812,715.9349975585938,71402
2025-02-07 21:05:00+01:00,716.0,716.0999755859375,715.5,715.5,65211
2025-02-07 21:10:00+01:00,715.6099853515625,715.77001953125,715.4000244140625,715.5709838867188,87916
2025-02-07 21:15:00+01:00,715.6599731445312,715.969970703125,714.989990234375,715.9400024414062,119086
2025-02-07 21:20:00+01:00,715.9400024414062,716.14990234375,713.77001953125,714.2999877929688,367496
2025-02-07 21:25:00+01:00,714.1199951171875,715.5399780273438,713.9401245117188,715.0800170898438,186597
2025-02-07 21:30:00+01:00,715.0900268554688,717.4550170898438,715.0900268554688,717.4550170898438,146158
2025-02-07 21:35:00+01:00,717.4650268554688,717.4998779296875,716.469970703125,716.7000122070312,114175
2025-02-07 21:40:00+01:00,716.7999267578125,717.0499877929688,715.8200073242188,716.1099853515625,327531
2025-02-07 21:45:00+01:00,716.1400146484375,716.6500244140625,714.7999877929688,715.2000122070312,199170
2025-02-07 21:50:00+01:00,715.22998046875,716.72998046875,715.10498046875,715.3474731445312,397948
2025-02-07 21:55:00+01:00,714.7999877929688,715.364990234375,713.8200073242188,714.260009765625,550118
