Datetime,Open,High,Low,Close,Volume
2025-01-02 15:30:00+01:00,135.9550018310547,137.8800048828125,135.6699981689453,136.5644989013672,15269151
2025-01-02 15:35:00+01:00,136.55999755859375,136.63999938964844,134.85699462890625,134.91000366210938,5529119
2025-01-02 15:40:00+01:00,134.89999389648438,135.33999633789062,134.6300048828125,134.99000549316406,3707872
2025-01-02 15:45:00+01:00,134.97999572753906,136.24000549316406,134.86000061035156,136.17999267578125,3722247
2025-01-02 15:50:00+01:00,136.17999267578125,137.16000366210938,136.00999450683594,137.08999633789062,4236835
2025-01-02 15:55:00+01:00,137.28799438476562,137.52000427246094,136.97000122070312,137.27000427246094,4271740
2025-01-02 16:00:00+01:00,137.27000427246094,137.9600067138672,137.02999877929688,137.92010498046875,4041302
2025-01-02 16:05:00+01:00,137.92999267578125,138.3699951171875,137.80999755859375,137.8256072998047,3986349
2025-01-02 16:10:00+01:00,137.80999755859375,138.1887969970703,137.58999633789062,137.8300018310547,2699700
2025-01-02 16:15:00+01:00,137.8300018310547,138.0800018310547,137.35000610351562,137.3699951171875,3004332
2025-01-02 16:20:00+01:00,137.41000366210938,137.47000122070312,136.60000610351562,136.81930541992188,3816709
2025-01-02 16:25:00+01:00,136.7899932861328,137.47000122070312,136.6761016845703,136.97999572753906,2869869
2025-01-02 16:30:00+01:00,136.97999572753906,137.1999969482422,136.41000366210938,136.9499969482422,2491202
2025-01-02 16:35:00+01:00,136.93099975585938,137.38999938964844,136.66000366210938,136.9499969482422,2319259
2025-01-02 16:40:00+01:00,136.94500732421875,137.2100067138672,136.4600067138672,136.77200317382812,1846835
2025-01-02 16:45:00+01:00,136.77000427246094,137.36770629882812,136.49000549316406,137.35000610351562,1939183
2025-01-02 16:50:00+01:00,137.3000030517578,137.8800048828125,137.16000366210938,137.66000366210938,2309858
2025-01-02 16:55:00+01:00,137.6699981689453,137.72999572753906,137.14999389648438,137.36000061035156,1440118
2025-01-02 17:00:00+01:00,137.39999389648438,137.64999389648438,136.63999938964844,136.77000427246094,1720857
2025-01-02 17:05:00+01:00,136.8000030517578,137.0500030517578,136.7100067138672,136.964599609375,1342208
2025-01-02 17:10:00+01:00,136.9600067138672,137.52999877929688,136.6699981689453,137.4199981689453,1673632
2025-01-02 17:15:00+01:00,137.42100524902344,137.5800018310547,137.05999755859375,137.53439331054688,1267679
2025-01-02 17:20:00+01:00,137.52999877929688,137.9499969482422,137.24000549316406,137.8800048828125,1745886
2025-01-02 17:25:00+01:00,137.8699951171875,138.07000732421875,137.67999267578125,137.92129516601562,2288297
2025-01-02 17:30:00+01:00,137.9199981689453,138.17999267578125,137.6699981689453,138.10499572753906,1929672
2025-01-02 17:35:00+01:00,138.10499572753906,138.22000122070312,137.80999755859375,137.88999938964844,2052063
2025-01-02 17:40:00+01:00,137.8800048828125,138.11000061035156,137.69000244140625,137.8800048828125,1304699
2025-01-02 17:45:00+01:00,137.875,138.61000061035156,137.82000732421875,138.5800018310547,2326951
2025-01-02 17:50:00+01:00,138.58999633789062,138.74000549316406,138.12789916992188,138.2801055908203,2263741
2025-01-02 17:55:00+01:00,138.3000030517578,138.8000030517578,138.25,138.6699981689453,1839928
2025-01-02 18:00:00+01:00,138.6699981689453,138.85499572753906,138.38009643554688,138.85000610351562,1862507
2025-01-02 18:05:00+01:00,138.85000610351562,138.8699951171875,138.19000244140625,138.3986053466797,1909198
2025-01-02 18:10:00+01:00,138.38999938964844,138.8690948486328,138.3699951171875,138.6970977783203,1734560
2025-01-02 18:15:00+01:00,138.69000244140625,138.8800048828125,138.3000030517578,138.4199981689453,1594707
2025-01-02 18:20:00+01:00,138.4499969482422,138.45989990234375,137.85499572753906,137.9499969482422,1544989
2025-01-02 18:25:00+01:00,137.9550018310547,137.9550018310547,136.9114990234375,137.00999450683594,2633874
2025-01-02 18:30:00+01:00,137.0,137.00970458984375,136.43170166015625,136.60000610351562,2755893
2025-01-02 18:35:00+01:00,136.58999633789062,136.72999572753906,135.8300018310547,136.02000427246094,3093941
2025-01-02 18:40:00+01:00,136.04800415039062,136.3300018310547,135.8300018310547,136.04010009765625,2337021
2025-01-02 18:45:00+01:00,136.05999755859375,136.1300048828125,135.3300018310547,135.33999633789062,2362957
2025-01-02 18:50:00+01:00,135.32009887695312,136.1300048828125,135.16000366210938,135.97250366210938,2394523
2025-01-02 18:55:00+01:00,135.95680236816406,136.3300018310547,135.88999938964844,136.19000244140625,2325622
2025-01-02 19:00:00+01:00,136.2100067138672,136.21200561523438,135.26010131835938,135.39999389648438,1982522
2025-01-02 19:05:00+01:00,135.39999389648438,136.38999938964844,135.3300018310547,136.21310424804688,1837064
2025-01-02 19:10:00+01:00,136.2100067138672,136.2100067138672,135.74000549316406,135.80990600585938,1165462
2025-01-02 19:15:00+01:00,135.81500244140625,136.16000366210938,135.52999877929688,136.07000732421875,1213751
2025-01-02 19:20:00+01:00,136.0601043701172,136.41000366210938,135.9600067138672,136.22999572753906,1326569
2025-01-02 19:25:00+01:00,136.22000122070312,136.375,135.89999389648438,136.36990356445312,1018422
2025-01-02 19:30:00+01:00,136.35499572753906,136.3560028076172,135.63699340820312,135.72999572753906,1330442
2025-01-02 19:35:00+01:00,135.72999572753906,136.13999938964844,135.69000244140625,135.82000732421875,1117936
2025-01-02 19:40:00+01:00,135.80999755859375,136.36000061035156,135.6300048828125,136.3446044921875,1312052
2025-01-02 19:45:00+01:00,136.3300018310547,136.34800720214844,135.82000732421875,135.96240234375,1004274
2025-01-02 19:50:00+01:00,135.9499969482422,136.02000427246094,135.52999877929688,135.6649932861328,1195862
2025-01-02 19:55:00+01:00,135.6699981689453,136.16990661621094,135.6602020263672,136.11000061035156,1199323
2025-01-02 20:00:00+01:00,136.10000610351562,136.49000549316406,135.92999267578125,136.4499969482422,1231005
2025-01-02 20:05:00+01:00,136.44000244140625,136.6999969482422,136.32000732421875,136.51400756835938,1484657
2025-01-02 20:10:00+01:00,136.52000427246094,136.73989868164062,136.42999267578125,136.625,1121962
2025-01-02 20:15:00+01:00,136.6199951171875,136.9499969482422,136.52999877929688,136.86000061035156,1475124
2025-01-02 20:20:00+01:00,136.85499572753906,137.14999389648438,136.77999877929688,137.1298065185547,1289693
2025-01-02 20:25:00+01:00,137.1199951171875,137.36000061035156,137.02999877929688,137.3022003173828,1525384
2025-01-02 20:30:00+01:00,137.2899932861328,137.3000030517578,136.9499969482422,136.9949951171875,1435957
2025-01-02 20:35:00+01:00,136.99009704589844,137.0399932861328,136.72000122070312,136.91000366210938,1260206
2025-01-02 20:40:00+01:00,136.89999389648438,137.1300048828125,136.86500549316406,136.9199981689453,867906
2025-01-02 20:45:00+01:00,136.94000244140625,137.66000366210938,136.64999389648438,137.49000549316406,1885580
2025-01-02 20:50:00+01:00,137.5,137.72000122070312,137.36000061035156,137.50999450683594,1509453
2025-01-02 20:55:00+01:00,137.5,137.50999450683594,136.86000061035156,136.9149932861328,1296004
2025-01-02 21:00:00+01:00,136.9149932861328,137.5500030517578,136.8892059326172,137.5,1162148
2025-01-02 21:05:00+01:00,137.5,137.60000610351562,137.32000732421875,137.4949951171875,1024667
2025-01-02 21:10:00+01:00,137.5050048828125,137.99000549316406,137.46319580078125,137.83900451660156,2020663
2025-01-02 21:15:00+01:00,137.82350158691406,137.82350158691406,137.50999450683594,137.72279357910156,1092705
2025-01-02 21:20:00+01:00,137.74000549316406,137.97000122070312,137.50999450683594,137.9499969482422,1245672
2025-01-02 21:25:00+01:00,137.9600067138672,138.0399932861328,137.85000610351562,137.9149932861328,1664678
2025-01-02 21:30:00+01:00,137.92999267578125,138.17999267578125,137.67999267578125,137.75010681152344,2091988
2025-01-02 21:35:00+01:00,137.75990295410156,137.77499389648438,137.30999755859375,137.4550018310547,1505764
2025-01-02 21:40:00+01:00,137.47000122070312,137.7178955078125,137.42010498046875,137.5592041015625,1350171
2025-01-02 21:45:00+01:00,137.5500030517578,138.08999633789062,137.52000427246094,138.06399536132812,1903498
2025-01-02 21:50:00+01:00,138.05999755859375,138.62600708007812,138.05999755859375,138.39500427246094,3228662
2025-01-02 21:55:00+01:00,138.39999389648438,138.49000549316406,137.9499969482422,138.27999877929688,4802220
2025-01-03 15:30:00+01:00,140.02000427246094,141.64999389648438,139.77000427246094,141.0399932861328,18114357
2025-01-03 15:35:00+01:00,141.05999755859375,142.24000549316406,140.9199981689453,142.13499450683594,8088242
2025-01-03 15:40:00+01:00,142.1199951171875,142.9199981689453,142.00999450683594,142.77749633789062,7295274
2025-01-03 15:45:00+01:00,142.75999450683594,143.25,142.36199951171875,142.78919982910156,8015465
2025-01-03 15:50:00+01:00,142.7899932861328,143.36000061035156,142.52000427246094,143.08999633789062,5760362
2025-01-03 15:55:00+01:00,143.0800018310547,143.9698944091797,143.07000732421875,143.92999267578125,5958826
2025-01-03 16:00:00+01:00,143.92999267578125,143.97999572753906,143.20199584960938,143.94000244140625,4671335
2025-01-03 16:05:00+01:00,143.93499755859375,144.2198944091797,143.39300537109375,143.8157958984375,5832574
2025-01-03 16:10:00+01:00,143.84500122070312,144.02000427246094,143.26600646972656,143.5399932861328,3712244
2025-01-03 16:15:00+01:00,143.5399932861328,143.97999572753906,143.1416015625,143.4530029296875,4235403
2025-01-03 16:20:00+01:00,143.4499969482422,143.52000427246094,142.50999450683594,143.00990295410156,5152745
2025-01-03 16:25:00+01:00,143.02000427246094,143.37989807128906,142.9199981689453,143.11270141601562,2614243
2025-01-03 16:30:00+01:00,143.1199951171875,143.27000427246094,142.75999450683594,143.16000366210938,2529580
2025-01-03 16:35:00+01:00,143.125,143.5399932861328,142.94000244140625,143.10499572753906,3035624
2025-01-03 16:40:00+01:00,143.1199951171875,143.72000122070312,142.97000122070312,143.3289031982422,2626792
2025-01-03 16:45:00+01:00,143.3249969482422,143.55560302734375,143.0,143.2259979248047,1977340
2025-01-03 16:50:00+01:00,143.22999572753906,143.39999389648438,142.8300018310547,142.9199981689453,2402961
2025-01-03 16:55:00+01:00,142.91839599609375,143.3300018310547,142.8350067138672,143.1999969482422,2391222
2025-01-03 17:00:00+01:00,143.2100067138672,143.63999938964844,143.02999877929688,143.43600463867188,2569321
2025-01-03 17:05:00+01:00,143.44000244140625,143.4499969482422,142.8300018310547,142.87890625,2320725
2025-01-03 17:10:00+01:00,142.875,142.9949951171875,142.75289916992188,142.9199981689453,1693292
2025-01-03 17:15:00+01:00,143.0800018310547,143.17999267578125,142.8800048828125,143.10459899902344,1745073
2025-01-03 17:20:00+01:00,143.08900451660156,143.4600067138672,143.05459594726562,143.27540588378906,2523655
2025-01-03 17:25:00+01:00,143.27000427246094,143.47999572753906,143.22999572753906,143.46009826660156,1501482
2025-01-03 17:30:00+01:00,143.47000122070312,143.5399932861328,143.1800994873047,143.48989868164062,1764348
2025-01-03 17:35:00+01:00,143.48109436035156,143.74000549316406,143.33999633789062,143.6840057373047,1622464
2025-01-03 17:40:00+01:00,143.69000244140625,143.88999938964844,143.64999389648438,143.7949981689453,1802009
2025-01-03 17:45:00+01:00,143.77999877929688,144.0,143.67999267578125,143.90499877929688,1920474
2025-01-03 17:50:00+01:00,143.90499877929688,144.00999450683594,143.7899932861328,143.93499755859375,2257251
2025-01-03 17:55:00+01:00,143.93499755859375,144.00999450683594,143.7899932861328,143.87030029296875,1427441
2025-01-03 18:00:00+01:00,143.87120056152344,144.1300048828125,143.87120056152344,144.02000427246094,1627966
2025-01-03 18:05:00+01:00,144.01870727539062,144.05999755859375,143.7100067138672,143.79989624023438,1530259
2025-01-03 18:10:00+01:00,143.7899932861328,143.92990112304688,143.7100067138672,143.72000122070312,1608947
2025-01-03 18:15:00+01:00,143.72999572753906,143.95989990234375,143.71200561523438,143.7790985107422,1142592
2025-01-03 18:20:00+01:00,143.77999877929688,143.86000061035156,143.6199951171875,143.85850524902344,1140090
2025-01-03 18:25:00+01:00,143.85000610351562,144.0,143.64999389648438,143.6802978515625,1243311
2025-01-03 18:30:00+01:00,143.69000244140625,143.8000030517578,143.63999938964844,143.75,1255247
2025-01-03 18:35:00+01:00,143.7550048828125,143.92999267578125,143.6999969482422,143.91940307617188,1007909
2025-01-03 18:40:00+01:00,143.9113006591797,144.14999389648438,143.89999389648438,144.14779663085938,2023069
2025-01-03 18:45:00+01:00,144.14999389648438,144.35000610351562,144.08999633789062,144.34109497070312,1811774
2025-01-03 18:50:00+01:00,144.34100341796875,144.6699981689453,144.3300018310547,144.58999633789062,2765694
2025-01-03 18:55:00+01:00,144.5850067138672,144.6864013671875,144.42999267578125,144.62759399414062,1941235
2025-01-03 19:00:00+01:00,144.6199951171875,144.67999267578125,144.3000030517578,144.4199981689453,1631484
2025-01-03 19:05:00+01:00,144.4199981689453,144.6999969482422,144.3699951171875,144.6959991455078,1473010
2025-01-03 19:10:00+01:00,144.6999969482422,144.74000549316406,144.46099853515625,144.6269073486328,1446912
2025-01-03 19:15:00+01:00,144.6199951171875,144.6199951171875,144.13009643554688,144.25869750976562,1694673
2025-01-03 19:20:00+01:00,144.252197265625,144.39999389648438,144.1199951171875,144.2053985595703,1657469
2025-01-03 19:25:00+01:00,144.2100067138672,144.5050048828125,144.17999267578125,144.49530029296875,1620813
2025-01-03 19:30:00+01:00,144.5,144.6999969482422,144.44000244140625,144.69540405273438,1526333
2025-01-03 19:35:00+01:00,144.6999969482422,144.89999389648438,144.69000244140625,144.76919555664062,1887136
2025-01-03 19:40:00+01:00,144.75999450683594,144.8699951171875,144.5800018310547,144.66400146484375,1277736
2025-01-03 19:45:00+01:00,144.6699981689453,144.6999969482422,144.35000610351562,144.36500549316406,1161661
2025-01-03 19:50:00+01:00,144.3699951171875,144.49000549316406,144.110107421875,144.49000549316406,1761013
2025-01-03 19:55:00+01:00,144.49000549316406,144.49000549316406,143.9199981689453,144.06849670410156,1765134
2025-01-03 20:00:00+01:00,144.07000732421875,144.17999267578125,143.82000732421875,144.13499450683594,1534937
2025-01-03 20:05:00+01:00,144.13499450683594,144.60000610351562,144.07000732421875,144.45640563964844,2734851
2025-01-03 20:10:00+01:00,144.4600067138672,144.72000122070312,144.32000732421875,144.53909301757812,1751514
2025-01-03 20:15:00+01:00,144.5399932861328,144.5500030517578,144.2200927734375,144.34500122070312,1327587
2025-01-03 20:20:00+01:00,144.34500122070312,144.43850708007812,144.1300048828125,144.16000366210938,1177020
2025-01-03 20:25:00+01:00,144.14999389648438,144.41000366210938,144.02999877929688,144.37100219726562,1634808
2025-01-03 20:30:00+01:00,144.3699951171875,144.3699951171875,144.0800018310547,144.1634979248047,1452526
2025-01-03 20:35:00+01:00,144.1699981689453,144.5500030517578,144.14999389648438,144.53990173339844,1394008
2025-01-03 20:40:00+01:00,144.52000427246094,144.52999877929688,144.2550048828125,144.2550048828125,1043468
2025-01-03 20:45:00+01:00,144.25,144.3800048828125,144.12010192871094,144.3699951171875,989289
2025-01-03 20:50:00+01:00,144.3699951171875,144.44000244140625,144.16000366210938,144.3455047607422,1220958
2025-01-03 20:55:00+01:00,144.347900390625,144.49000549316406,144.26499938964844,144.41990661621094,1374329
2025-01-03 21:00:00+01:00,144.41000366210938,144.41000366210938,144.16000366210938,144.17999267578125,1493066
2025-01-03 21:05:00+01:00,144.18499755859375,144.38999938964844,144.0399932861328,144.28500366210938,1575242
2025-01-03 21:10:00+01:00,144.27999877929688,144.33999633789062,144.05999755859375,144.3300018310547,1260309
2025-01-03 21:15:00+01:00,144.3249969482422,144.5,144.16000366210938,144.35240173339844,1721836
2025-01-03 21:20:00+01:00,144.35499572753906,144.37840270996094,144.11000061035156,144.24000549316406,1340520
2025-01-03 21:25:00+01:00,144.24000549316406,144.33999633789062,144.18020629882812,144.32000732421875,1123850
2025-01-03 21:30:00+01:00,144.3000030517578,144.30499267578125,144.05999755859375,144.14500427246094,2150591
2025-01-03 21:35:00+01:00,144.13999938964844,144.5,144.07000732421875,144.45010375976562,1890927
2025-01-03 21:40:00+01:00,144.4499969482422,144.45799255371094,144.27999877929688,144.3800048828125,1492985
2025-01-03 21:45:00+01:00,144.3699951171875,144.72000122070312,144.35000610351562,144.3583984375,2346449
2025-01-03 21:50:00+01:00,144.35000610351562,144.69000244140625,144.1199951171875,144.49130249023438,3800033
2025-01-03 21:55:00+01:00,144.5,144.58999633789062,144.1199951171875,144.58999633789062,6120837
2025-01-06 15:30:00+01:00,148.59249877929688,149.39999389648438,147.82009887695312,149.02000427246094,28780232
2025-01-06 15:35:00+01:00,149.0,149.60000610351562,148.82000732421875,149.40499877929688,6661176
2025-01-06 15:40:00+01:00,149.40499877929688,149.75,148.69000244140625,148.99000549316406,5546669
2025-01-06 15:45:00+01:00,149.00999450683594,150.27000427246094,148.97999572753906,150.26199340820312,10118764
2025-01-06 15:50:00+01:00,150.26499938964844,150.3300018310547,149.41000366210938,149.64830017089844,6517822
2025-01-06 15:55:00+01:00,149.64010620117188,149.8800048828125,149.00999450683594,149.86000061035156,5234182
2025-01-06 16:00:00+01:00,149.85130310058594,150.38999938964844,149.6699981689453,149.98779296875,5125114
2025-01-06 16:05:00+01:00,149.99000549316406,150.6999969482422,149.88999938964844,150.64990234375,4974383
2025-01-06 16:10:00+01:00,150.63999938964844,151.22999572753906,150.1199951171875,151.2135009765625,5936826
2025-01-06 16:15:00+01:00,151.22000122070312,151.39999389648438,150.95010375976562,151.16990661621094,4746751
2025-01-06 16:20:00+01:00,151.16000366210938,151.24899291992188,150.83999633789062,151.14999389648438,3414069
2025-01-06 16:25:00+01:00,151.16000366210938,151.6999969482422,151.13499450683594,151.5312042236328,4153350
2025-01-06 16:30:00+01:00,151.52000427246094,151.61500549316406,151.19500732421875,151.27000427246094,2933490
2025-01-06 16:35:00+01:00,151.27499389648438,151.5,151.1300048828125,151.37319946289062,2597853
2025-01-06 16:40:00+01:00,151.3800048828125,151.52999877929688,151.1199951171875,151.3699951171875,2389198
2025-01-06 16:45:00+01:00,151.36000061035156,151.60989379882812,151.14500427246094,151.1649932861328,3145156
2025-01-06 16:50:00+01:00,151.17999267578125,151.99000549316406,151.0500030517578,151.96499633789062,4419540
2025-01-06 16:55:00+01:00,151.97000122070312,151.99000549316406,151.5189971923828,151.5500946044922,2720997
2025-01-06 17:00:00+01:00,151.57000732421875,151.89999389648438,151.52999877929688,151.69500732421875,2188340
2025-01-06 17:05:00+01:00,151.7050018310547,151.91990661621094,151.6750030517578,151.77000427246094,1344539
2025-01-06 17:10:00+01:00,151.8800048828125,152.0,151.8699951171875,151.9600067138672,2935212
2025-01-06 17:15:00+01:00,151.9600067138672,152.156005859375,151.6750030517578,151.80999755859375,4312322
2025-01-06 17:20:00+01:00,151.80999755859375,151.88999938964844,151.19000244140625,151.20880126953125,2301076
2025-01-06 17:25:00+01:00,151.20010375976562,151.88999938964844,151.03500366210938,151.8887939453125,2870216
2025-01-06 17:30:00+01:00,151.8800048828125,151.91859436035156,151.64999389648438,151.8300018310547,1767213
2025-01-06 17:35:00+01:00,151.80999755859375,151.8300018310547,151.6199951171875,151.74380493164062,1264535
2025-01-06 17:40:00+01:00,151.74000549316406,151.91000366210938,151.63999938964844,151.7799072265625,1585947
2025-01-06 17:45:00+01:00,151.7899932861328,151.8000030517578,151.34500122070312,151.39500427246094,3453040
2025-01-06 17:50:00+01:00,151.39500427246094,151.5749969482422,151.36500549316406,151.51510620117188,1185842
2025-01-06 17:55:00+01:00,151.52000427246094,151.5399932861328,151.0399932861328,151.09500122070312,1810106
2025-01-06 18:00:00+01:00,151.10000610351562,151.10499572753906,150.88999938964844,151.08299255371094,2690189
2025-01-06 18:05:00+01:00,151.08999633789062,151.57000732421875,150.92999267578125,151.4199981689453,2311806
2025-01-06 18:10:00+01:00,151.427001953125,151.42909240722656,151.10000610351562,151.14939880371094,1367829
2025-01-06 18:15:00+01:00,151.14500427246094,151.2100067138672,150.91000366210938,150.94979858398438,1606064
2025-01-06 18:20:00+01:00,150.94000244140625,151.1699981689453,150.92120361328125,151.01499938964844,1362220
2025-01-06 18:25:00+01:00,151.01499938964844,151.3699951171875,150.99000549316406,151.3096923828125,1439777
2025-01-06 18:30:00+01:00,151.30189514160156,151.50999450683594,151.1199951171875,151.37100219726562,1863904
2025-01-06 18:35:00+01:00,151.38999938964844,151.4600067138672,150.97000122070312,151.0,1567442
2025-01-06 18:40:00+01:00,150.97999572753906,151.14999389648438,150.9250030517578,151.09500122070312,1528963
2025-01-06 18:45:00+01:00,151.08999633789062,151.4199981689453,150.9600067138672,151.39999389648438,1177318
2025-01-06 18:50:00+01:00,151.41000366210938,151.55999755859375,151.19000244140625,151.50999450683594,1418830
2025-01-06 18:55:00+01:00,151.5,151.5500030517578,151.30999755859375,151.46499633789062,1079471
2025-01-06 19:00:00+01:00,151.46499633789062,151.47000122070312,150.9199981689453,151.16189575195312,1706763
2025-01-06 19:05:00+01:00,151.16000366210938,151.85000610351562,151.1199951171875,151.6699981689453,2844877
2025-01-06 19:10:00+01:00,151.66000366210938,151.6699981689453,151.25,151.33999633789062,1586149
2025-01-06 19:15:00+01:00,151.33749389648438,151.38999938964844,150.80999755859375,151.3363037109375,2008105
2025-01-06 19:20:00+01:00,151.3350067138672,151.77000427246094,151.30999755859375,151.6199951171875,1619748
2025-01-06 19:25:00+01:00,151.61000061035156,151.7277069091797,151.5500030517578,151.6750030517578,920914
2025-01-06 19:30:00+01:00,151.66879272460938,151.83889770507812,151.52499389648438,151.55499267578125,1547845
2025-01-06 19:35:00+01:00,151.55499267578125,151.6300048828125,151.38999938964844,151.5998992919922,1130183
2025-01-06 19:40:00+01:00,151.58799743652344,151.68899536132812,151.27999877929688,151.32989501953125,1260310
2025-01-06 19:45:00+01:00,151.3300018310547,151.39500427246094,150.8800048828125,150.89500427246094,2205373
2025-01-06 19:50:00+01:00,150.88999938964844,151.1999969482422,150.85000610351562,151.08999633789062,1538680
2025-01-06 19:55:00+01:00,151.08619689941406,151.16900634765625,150.45010375976562,150.50999450683594,2142688
2025-01-06 20:00:00+01:00,150.52000427246094,150.63999938964844,150.36000061035156,150.5,2501294
2025-01-06 20:05:00+01:00,150.5,150.8300018310547,150.10000610351562,150.10040283203125,2375448
2025-01-06 20:10:00+01:00,150.11000061035156,150.12159729003906,149.66000366210938,150.06280517578125,3289379
2025-01-06 20:15:00+01:00,150.0601043701172,150.07000732421875,149.6699981689453,149.75,1678855
2025-01-06 20:20:00+01:00,149.74000549316406,150.49000549316406,149.74000549316406,150.39999389648438,2033628
2025-01-06 20:25:00+01:00,150.39999389648438,150.47999572753906,150.2010040283203,150.2949981689453,1410102
2025-01-06 20:30:00+01:00,150.3000030517578,150.30999755859375,150.07000732421875,150.2949981689453,1174674
2025-01-06 20:35:00+01:00,150.2949981689453,150.3699951171875,150.08999633789062,150.2299041748047,1103223
2025-01-06 20:40:00+01:00,150.22000122070312,150.49000549316406,150.2100067138672,150.4550018310547,1214561
2025-01-06 20:45:00+01:00,150.4550018310547,150.6199951171875,150.3699951171875,150.5,1406570
2025-01-06 20:50:00+01:00,150.5050048828125,150.5489959716797,150.26010131835938,150.37989807128906,1019793
2025-01-06 20:55:00+01:00,150.375,150.4550018310547,149.72000122070312,149.75,1684018
2025-01-06 21:00:00+01:00,149.74000549316406,150.03759765625,149.3699951171875,149.92999267578125,2690849
2025-01-06 21:05:00+01:00,149.94000244140625,150.35000610351562,149.88380432128906,150.1300048828125,1680265
2025-01-06 21:10:00+01:00,150.14089965820312,150.4250030517578,150.0,150.24000549316406,1669894
2025-01-06 21:15:00+01:00,150.24000549316406,150.25,149.96499633789062,150.17050170898438,1661533
2025-01-06 21:20:00+01:00,150.1750030517578,150.5500030517578,150.10000610351562,150.5,1714461
2025-01-06 21:25:00+01:00,150.49000549316406,150.5399932861328,150.32000732421875,150.52499389648438,1619540
2025-01-06 21:30:00+01:00,150.52000427246094,150.8300018310547,150.3105010986328,150.4095001220703,2377680
2025-01-06 21:35:00+01:00,150.39999389648438,150.47999572753906,149.9199981689453,149.9600067138672,2099237
2025-01-06 21:40:00+01:00,149.9600067138672,150.2899932861328,149.74000549316406,149.78500366210938,2115747
2025-01-06 21:45:00+01:00,149.7899932861328,149.83990478515625,148.2899932861328,148.310302734375,5214352
2025-01-06 21:50:00+01:00,148.3000030517578,149.6649932861328,148.2550048828125,149.6300048828125,6421902
2025-01-06 21:55:00+01:00,149.6199951171875,149.63999938964844,148.89999389648438,149.51010131835938,6869885
2025-01-07 15:30:00+01:00,153.04800415039062,153.1300048828125,150.41000366210938,150.46499633789062,29863548
2025-01-07 15:35:00+01:00,150.47500610351562,150.88999938964844,148.72000122070312,148.85000610351562,11248685
2025-01-07 15:40:00+01:00,148.85000610351562,150.47000122070312,148.8000030517578,150.43699645996094,8002797
2025-01-07 15:45:00+01:00,150.43499755859375,150.5,149.16000366210938,149.22000122070312,5343087
2025-01-07 15:50:00+01:00,149.24989318847656,149.88999938964844,148.3000030517578,148.42320251464844,6806193
2025-01-07 15:55:00+01:00,148.44000244140625,148.77999877929688,145.58999633789062,146.25999450683594,12677073
2025-01-07 16:00:00+01:00,146.25,146.47999572753906,144.64999389648438,145.6300048828125,9635903
2025-01-07 16:05:00+01:00,145.6300048828125,146.49000549316406,145.24000549316406,145.5050048828125,6390138
2025-01-07 16:10:00+01:00,145.5050048828125,146.27999877929688,145.1199951171875,145.49000549316406,6172943
2025-01-07 16:15:00+01:00,145.47999572753906,145.8699951171875,144.44000244140625,144.74000549316406,7255444
2025-01-07 16:20:00+01:00,144.72999572753906,145.5500030517578,144.6699981689453,145.07000732421875,5396407
2025-01-07 16:25:00+01:00,145.0850067138672,145.42999267578125,143.52999877929688,143.6580047607422,7926272
2025-01-07 16:30:00+01:00,143.64999389648438,143.85000610351562,142.17999267578125,142.6446075439453,9131509
2025-01-07 16:35:00+01:00,142.6623992919922,142.92999267578125,141.02999877929688,141.17010498046875,9512615
2025-01-07 16:40:00+01:00,141.19000244140625,141.6999969482422,140.44000244140625,141.41009521484375,9204996
2025-01-07 16:45:00+01:00,141.38999938964844,141.75,140.4499969482422,141.65499877929688,7042008
2025-01-07 16:50:00+01:00,141.63999938964844,142.36000061035156,140.99000549316406,142.22500610351562,7713124
2025-01-07 16:55:00+01:00,142.23989868164062,142.8300018310547,142.0500946044922,142.69500732421875,7282566
2025-01-07 17:00:00+01:00,142.71119689941406,142.86000061035156,141.5399932861328,141.86500549316406,6040207
2025-01-07 17:05:00+01:00,141.89999389648438,142.22000122070312,141.36000061035156,142.05999755859375,5060123
2025-01-07 17:10:00+01:00,142.05999755859375,142.30599975585938,141.10000610351562,141.12489318847656,4505831
2025-01-07 17:15:00+01:00,141.13999938964844,141.9123992919922,141.00999450683594,141.75999450683594,4485026
2025-01-07 17:20:00+01:00,141.76499938964844,142.63999938964844,141.56500244140625,142.61000061035156,4464009
2025-01-07 17:25:00+01:00,142.6123046875,142.8800048828125,142.3000030517578,142.76669311523438,5455603
2025-01-07 17:30:00+01:00,142.75999450683594,142.83999633789062,141.9001007080078,142.57000732421875,4610521
2025-01-07 17:35:00+01:00,142.5800018310547,142.92999267578125,142.0,142.91220092773438,3412695
2025-01-07 17:40:00+01:00,142.9058074951172,143.11000061035156,141.83999633789062,142.10989379882812,4384569
2025-01-07 17:45:00+01:00,142.09300231933594,142.6199951171875,141.95010375976562,142.05999755859375,2526076
2025-01-07 17:50:00+01:00,142.07200622558594,142.16000366210938,141.8000030517578,141.9499969482422,2395611
2025-01-07 17:55:00+01:00,141.9600067138672,142.17999267578125,141.55999755859375,141.6750030517578,2469715
2025-01-07 18:00:00+01:00,141.67999267578125,142.02000427246094,141.38999938964844,141.52000427246094,2507542
2025-01-07 18:05:00+01:00,141.5299072265625,141.72500610351562,141.33999633789062,141.6649932861328,2130190
2025-01-07 18:10:00+01:00,141.66000366210938,149.42999267578125,141.37289428710938,141.8699951171875,2176361
2025-01-07 18:15:00+01:00,141.8300018310547,141.87989807128906,141.48489379882812,141.67100524902344,2081743
2025-01-07 18:20:00+01:00,141.69000244140625,141.88999938964844,141.1199951171875,141.1199951171875,2034795
2025-01-07 18:25:00+01:00,141.1300048828125,141.52000427246094,141.1199951171875,141.4290008544922,1853932
2025-01-07 18:30:00+01:00,141.42999267578125,142.125,141.30999755859375,141.96499633789062,2117416
2025-01-07 18:35:00+01:00,141.9199981689453,142.10000610351562,141.75,141.968994140625,1705670
2025-01-07 18:40:00+01:00,141.9499969482422,142.0500030517578,141.64999389648438,141.87010192871094,1384407
2025-01-07 18:45:00+01:00,141.87969970703125,141.89990234375,141.32000732421875,141.6699981689453,1836638
2025-01-07 18:50:00+01:00,141.6699981689453,142.0800018310547,141.5800018310547,142.0500030517578,1385675
2025-01-07 18:55:00+01:00,142.0312957763672,142.3000030517578,141.9199981689453,142.27000427246094,1580980
2025-01-07 19:00:00+01:00,142.26019287109375,142.5500030517578,142.08999633789062,142.5399932861328,1721816
2025-01-07 19:05:00+01:00,142.5449981689453,142.7299041748047,142.42999267578125,142.7100067138672,1916224
2025-01-07 19:10:00+01:00,142.67990112304688,143.25,142.64019775390625,143.23699951171875,2647243
2025-01-07 19:15:00+01:00,143.2386932373047,143.25,142.77999877929688,143.22000122070312,2499849
2025-01-07 19:20:00+01:00,143.21499633789062,143.2899932861328,142.88999938964844,143.02000427246094,2274799
2025-01-07 19:25:00+01:00,143.0283966064453,143.4499969482422,142.92999267578125,143.11500549316406,1958678
2025-01-07 19:30:00+01:00,143.11000061035156,143.1699981689453,142.67999267578125,142.82989501953125,1723246
2025-01-07 19:35:00+01:00,142.81100463867188,142.86000061035156,142.3000030517578,142.49000549316406,1676983
2025-01-07 19:40:00+01:00,142.49000549316406,142.52000427246094,142.13999938964844,142.25999450683594,1328324
2025-01-07 19:45:00+01:00,142.27000427246094,142.4199981689453,142.00999450683594,142.00999450683594,1654161
2025-01-07 19:50:00+01:00,142.01499938964844,142.22999572753906,141.91000366210938,142.15499877929688,1676206
2025-01-07 19:55:00+01:00,142.15150451660156,142.1584014892578,141.9300994873047,142.03990173339844,956210
2025-01-07 20:00:00+01:00,142.03500366210938,142.50999450683594,142.0045928955078,142.39999389648438,1598983
2025-01-07 20:05:00+01:00,142.39500427246094,142.52999877929688,142.17999267578125,142.27999877929688,1380440
2025-01-07 20:10:00+01:00,142.27499389648438,142.27999877929688,142.0,142.03900146484375,1512699
2025-01-07 20:15:00+01:00,142.0399932861328,142.0489959716797,141.75,141.88999938964844,1815463
2025-01-07 20:20:00+01:00,141.8800048828125,141.88999938964844,141.49000549316406,141.60719299316406,1700817
2025-01-07 20:25:00+01:00,141.61000061035156,141.72000122070312,141.39999389648438,141.64010620117188,1582378
2025-01-07 20:30:00+01:00,141.64500427246094,141.66000366210938,141.33999633789062,141.4199981689453,1582609
2025-01-07 20:35:00+01:00,141.4250030517578,141.52999877929688,141.1699981689453,141.26910400390625,1527340
2025-01-07 20:40:00+01:00,141.25999450683594,141.54220581054688,141.0800018310547,141.4700927734375,1880523
2025-01-07 20:45:00+01:00,141.47500610351562,141.60000610351562,141.22999572753906,141.27499389648438,1424336
2025-01-07 20:50:00+01:00,141.27999877929688,141.52499389648438,141.25999450683594,141.3300018310547,1219421
2025-01-07 20:55:00+01:00,141.33999633789062,141.4499969482422,141.14999389648438,141.25,1524816
2025-01-07 21:00:00+01:00,141.26499938964844,141.55999755859375,141.11000061035156,141.49400329589844,2048029
2025-01-07 21:05:00+01:00,141.47000122070312,141.5800018310547,141.00999450683594,141.06199645996094,2301744
2025-01-07 21:10:00+01:00,141.06900024414062,141.2100067138672,140.77999877929688,140.94000244140625,3585268
2025-01-07 21:15:00+01:00,140.94000244140625,141.1199951171875,140.6699981689453,140.74000549316406,2246807
2025-01-07 21:20:00+01:00,140.72999572753906,140.75,140.44000244140625,140.56199645996094,2851314
2025-01-07 21:25:00+01:00,140.5749969482422,140.89999389648438,140.47999572753906,140.60499572753906,2742855
2025-01-07 21:30:00+01:00,140.61000061035156,140.8000030517578,140.1300048828125,140.1699981689453,2663302
2025-01-07 21:35:00+01:00,140.1699981689453,140.67999267578125,140.00999450683594,140.6699981689453,3490483
2025-01-07 21:40:00+01:00,140.66000366210938,141.3000030517578,140.6300048828125,140.6750030517578,3952937
2025-01-07 21:45:00+01:00,140.6699981689453,141.08999633789062,140.58999633789062,140.86019897460938,3074726
2025-01-07 21:50:00+01:00,140.83999633789062,140.97000122070312,140.06500244140625,140.15499877929688,4767745
2025-01-07 21:55:00+01:00,140.14999389648438,140.67999267578125,140.11000061035156,140.1199951171875,7460824
2025-01-08 15:30:00+01:00,142.66000366210938,143.24000549316406,141.49000549316406,142.49000549316406,21692143
2025-01-08 15:35:00+01:00,142.5,143.0,140.88999938964844,140.94000244140625,6305116
2025-01-08 15:40:00+01:00,140.97999572753906,142.8656005859375,140.5800018310547,142.71499633789062,6132968
2025-01-08 15:45:00+01:00,142.72999572753906,142.97000122070312,141.75,142.97000122070312,4742654
2025-01-08 15:50:00+01:00,142.97000122070312,143.30999755859375,142.22000122070312,142.77999877929688,5571202
2025-01-08 15:55:00+01:00,142.78500366210938,143.19000244140625,142.36000061035156,143.0780029296875,3238883
2025-01-08 16:00:00+01:00,143.07000732421875,143.9499969482422,142.88999938964844,143.32240295410156,5817998
2025-01-08 16:05:00+01:00,143.32000732421875,143.42010498046875,141.92999267578125,141.9499969482422,4810319
2025-01-08 16:10:00+01:00,141.9427032470703,142.13999938964844,139.61000061035156,139.80999755859375,7627950
2025-01-08 16:15:00+01:00,139.80999755859375,140.92999267578125,139.4300994873047,140.90699768066406,6326626
2025-01-08 16:20:00+01:00,140.89999389648438,141.0399932861328,139.89999389648438,140.91000366210938,4138445
2025-01-08 16:25:00+01:00,140.90499877929688,141.17999267578125,140.39999389648438,140.58999633789062,2709274
2025-01-08 16:30:00+01:00,140.5800018310547,141.02999877929688,140.24000549316406,140.77999877929688,2407299
2025-01-08 16:35:00+01:00,140.789794921875,141.5,140.67999267578125,140.77000427246094,2883682
2025-01-08 16:40:00+01:00,140.77999877929688,141.10000610351562,140.4600067138672,140.58999633789062,2283373
2025-01-08 16:45:00+01:00,140.57000732421875,140.86000061035156,140.3300018310547,140.52000427246094,1897824
2025-01-08 16:50:00+01:00,140.5399932861328,141.02000427246094,140.2100067138672,140.30999755859375,2627648
2025-01-08 16:55:00+01:00,140.32000732421875,140.61000061035156,140.08999633789062,140.5399932861328,2477405
2025-01-08 17:00:00+01:00,140.53500366210938,140.5800018310547,139.83999633789062,139.99000549316406,2895258
2025-01-08 17:05:00+01:00,140.02200317382812,140.1300048828125,139.42999267578125,139.92999267578125,2818465
2025-01-08 17:10:00+01:00,139.94000244140625,140.58999633789062,139.94000244140625,140.33999633789062,2516200
2025-01-08 17:15:00+01:00,140.34759521484375,140.50999450683594,140.13999938964844,140.39999389648438,1303255
2025-01-08 17:20:00+01:00,140.39999389648438,140.91990661621094,140.39999389648438,140.69000244140625,2151121
2025-01-08 17:25:00+01:00,140.69000244140625,140.72999572753906,140.00999450683594,140.031005859375,1377048
2025-01-08 17:30:00+01:00,140.0399932861328,140.44000244140625,140.02999877929688,140.19000244140625,1533419
2025-01-08 17:35:00+01:00,140.1999969482422,140.8000030517578,140.1699981689453,140.5800018310547,1736244
2025-01-08 17:40:00+01:00,140.5850067138672,140.7899932861328,140.3300018310547,140.67999267578125,1476092
2025-01-08 17:45:00+01:00,140.67999267578125,140.85000610351562,140.33999633789062,140.38499450683594,1384512
2025-01-08 17:50:00+01:00,140.38999938964844,140.49000549316406,140.27000427246094,140.36500549316406,1186990
2025-01-08 17:55:00+01:00,140.35499572753906,140.4499969482422,140.1199951171875,140.38499450683594,1236727
2025-01-08 18:00:00+01:00,140.38999938964844,140.4199981689453,139.9600067138672,139.9810028076172,1495855
2025-01-08 18:05:00+01:00,139.99000549316406,140.10000610351562,139.63999938964844,139.92010498046875,1845961
2025-01-08 18:10:00+01:00,139.9239959716797,139.96499633789062,139.7301025390625,139.77999877929688,1322410
2025-01-08 18:15:00+01:00,139.77999877929688,139.93499755859375,139.35000610351562,139.5399932861328,1952005
2025-01-08 18:20:00+01:00,139.5500030517578,139.74000549316406,139.00999450683594,139.07009887695312,2116201
2025-01-08 18:25:00+01:00,139.0800018310547,139.14999389648438,138.02999877929688,138.1298065185547,3943138
2025-01-08 18:30:00+01:00,138.13999938964844,138.6999969482422,137.88999938964844,138.63499450683594,3786186
2025-01-08 18:35:00+01:00,138.63999938964844,139.0279998779297,138.5800018310547,138.6676025390625,1932176
2025-01-08 18:40:00+01:00,138.6699981689453,139.1199951171875,138.66000366210938,139.05999755859375,1655423
2025-01-08 18:45:00+01:00,139.05999755859375,139.19000244140625,138.77999877929688,139.00999450683594,1625658
2025-01-08 18:50:00+01:00,139.00999450683594,139.4499969482422,138.99000549316406,139.33999633789062,1524316
2025-01-08 18:55:00+01:00,139.3300018310547,139.58999633789062,139.14999389648438,139.42999267578125,1424551
2025-01-08 19:00:00+01:00,139.44000244140625,139.99000549316406,139.39999389648438,139.8699951171875,1850884
2025-01-08 19:05:00+01:00,139.86500549316406,139.97000122070312,139.6580047607422,139.88900756835938,1410161
2025-01-08 19:10:00+01:00,139.88760375976562,140.4199981689453,139.86000061035156,140.28990173339844,2173280
2025-01-08 19:15:00+01:00,140.2700958251953,140.51499938964844,140.2570037841797,140.41000366210938,1692574
2025-01-08 19:20:00+01:00,140.41000366210938,140.5,140.0800018310547,140.4709930419922,1555964
2025-01-08 19:25:00+01:00,140.47500610351562,140.85000610351562,140.4600067138672,140.6199951171875,2222893
2025-01-08 19:30:00+01:00,140.6199951171875,140.72999572753906,140.3101043701172,140.3800048828125,1681466
2025-01-08 19:35:00+01:00,140.38999938964844,140.6750030517578,140.3800048828125,140.57000732421875,1208539
2025-01-08 19:40:00+01:00,140.57179260253906,140.57179260253906,140.16000366210938,140.36000061035156,1555287
2025-01-08 19:45:00+01:00,140.36000061035156,140.38589477539062,140.06410217285156,140.19000244140625,1390800
2025-01-08 19:50:00+01:00,140.20010375976562,140.32969665527344,139.66000366210938,139.82760620117188,1797627
2025-01-08 19:55:00+01:00,139.82200622558594,140.10000610351562,139.80999755859375,140.02499389648438,1446841
2025-01-08 20:00:00+01:00,140.02999877929688,140.1999969482422,139.57000732421875,140.10000610351562,1676007
2025-01-08 20:05:00+01:00,140.10499572753906,141.0,140.08999633789062,140.97999572753906,2683295
2025-01-08 20:10:00+01:00,140.97000122070312,141.02000427246094,139.83999633789062,139.968994140625,2937115
2025-01-08 20:15:00+01:00,139.97999572753906,140.4600067138672,139.97000122070312,140.4149932861328,1922717
2025-01-08 20:20:00+01:00,140.40499877929688,140.69000244140625,140.2801055908203,140.60000610351562,1718584
2025-01-08 20:25:00+01:00,140.60000610351562,140.8699951171875,140.4199981689453,140.7100067138672,1765588
2025-01-08 20:30:00+01:00,140.6999969482422,140.6999969482422,140.27000427246094,140.3990020751953,1523492
2025-01-08 20:35:00+01:00,140.39999389648438,140.52000427246094,140.02999877929688,140.0399932861328,1655989
2025-01-08 20:40:00+01:00,140.05999755859375,140.21499633789062,139.8800048828125,140.11000061035156,1863481
2025-01-08 20:45:00+01:00,140.10000610351562,140.40989685058594,139.99000549316406,140.17010498046875,1313959
2025-01-08 20:50:00+01:00,140.17950439453125,140.3000030517578,139.92999267578125,139.99000549316406,1063984
2025-01-08 20:55:00+01:00,140.0,140.2899932861328,139.9199981689453,140.13999938964844,1253288
2025-01-08 21:00:00+01:00,140.13999938964844,140.3000030517578,140.0800018310547,140.23309326171875,852602
2025-01-08 21:05:00+01:00,140.22999572753906,140.25,139.8800048828125,140.0,1229441
2025-01-08 21:10:00+01:00,139.99000549316406,140.15989685058594,139.70010375976562,139.75999450683594,1452424
2025-01-08 21:15:00+01:00,139.77000427246094,140.0800018310547,139.75999450683594,139.97000122070312,1411872
2025-01-08 21:20:00+01:00,139.97000122070312,140.16000366210938,139.8800048828125,140.0850067138672,1172571
2025-01-08 21:25:00+01:00,140.0850067138672,140.14999389648438,139.91000366210938,139.9989013671875,1007644
2025-01-08 21:30:00+01:00,139.97999572753906,140.0500030517578,139.8011932373047,139.8249969482422,1030689
2025-01-08 21:35:00+01:00,139.8249969482422,140.05999755859375,139.77999877929688,139.85000610351562,1310778
2025-01-08 21:40:00+01:00,139.85000610351562,140.0500946044922,139.80999755859375,139.99000549316406,1270723
2025-01-08 21:45:00+01:00,139.99000549316406,140.17990112304688,139.92999267578125,139.9698944091797,1491015
2025-01-08 21:50:00+01:00,139.97999572753906,140.27000427246094,139.80999755859375,140.0428924560547,2772170
2025-01-08 21:55:00+01:00,140.0399932861328,140.23500061035156,139.9499969482422,140.05999755859375,5017440
2025-01-10 15:30:00+01:00,137.3699951171875,137.6750030517578,135.24000549316406,135.47000122070312,22217984
2025-01-10 15:35:00+01:00,135.4600067138672,136.0,134.77000427246094,135.24989318847656,8120068
2025-01-10 15:40:00+01:00,135.22999572753906,136.0,134.92999267578125,135.95010375976562,5092202
2025-01-10 15:45:00+01:00,135.9600067138672,136.25999450683594,134.64999389648438,134.83999633789062,5889424
2025-01-10 15:50:00+01:00,134.82000732421875,135.25,134.61000061035156,135.00999450683594,4180962
2025-01-10 15:55:00+01:00,135.02000427246094,135.5,134.89999389648438,135.3800048828125,3141621
2025-01-10 16:00:00+01:00,135.3800048828125,135.39500427246094,134.36000061035156,134.6999969482422,5346411
2025-01-10 16:05:00+01:00,134.6999969482422,135.05999755859375,134.22000122070312,134.32000732421875,4052754
2025-01-10 16:10:00+01:00,134.3000030517578,134.72000122070312,134.25999450683594,134.64500427246094,3066868
2025-01-10 16:15:00+01:00,134.63999938964844,135.30999755859375,134.6300048828125,135.22000122070312,3618981
2025-01-10 16:20:00+01:00,135.23159790039062,135.88999938964844,135.1300048828125,135.8300018310547,3451014
2025-01-10 16:25:00+01:00,135.83999633789062,136.1699981689453,135.49000549316406,136.15130615234375,3304393
2025-01-10 16:30:00+01:00,136.15899658203125,136.16099548339844,135.77999877929688,135.88999938964844,2455796
2025-01-10 16:35:00+01:00,135.88999938964844,136.75,135.77980041503906,136.63999938964844,3195707
2025-01-10 16:40:00+01:00,136.6300048828125,136.8000030517578,136.2631072998047,136.4199981689453,2684892
2025-01-10 16:45:00+01:00,136.4199981689453,137.4199981689453,136.30999755859375,137.14999389648438,4118600
2025-01-10 16:50:00+01:00,137.15159606933594,137.15159606933594,135.9600067138672,136.28700256347656,3746011
2025-01-10 16:55:00+01:00,136.283203125,136.39999389648438,135.55999755859375,135.6199951171875,2750949
2025-01-10 17:00:00+01:00,135.61000061035156,135.75999450683594,135.1699981689453,135.49000549316406,2288280
2025-01-10 17:05:00+01:00,135.49000549316406,135.72000122070312,135.2100067138672,135.47999572753906,1919761
2025-01-10 17:10:00+01:00,135.47000122070312,135.7100067138672,135.1199951171875,135.19760131835938,2017525
2025-01-10 17:15:00+01:00,135.19000244140625,135.82000732421875,135.1699981689453,135.35000610351562,2096593
2025-01-10 17:20:00+01:00,135.36000061035156,135.8800048828125,135.33999633789062,135.63999938964844,1569806
2025-01-10 17:25:00+01:00,135.63999938964844,135.82000732421875,135.35000610351562,135.6199951171875,1391146
2025-01-10 17:30:00+01:00,135.61000061035156,135.7899932861328,135.39500427246094,135.47000122070312,1476977
2025-01-10 17:35:00+01:00,135.4600067138672,135.61000061035156,135.0,135.09249877929688,1996887
2025-01-10 17:40:00+01:00,135.11000061035156,135.94000244140625,135.10000610351562,135.90280151367188,2092046
2025-01-10 17:45:00+01:00,135.9199981689453,136.1300048828125,135.6842041015625,135.71499633789062,1795299
2025-01-10 17:50:00+01:00,135.72999572753906,135.97000122070312,135.66000366210938,135.7259979248047,1190524
2025-01-10 17:55:00+01:00,135.72500610351562,135.77000427246094,135.00999450683594,135.0800018310547,1918963
2025-01-10 18:00:00+01:00,135.08999633789062,135.30999755859375,135.02999877929688,135.1750030517578,1439776
2025-01-10 18:05:00+01:00,135.1750030517578,135.49000549316406,135.1300048828125,135.2239990234375,1780333
2025-01-10 18:10:00+01:00,135.22999572753906,135.44009399414062,135.14999389648438,135.3699951171875,1037391
2025-01-10 18:15:00+01:00,135.36000061035156,135.7050018310547,135.32009887695312,135.66000366210938,1381337
2025-01-10 18:20:00+01:00,135.66000366210938,135.71600341796875,135.35000610351562,135.63999938964844,1232708
2025-01-10 18:25:00+01:00,135.63499450683594,136.1999969482422,135.6343994140625,136.1699981689453,1940251
2025-01-10 18:30:00+01:00,136.16000366210938,136.3800048828125,136.10000610351562,136.2799072265625,1289877
2025-01-10 18:35:00+01:00,136.27999877929688,136.5,136.13259887695312,136.32029724121094,1270084
2025-01-10 18:40:00+01:00,136.32000732421875,136.589599609375,136.27999877929688,136.35000610351562,1235855
2025-01-10 18:45:00+01:00,136.3300018310547,136.42999267578125,136.11000061035156,136.4199981689453,1228193
2025-01-10 18:50:00+01:00,136.41000366210938,136.69000244140625,136.32000732421875,136.5200958251953,1257994
2025-01-10 18:55:00+01:00,136.53500366210938,136.72999572753906,136.41000366210938,136.65379333496094,1152010
2025-01-10 19:00:00+01:00,136.65499877929688,136.65499877929688,136.27999877929688,136.39999389648438,1212239
2025-01-10 19:05:00+01:00,136.38999938964844,136.68499755859375,136.3000030517578,136.6387939453125,1107739
2025-01-10 19:10:00+01:00,136.63499450683594,136.89500427246094,136.5800018310547,136.639892578125,1343583
2025-01-10 19:15:00+01:00,136.6300048828125,136.66639709472656,136.27000427246094,136.4499969482422,1324435
2025-01-10 19:20:00+01:00,136.4600067138672,136.73989868164062,136.30999755859375,136.5050048828125,1444433
2025-01-10 19:25:00+01:00,136.50599670410156,136.85000610351562,136.27499389648438,136.52999877929688,1552036
2025-01-10 19:30:00+01:00,136.52000427246094,136.7899932861328,136.32000732421875,136.63999938964844,1270505
2025-01-10 19:35:00+01:00,136.63999938964844,136.7100067138672,136.5,136.5800018310547,971717
2025-01-10 19:40:00+01:00,136.58999633789062,136.66000366210938,136.39999389648438,136.5500030517578,965966
2025-01-10 19:45:00+01:00,136.5500030517578,136.6999969482422,136.39999389648438,136.69000244140625,1094566
2025-01-10 19:50:00+01:00,136.67999267578125,136.75,136.46099853515625,136.63999938964844,1036531
2025-01-10 19:55:00+01:00,136.63999938964844,137.10989379882812,136.60000610351562,137.05999755859375,1731500
2025-01-10 20:00:00+01:00,137.07000732421875,137.08160400390625,136.47999572753906,136.50950622558594,1520349
2025-01-10 20:05:00+01:00,136.51719665527344,136.52999877929688,135.86000061035156,135.88999938964844,2097029
2025-01-10 20:10:00+01:00,135.8957061767578,136.1199951171875,135.77000427246094,136.02999877929688,1419250
2025-01-10 20:15:00+01:00,136.0399932861328,136.14759826660156,135.9001007080078,136.0399932861328,996992
2025-01-10 20:20:00+01:00,136.0399932861328,136.139892578125,135.8000030517578,136.10000610351562,1109241
2025-01-10 20:25:00+01:00,136.10000610351562,136.36000061035156,136.02999877929688,136.24000549316406,1193739
2025-01-10 20:30:00+01:00,136.22999572753906,136.32000732421875,136.00999450683594,136.1510009765625,993372
2025-01-10 20:35:00+01:00,136.16000366210938,136.3199005126953,136.02000427246094,136.30990600585938,822871
2025-01-10 20:40:00+01:00,136.30999755859375,136.3800048828125,135.9949951171875,136.14999389648438,1297929
2025-01-10 20:45:00+01:00,136.1300048828125,136.19000244140625,135.9499969482422,135.96119689941406,905052
2025-01-10 20:50:00+01:00,135.9600067138672,136.1699981689453,135.91000366210938,136.12879943847656,822721
2025-01-10 20:55:00+01:00,136.125,136.3000030517578,136.08999633789062,136.22000122070312,1302488
2025-01-10 21:00:00+01:00,136.22000122070312,136.46670532226562,136.0500030517578,136.30999755859375,1117400
2025-01-10 21:05:00+01:00,136.32110595703125,136.43499755859375,136.14999389648438,136.16009521484375,1312920
2025-01-10 21:10:00+01:00,136.17999267578125,136.25,135.75999450683594,135.84500122070312,1465481
2025-01-10 21:15:00+01:00,135.8350067138672,135.9199981689453,135.47000122070312,135.60000610351562,1754825
2025-01-10 21:20:00+01:00,135.60499572753906,135.72999572753906,135.42140197753906,135.59500122070312,1554339
2025-01-10 21:25:00+01:00,135.60000610351562,135.6999969482422,135.47999572753906,135.64999389648438,1341321
2025-01-10 21:30:00+01:00,135.63999938964844,135.77000427246094,135.4199981689453,135.64999389648438,1724465
2025-01-10 21:35:00+01:00,135.64999389648438,135.85000610351562,135.5583953857422,135.65499877929688,1563620
2025-01-10 21:40:00+01:00,135.66000366210938,135.92999267578125,135.61500549316406,135.7913055419922,1526006
2025-01-10 21:45:00+01:00,135.79110717773438,135.82000732421875,135.6300048828125,135.67999267578125,1439736
2025-01-10 21:50:00+01:00,135.68499755859375,136.05499267578125,135.6199951171875,136.03089904785156,2752841
2025-01-10 21:55:00+01:00,136.02999877929688,136.1300048828125,135.83999633789062,135.86000061035156,4956626
2025-01-13 15:30:00+01:00,129.9949951171875,131.67999267578125,129.50999450683594,130.94500732421875,31958048
2025-01-13 15:35:00+01:00,130.9550018310547,131.2799072265625,129.6300048828125,130.9416961669922,7984416
2025-01-13 15:40:00+01:00,130.92999267578125,131.4499969482422,130.0500030517578,131.36000061035156,5670727
2025-01-13 15:45:00+01:00,131.35000610351562,131.67999267578125,130.7100067138672,131.22999572753906,4212985
2025-01-13 15:50:00+01:00,130.94090270996094,132.22999572753906,130.86520385742188,132.01499938964844,5735973
2025-01-13 15:55:00+01:00,132.00999450683594,132.61000061035156,131.82000732421875,132.16000366210938,4563649
2025-01-13 16:00:00+01:00,132.16000366210938,132.27000427246094,131.47149658203125,131.9499969482422,3672242
2025-01-13 16:05:00+01:00,131.9600067138672,132.5,131.75999450683594,131.88999938964844,3453185
2025-01-13 16:10:00+01:00,131.8699951171875,132.0800018310547,131.50999450683594,131.60499572753906,2503127
2025-01-13 16:15:00+01:00,131.60060119628906,132.1999969482422,131.49000549316406,132.01629638671875,2757859
2025-01-13 16:20:00+01:00,132.0050048828125,132.24000549316406,131.08999633789062,131.1699981689453,2947735
2025-01-13 16:25:00+01:00,131.14999389648438,131.36000061035156,130.6199951171875,130.74989318847656,3299558
2025-01-13 16:30:00+01:00,130.72000122070312,131.60000610351562,130.72000122070312,131.49749755859375,3250287
2025-01-13 16:35:00+01:00,131.5050048828125,132.26699829101562,131.42999267578125,132.26499938964844,2684336
2025-01-13 16:40:00+01:00,132.26780700683594,132.8800048828125,131.9499969482422,132.8000030517578,3311382
2025-01-13 16:45:00+01:00,132.8000030517578,133.09869384765625,132.52999877929688,133.0500030517578,2976399
2025-01-13 16:50:00+01:00,133.04989624023438,133.11000061035156,132.18499755859375,132.35000610351562,2599935
2025-01-13 16:55:00+01:00,132.33999633789062,132.44979858398438,131.77000427246094,131.875,2092769
2025-01-13 17:00:00+01:00,131.8800048828125,132.11000061035156,131.67999267578125,131.76499938964844,1811211
2025-01-13 17:05:00+01:00,131.77000427246094,131.7899932861328,131.45010375976562,131.57000732421875,2050455
2025-01-13 17:10:00+01:00,131.5749969482422,131.75,131.42999267578125,131.72500610351562,1901586
2025-01-13 17:15:00+01:00,131.73500061035156,131.8800048828125,131.39999389648438,131.4550018310547,1593193
2025-01-13 17:20:00+01:00,131.49000549316406,131.60000610351562,131.27000427246094,131.3699951171875,1546295
2025-01-13 17:25:00+01:00,131.38999938964844,131.7949981689453,131.36500549316406,131.63499450683594,1546021
2025-01-13 17:30:00+01:00,131.6300048828125,132.05999755859375,131.5399932861328,131.88499450683594,1654766
2025-01-13 17:35:00+01:00,131.88999938964844,132.23739624023438,131.8300018310547,131.88999938964844,1841965
2025-01-13 17:40:00+01:00,131.89999389648438,132.5850067138672,131.89999389648438,132.47000122070312,1972238
2025-01-13 17:45:00+01:00,132.49000549316406,132.63999938964844,132.35000610351562,132.5,1587764
2025-01-13 17:50:00+01:00,132.49899291992188,132.5800018310547,132.02999877929688,132.0399932861328,1391716
2025-01-13 17:55:00+01:00,132.02999877929688,132.0500030517578,131.48500061035156,131.60009765625,1629071
2025-01-13 18:00:00+01:00,131.61000061035156,131.66000366210938,131.34010314941406,131.39979553222656,1676778
2025-01-13 18:05:00+01:00,131.3970947265625,131.7100067138672,131.13999938964844,131.6300048828125,1784215
2025-01-13 18:10:00+01:00,131.6300048828125,132.00999450683594,131.55999755859375,131.89500427246094,1541961
2025-01-13 18:15:00+01:00,131.88999938964844,132.25999450683594,131.86000061035156,132.1999969482422,1506852
2025-01-13 18:20:00+01:00,132.1999969482422,132.52499389648438,132.13999938964844,132.52000427246094,1423955
2025-01-13 18:25:00+01:00,132.52000427246094,132.83999633789062,132.49020385742188,132.6300048828125,1750077
2025-01-13 18:30:00+01:00,132.6300048828125,132.6300048828125,132.2899932861328,132.51499938964844,1439423
2025-01-13 18:35:00+01:00,132.50999450683594,132.61000061035156,132.19000244140625,132.20989990234375,1102630
2025-01-13 18:40:00+01:00,132.1999969482422,132.26699829101562,131.9600067138672,132.01919555664062,984336
2025-01-13 18:45:00+01:00,132.00999450683594,132.27999877929688,131.9550018310547,132.21949768066406,832815
2025-01-13 18:50:00+01:00,132.2100067138672,132.36000061035156,132.02000427246094,132.0800018310547,917580
2025-01-13 18:55:00+01:00,132.0850067138672,132.5299072265625,132.0,132.50160217285156,1270860
2025-01-13 19:00:00+01:00,132.50999450683594,132.77000427246094,132.4600067138672,132.64089965820312,1140916
2025-01-13 19:05:00+01:00,132.6300048828125,132.74000549316406,132.47999572753906,132.61000061035156,1003052
2025-01-13 19:10:00+01:00,132.61500549316406,132.91000366210938,132.61000061035156,132.76019287109375,1170253
2025-01-13 19:15:00+01:00,132.76519775390625,132.78390502929688,132.3000030517578,132.31179809570312,1226421
2025-01-13 19:20:00+01:00,132.32000732421875,132.42999267578125,132.25,132.30990600585938,876413
2025-01-13 19:25:00+01:00,132.32000732421875,132.5449981689453,132.0800018310547,132.51499938964844,1068030
2025-01-13 19:30:00+01:00,132.52000427246094,132.60000610351562,132.25999450683594,132.533203125,1222830
2025-01-13 19:35:00+01:00,132.52969360351562,132.6300048828125,132.35000610351562,132.52450561523438,950853
2025-01-13 19:40:00+01:00,132.52000427246094,132.52439880371094,132.00999450683594,132.0500030517578,1086877
2025-01-13 19:45:00+01:00,132.05499267578125,132.4499969482422,132.00999450683594,132.35000610351562,1079156
2025-01-13 19:50:00+01:00,132.35009765625,132.4199981689453,132.0500030517578,132.07000732421875,818907
2025-01-13 19:55:00+01:00,132.07000732421875,132.2100067138672,132.02999877929688,132.13999938964844,766638
2025-01-13 20:00:00+01:00,132.1302032470703,132.39700317382812,132.0,132.1199951171875,1092751
2025-01-13 20:05:00+01:00,132.1300048828125,132.38999938964844,132.0800018310547,132.1199951171875,1032309
2025-01-13 20:10:00+01:00,132.1199951171875,132.1699981689453,131.64999389648438,131.64999389648438,1482658
2025-01-13 20:15:00+01:00,131.64999389648438,131.85040283203125,131.57000732421875,131.7550048828125,1429974
2025-01-13 20:20:00+01:00,131.75010681152344,132.08999633789062,131.6999969482422,132.02999877929688,1021163
2025-01-13 20:25:00+01:00,132.02110290527344,132.33999633789062,131.97059631347656,132.2949981689453,1175701
2025-01-13 20:30:00+01:00,132.29949951171875,132.42999267578125,132.1999969482422,132.35499572753906,1103066
2025-01-13 20:35:00+01:00,132.35989379882812,132.41000366210938,132.14999389648438,132.3699951171875,1043686
2025-01-13 20:40:00+01:00,132.36000061035156,132.52999877929688,132.25010681152344,132.39300537109375,1120955
2025-01-13 20:45:00+01:00,132.40980529785156,132.4799041748047,131.94000244140625,131.9949951171875,1306496
2025-01-13 20:50:00+01:00,132.00999450683594,132.1999969482422,131.94000244140625,132.03990173339844,854400
2025-01-13 20:55:00+01:00,132.03500366210938,132.50979614257812,132.0290985107422,132.46119689941406,1495296
2025-01-13 21:00:00+01:00,132.4600067138672,132.46499633789062,132.19000244140625,132.1999969482422,1052444
2025-01-13 21:05:00+01:00,132.19000244140625,132.3300018310547,132.10000610351562,132.1759033203125,1034277
2025-01-13 21:10:00+01:00,132.1750030517578,132.42999267578125,132.10000610351562,132.3751983642578,1011084
2025-01-13 21:15:00+01:00,132.3699951171875,132.639892578125,132.3000030517578,132.57789611816406,1561913
2025-01-13 21:20:00+01:00,132.5749969482422,132.6300048828125,132.10000610351562,132.15499877929688,1498612
2025-01-13 21:25:00+01:00,132.16000366210938,132.30999755859375,132.10000610351562,132.1907958984375,1466109
2025-01-13 21:30:00+01:00,132.1999969482422,132.5092010498047,132.16000366210938,132.4600067138672,1337854
2025-01-13 21:35:00+01:00,132.46359252929688,132.5,132.22000122070312,132.22999572753906,1324240
2025-01-13 21:40:00+01:00,132.24000549316406,132.4481964111328,132.22000122070312,132.4149932861328,943935
2025-01-13 21:45:00+01:00,132.4199981689453,132.74000549316406,132.38999938964844,132.66000366210938,1689602
2025-01-13 21:50:00+01:00,132.67999267578125,133.1999969482422,132.6699981689453,133.1903076171875,3283968
2025-01-13 21:55:00+01:00,133.19000244140625,133.49000549316406,133.10000610351562,133.24000549316406,5633184
2025-01-14 15:30:00+01:00,136.05999755859375,136.3800048828125,134.94000244140625,135.53500366210938,15850693
2025-01-14 15:35:00+01:00,135.5500030517578,136.22999572753906,134.8804931640625,136.0792999267578,4416513
2025-01-14 15:40:00+01:00,136.07000732421875,136.07000732421875,135.10000610351562,135.25999450683594,4081764
2025-01-14 15:45:00+01:00,135.27040100097656,135.33999633789062,134.50999450683594,134.8300018310547,3946673
2025-01-14 15:50:00+01:00,134.8300018310547,134.89999389648438,133.63999938964844,133.8300018310547,4517421
2025-01-14 15:55:00+01:00,133.8325958251953,134.19000244140625,133.35000610351562,133.50439453125,3527918
2025-01-14 16:00:00+01:00,133.52000427246094,134.0500030517578,133.07000732421875,133.79379272460938,3993972
2025-01-14 16:05:00+01:00,133.7899932861328,134.2899932861328,133.6199951171875,134.23590087890625,3078855
2025-01-14 16:10:00+01:00,134.24000549316406,134.25,133.83999633789062,134.10519409179688,2498453
2025-01-14 16:15:00+01:00,134.11000061035156,134.55999755859375,133.85000610351562,133.8509063720703,2740466
2025-01-14 16:20:00+01:00,133.86000061035156,133.9355926513672,133.02000427246094,133.02430725097656,3431032
2025-01-14 16:25:00+01:00,133.02000427246094,133.39999389648438,132.514404296875,132.55999755859375,4230856
2025-01-14 16:30:00+01:00,132.55999755859375,132.9503936767578,132.22000122070312,132.4058074951172,2872888
2025-01-14 16:35:00+01:00,132.32000732421875,132.5500030517578,131.75999450683594,131.80999755859375,4344849
2025-01-14 16:40:00+01:00,131.80999755859375,132.49899291992188,131.80999755859375,132.34500122070312,2664392
2025-01-14 16:45:00+01:00,132.33999633789062,132.3699951171875,131.5500030517578,131.5800018310547,2917114
2025-01-14 16:50:00+01:00,131.5850067138672,131.92999267578125,131.3699951171875,131.8000030517578,3046784
2025-01-14 16:55:00+01:00,131.80999755859375,131.80999755859375,130.8300018310547,130.86000061035156,4828532
2025-01-14 17:00:00+01:00,130.85009765625,130.9803924560547,130.32000732421875,130.51010131835938,4601826
2025-01-14 17:05:00+01:00,130.5196075439453,131.3249969482422,130.39500427246094,131.13519287109375,3500242
2025-01-14 17:10:00+01:00,131.1300048828125,131.41000366210938,130.94000244140625,131.25880432128906,2319336
2025-01-14 17:15:00+01:00,131.25999450683594,131.35000610351562,130.89999389648438,131.00999450683594,2144064
2025-01-14 17:20:00+01:00,131.0050048828125,131.47999572753906,130.86000061035156,131.2740936279297,2029233
2025-01-14 17:25:00+01:00,131.27999877929688,131.58999633789062,130.9600067138672,130.9810028076172,2054111
2025-01-14 17:30:00+01:00,130.99000549316406,131.16000366210938,130.8300018310547,131.14999389648438,1799055
2025-01-14 17:35:00+01:00,131.13999938964844,131.197998046875,130.8000030517578,130.91929626464844,1518124
2025-01-14 17:40:00+01:00,130.91229248046875,130.98779296875,130.6999969482422,130.7299041748047,1528458
2025-01-14 17:45:00+01:00,130.74000549316406,130.9799041748047,130.73080444335938,130.83999633789062,1280382
2025-01-14 17:50:00+01:00,130.85000610351562,131.11000061035156,130.7100067138672,130.7698974609375,1470360
2025-01-14 17:55:00+01:00,130.77000427246094,130.9199981689453,130.50999450683594,130.5447998046875,1602182
2025-01-14 18:00:00+01:00,130.52999877929688,130.88999938964844,130.4499969482422,130.85000610351562,1888644
2025-01-14 18:05:00+01:00,130.85000610351562,131.0500030517578,130.75,130.9499969482422,1229345
2025-01-14 18:10:00+01:00,130.9268035888672,131.24000549316406,130.9001007080078,131.02000427246094,1306857
2025-01-14 18:15:00+01:00,131.03500366210938,131.18499755859375,130.94000244140625,130.9761962890625,1036254
2025-01-14 18:20:00+01:00,130.97999572753906,131.00999450683594,130.6649932861328,130.8300018310547,1086199
2025-01-14 18:25:00+01:00,130.85000610351562,131.18499755859375,130.84500122070312,131.1300048828125,968513
2025-01-14 18:30:00+01:00,131.13499450683594,131.13699340820312,130.69000244140625,130.74000549316406,979898
2025-01-14 18:35:00+01:00,130.75,130.8448028564453,130.5800018310547,130.78880310058594,1057896
2025-01-14 18:40:00+01:00,130.7899932861328,131.1750030517578,130.72019958496094,131.03500366210938,1050834
2025-01-14 18:45:00+01:00,131.02999877929688,131.10000610351562,130.7899932861328,130.85000610351562,908805
2025-01-14 18:50:00+01:00,130.85000610351562,131.11000061035156,130.84519958496094,130.97479248046875,947255
2025-01-14 18:55:00+01:00,130.97000122070312,131.06149291992188,130.8000030517578,131.0198974609375,855172
2025-01-14 19:00:00+01:00,131.00999450683594,131.27000427246094,130.97000122070312,131.25999450683594,1109566
2025-01-14 19:05:00+01:00,131.25999450683594,131.33999633789062,131.00999450683594,131.02000427246094,1154178
2025-01-14 19:10:00+01:00,131.01499938964844,131.0399932861328,130.83999633789062,130.97520446777344,1259125
2025-01-14 19:15:00+01:00,130.97059631347656,131.33999633789062,130.8699951171875,131.25,1450889
2025-01-14 19:20:00+01:00,131.23500061035156,131.4600067138672,131.14999389648438,131.4217987060547,1685309
2025-01-14 19:25:00+01:00,131.4208984375,131.7899932861328,131.41000366210938,131.656005859375,1652210
2025-01-14 19:30:00+01:00,131.6558074951172,131.8000030517578,131.47500610351562,131.50999450683594,1435666
2025-01-14 19:35:00+01:00,131.50999450683594,131.72999572753906,131.4600067138672,131.66839599609375,1142132
2025-01-14 19:40:00+01:00,131.66000366210938,131.97000122070312,131.5800018310547,131.9051971435547,1625666
2025-01-14 19:45:00+01:00,131.91000366210938,132.14999389648438,131.83999633789062,132.0500030517578,2270370
2025-01-14 19:50:00+01:00,132.052001953125,132.3175048828125,132.0,132.27000427246094,1365651
2025-01-14 19:55:00+01:00,132.27099609375,132.27740478515625,132.1199951171875,132.1649932861328,1199417
2025-01-14 20:00:00+01:00,132.16000366210938,132.36000061035156,132.05999755859375,132.11000061035156,1439886
2025-01-14 20:05:00+01:00,132.10580444335938,132.2899932861328,131.9949951171875,132.1251983642578,1354385
2025-01-14 20:10:00+01:00,132.125,132.14990234375,131.74000549316406,131.88169860839844,1459314
2025-01-14 20:15:00+01:00,131.8800048828125,132.0500030517578,131.8300018310547,131.9600067138672,1089832
2025-01-14 20:20:00+01:00,131.9550018310547,132.17999267578125,131.85000610351562,132.1300048828125,1038275
2025-01-14 20:25:00+01:00,132.13499450683594,132.2100067138672,131.69000244140625,131.7050018310547,1372859
2025-01-14 20:30:00+01:00,131.70950317382812,131.8302001953125,131.5500030517578,131.74989318847656,1409146
2025-01-14 20:35:00+01:00,131.74000549316406,132.0399932861328,131.72500610351562,131.85000610351562,1066560
2025-01-14 20:40:00+01:00,131.85000610351562,131.94000244140625,131.5500030517578,131.57989501953125,1106480
2025-01-14 20:45:00+01:00,131.5800018310547,131.65989685058594,131.49000549316406,131.57420349121094,1102572
2025-01-14 20:50:00+01:00,131.5800018310547,131.72120666503906,131.02999877929688,131.08099365234375,1756223
2025-01-14 20:55:00+01:00,131.08999633789062,131.1300048828125,130.4199981689453,130.47999572753906,3039433
2025-01-14 21:00:00+01:00,130.47999572753906,130.67999267578125,130.05999755859375,130.13999938964844,2713727
2025-01-14 21:05:00+01:00,130.1300048828125,130.77000427246094,130.0500030517578,130.64999389648438,2502207
2025-01-14 21:10:00+01:00,130.63999938964844,130.63999938964844,130.32009887695312,130.49400329589844,1586246
2025-01-14 21:15:00+01:00,130.48500061035156,130.86000061035156,130.48500061035156,130.74000549316406,1560540
2025-01-14 21:20:00+01:00,130.75,130.92999267578125,130.5102996826172,130.9149932861328,2343259
2025-01-14 21:25:00+01:00,130.91600036621094,130.9799041748047,130.63999938964844,130.79580688476562,1428226
2025-01-14 21:30:00+01:00,130.7949981689453,131.0124969482422,130.64500427246094,130.75,1519384
2025-01-14 21:35:00+01:00,130.7550048828125,131.02000427246094,130.5,130.50999450683594,1790920
2025-01-14 21:40:00+01:00,130.5449981689453,130.8000030517578,130.4600067138672,130.75010681152344,1941494
2025-01-14 21:45:00+01:00,130.75999450683594,131.00999450683594,130.7449951171875,130.83999633789062,1742266
2025-01-14 21:50:00+01:00,130.83999633789062,131.2899932861328,130.8300018310547,131.14999389648438,2966957
2025-01-14 21:55:00+01:00,131.14999389648438,131.85000610351562,131.09219360351562,131.85000610351562,5103199
2025-01-15 15:30:00+01:00,133.6300048828125,133.97000122070312,132.47000122070312,132.80499267578125,16273246
2025-01-15 15:35:00+01:00,132.79359436035156,133.0,131.2899932861328,132.61000061035156,6944225
2025-01-15 15:40:00+01:00,132.61500549316406,133.67999267578125,132.4217071533203,133.47000122070312,4456256
2025-01-15 15:45:00+01:00,133.47999572753906,134.02999877929688,133.25999450683594,133.7993927001953,3959404
2025-01-15 15:50:00+01:00,133.8000030517578,133.82000732421875,133.08999633789062,133.33999633789062,2863384
2025-01-15 15:55:00+01:00,133.3459930419922,133.65879821777344,132.6199951171875,133.60000610351562,3196008
2025-01-15 16:00:00+01:00,133.58999633789062,134.2449951171875,133.5850067138672,133.8730010986328,3850589
2025-01-15 16:05:00+01:00,133.8699951171875,134.0800018310547,133.6199951171875,133.75010681152344,2621357
2025-01-15 16:10:00+01:00,133.77999877929688,134.11000061035156,133.57000732421875,133.85000610351562,2173624
2025-01-15 16:15:00+01:00,133.83999633789062,134.44000244140625,133.6999969482422,134.2700958251953,2763606
2025-01-15 16:20:00+01:00,134.2957000732422,134.5500030517578,134.08999633789062,134.44000244140625,2610684
2025-01-15 16:25:00+01:00,134.42999267578125,134.5,134.11000061035156,134.1999969482422,1801675
2025-01-15 16:30:00+01:00,134.2100067138672,134.44000244140625,133.94000244140625,134.27999877929688,2097897
2025-01-15 16:35:00+01:00,134.27999877929688,134.6300048828125,134.0,134.5050048828125,2382800
2025-01-15 16:40:00+01:00,134.4949951171875,134.75999450683594,134.44000244140625,134.51499938964844,2387591
2025-01-15 16:45:00+01:00,134.51010131835938,134.69000244140625,134.36000061035156,134.5601043701172,1796236
2025-01-15 16:50:00+01:00,134.57000732421875,135.35000610351562,134.49000549316406,135.3249969482422,3652760
2025-01-15 16:55:00+01:00,135.3249969482422,135.58999633789062,134.7100067138672,134.82000732421875,3352043
2025-01-15 17:00:00+01:00,134.80859375,135.4530029296875,134.80859375,135.3000030517578,2269105
2025-01-15 17:05:00+01:00,135.30999755859375,135.35000610351562,134.41000366210938,134.4199981689453,2324046
2025-01-15 17:10:00+01:00,134.48500061035156,134.67990112304688,134.4199981689453,134.60000610351562,2856791
2025-01-15 17:15:00+01:00,134.58999633789062,134.6999969482422,134.2100067138672,134.58999633789062,1906280
2025-01-15 17:20:00+01:00,134.58999633789062,134.87989807128906,134.42999267578125,134.64999389648438,1786405
2025-01-15 17:25:00+01:00,134.6103973388672,134.70989990234375,134.33999633789062,134.389892578125,1384141
2025-01-15 17:30:00+01:00,134.3800048828125,134.47000122070312,133.6999969482422,133.73899841308594,3032906
2025-01-15 17:35:00+01:00,133.75,134.14999389648438,133.7200927734375,134.14010620117188,1731549
2025-01-15 17:40:00+01:00,134.13999938964844,134.27000427246094,133.69500732421875,133.7550048828125,1427301
2025-01-15 17:45:00+01:00,133.7550048828125,134.1573028564453,133.7550048828125,134.0800018310547,1313218
2025-01-15 17:50:00+01:00,134.08140563964844,134.10000610351562,133.49000549316406,133.78660583496094,1876156
2025-01-15 17:55:00+01:00,133.7899932861328,133.92990112304688,133.66000366210938,133.87860107421875,1248791
2025-01-15 18:00:00+01:00,133.8800048828125,133.99000549316406,133.77000427246094,133.97000122070312,1351788
2025-01-15 18:05:00+01:00,133.9600067138672,134.47000122070312,133.92449951171875,134.33999633789062,1698615
2025-01-15 18:10:00+01:00,134.35000610351562,134.58999633789062,134.3300018310547,134.48069763183594,1279092
2025-01-15 18:15:00+01:00,134.47999572753906,134.69000244140625,134.42010498046875,134.47999572753906,1196508
2025-01-15 18:20:00+01:00,134.48500061035156,134.77999877929688,134.42999267578125,134.63999938964844,1079429
2025-01-15 18:25:00+01:00,134.6300048828125,134.91000366210938,134.61129760742188,134.8813018798828,1058680
2025-01-15 18:30:00+01:00,134.88499450683594,135.14999389648438,134.86000061035156,135.07000732421875,1764166
2025-01-15 18:35:00+01:00,135.07249450683594,135.24000549316406,135.02000427246094,135.22999572753906,1473212
2025-01-15 18:40:00+01:00,135.22999572753906,135.38999938964844,135.08900451660156,135.35000610351562,1403199
2025-01-15 18:45:00+01:00,135.35000610351562,135.47000122070312,135.27999877929688,135.4250030517578,1271128
2025-01-15 18:50:00+01:00,135.42999267578125,135.4499969482422,135.13119506835938,135.20590209960938,1291766
2025-01-15 18:55:00+01:00,135.20669555664062,135.27499389648438,134.9949951171875,135.0800018310547,1721854
2025-01-15 19:00:00+01:00,135.0800018310547,135.5,135.07000732421875,135.4550018310547,1775424
2025-01-15 19:05:00+01:00,135.4600067138672,135.74989318847656,135.4499969482422,135.47999572753906,1817341
2025-01-15 19:10:00+01:00,135.47000122070312,135.6699981689453,135.4600067138672,135.61900329589844,1054437
2025-01-15 19:15:00+01:00,135.61990356445312,135.65989685058594,135.35000610351562,135.4945068359375,1976962
2025-01-15 19:20:00+01:00,135.49000549316406,135.5299072265625,135.33999633789062,135.42999267578125,1084683
2025-01-15 19:25:00+01:00,135.42990112304688,135.5800018310547,135.1999969482422,135.5247039794922,1342937
2025-01-15 19:30:00+01:00,135.52870178222656,135.72000122070312,135.37010192871094,135.402099609375,1550249
2025-01-15 19:35:00+01:00,135.4149932861328,135.42759704589844,135.12010192871094,135.331298828125,1272418
2025-01-15 19:40:00+01:00,135.33999633789062,135.49000549316406,135.25,135.47999572753906,854460
2025-01-15 19:45:00+01:00,135.47999572753906,135.59719848632812,135.3800048828125,135.49510192871094,782334
2025-01-15 19:50:00+01:00,135.5,135.5800018310547,135.47000122070312,135.5749969482422,607058
2025-01-15 19:55:00+01:00,135.5782928466797,135.58999633789062,135.4250946044922,135.50999450683594,746299
2025-01-15 20:00:00+01:00,135.5050048828125,135.72999572753906,135.49400329589844,135.7100067138672,1168589
2025-01-15 20:05:00+01:00,135.70899963378906,135.77000427246094,135.50999450683594,135.6649932861328,1020093
2025-01-15 20:10:00+01:00,135.6649932861328,135.8800048828125,135.6649932861328,135.8585968017578,1311266
2025-01-15 20:15:00+01:00,135.85000610351562,135.85000610351562,135.60000610351562,135.6649932861328,952443
2025-01-15 20:20:00+01:00,135.6699981689453,135.7899932861328,135.52000427246094,135.63999938964844,883596
2025-01-15 20:25:00+01:00,135.63560485839844,135.97000122070312,135.6300048828125,135.9398956298828,1121434
2025-01-15 20:30:00+01:00,135.9385986328125,135.97000122070312,135.7100067138672,135.85809326171875,1073809
2025-01-15 20:35:00+01:00,135.86000061035156,136.0,135.7899932861328,135.9199981689453,1445783
2025-01-15 20:40:00+01:00,135.9250030517578,135.93499755859375,135.61000061035156,135.6300048828125,1090508
2025-01-15 20:45:00+01:00,135.6300048828125,135.6699981689453,135.4445037841797,135.5399932861328,1156878
2025-01-15 20:50:00+01:00,135.53500366210938,135.5399932861328,135.25999450683594,135.53500366210938,1639756
2025-01-15 20:55:00+01:00,135.5386962890625,135.76499938964844,135.49099731445312,135.75990295410156,1002341
2025-01-15 21:00:00+01:00,135.7550048828125,135.82000732421875,135.5800018310547,135.61000061035156,998943
2025-01-15 21:05:00+01:00,135.60499572753906,135.6132049560547,135.4550018310547,135.57159423828125,891304
2025-01-15 21:10:00+01:00,135.5800018310547,135.9199981689453,135.5749969482422,135.87449645996094,1228145
2025-01-15 21:15:00+01:00,135.8740997314453,136.2100067138672,135.8740997314453,136.10499572753906,1813696
2025-01-15 21:20:00+01:00,136.10870361328125,136.22000122070312,136.0399932861328,136.13499450683594,1224245
2025-01-15 21:25:00+01:00,136.1300048828125,136.24000549316406,136.0,136.06700134277344,1543385
2025-01-15 21:30:00+01:00,136.05999755859375,136.4250030517578,136.02000427246094,136.3699951171875,1818114
2025-01-15 21:35:00+01:00,136.3699951171875,136.3800048828125,135.94000244140625,136.11000061035156,1907421
2025-01-15 21:40:00+01:00,136.10890197753906,136.27000427246094,136.08999633789062,136.1999969482422,1361106
2025-01-15 21:45:00+01:00,136.20989990234375,136.3800048828125,136.0399932861328,136.10989379882812,1573600
2025-01-15 21:50:00+01:00,136.10000610351562,136.25,135.7100067138672,136.14999389648438,3411863
2025-01-15 21:55:00+01:00,136.14999389648438,136.41000366210938,136.13999938964844,136.1999969482422,4595517
2025-01-16 15:30:00+01:00,138.6999969482422,138.6999969482422,137.3300018310547,137.77999877929688,18866131
2025-01-16 15:35:00+01:00,137.8000030517578,138.4499969482422,137.47999572753906,138.0399932861328,5922202
2025-01-16 15:40:00+01:00,138.0500030517578,138.6999969482422,137.4600067138672,137.66000366210938,5128036
2025-01-16 15:45:00+01:00,137.68499755859375,137.68499755859375,136.4600067138672,136.99819946289062,5172773
2025-01-16 15:50:00+01:00,137.0,137.87010192871094,136.72999572753906,137.46009826660156,3514171
2025-01-16 15:55:00+01:00,137.47650146484375,137.83999633789062,136.99000549316406,137.10000610351562,2653555
2025-01-16 16:00:00+01:00,137.08900451660156,137.74000549316406,136.74000549316406,137.2613983154297,2908009
2025-01-16 16:05:00+01:00,137.26010131835938,137.47999572753906,136.9600067138672,137.1199951171875,3673140
2025-01-16 16:10:00+01:00,137.10000610351562,137.38670349121094,136.29409790039062,136.37989807128906,5562593
2025-01-16 16:15:00+01:00,136.3699951171875,137.3090057373047,136.31199645996094,137.07000732421875,2468885
2025-01-16 16:20:00+01:00,137.07000732421875,137.5500030517578,137.06129455566406,137.53990173339844,2494331
2025-01-16 16:25:00+01:00,137.5399932861328,137.57000732421875,137.16000366210938,137.1999969482422,1491277
2025-01-16 16:30:00+01:00,137.2050018310547,137.3800048828125,136.80999755859375,136.87399291992188,2276628
2025-01-16 16:35:00+01:00,136.88999938964844,137.2799072265625,136.7169952392578,137.13870239257812,2388879
2025-01-16 16:40:00+01:00,137.1300048828125,137.2200927734375,136.5186004638672,136.62869262695312,1531510
2025-01-16 16:45:00+01:00,136.63999938964844,136.6898956298828,136.08999633789062,136.42999267578125,2280704
2025-01-16 16:50:00+01:00,136.4600067138672,136.8000030517578,136.30709838867188,136.41549682617188,2024064
2025-01-16 16:55:00+01:00,136.4199981689453,136.8800048828125,136.36000061035156,136.8419952392578,1719909
2025-01-16 17:00:00+01:00,136.85000610351562,137.1199951171875,136.74000549316406,137.0644073486328,1913410
2025-01-16 17:05:00+01:00,137.06500244140625,137.27999877929688,136.5800018310547,137.23980712890625,2046901
2025-01-16 17:10:00+01:00,137.24099731445312,137.24969482421875,136.80999755859375,136.818603515625,1634840
2025-01-16 17:15:00+01:00,136.8300018310547,136.97230529785156,136.30999755859375,136.42999267578125,1999882
2025-01-16 17:20:00+01:00,136.44000244140625,136.44000244140625,135.6199951171875,135.63499450683594,3329690
2025-01-16 17:25:00+01:00,135.63499450683594,135.69000244140625,135.11000061035156,135.24000549316406,2861258
2025-01-16 17:30:00+01:00,135.25,135.5500030517578,134.96499633789062,135.00900268554688,2522569
2025-01-16 17:35:00+01:00,135.0,135.02870178222656,134.4199981689453,134.61000061035156,3359722
2025-01-16 17:40:00+01:00,134.6199951171875,134.69000244140625,134.11000061035156,134.5850067138672,2804091
2025-01-16 17:45:00+01:00,134.5800018310547,134.82000732421875,134.53500366210938,134.64500427246094,1766821
2025-01-16 17:50:00+01:00,134.64999389648438,134.8300018310547,134.36000061035156,134.7899932861328,1754762
2025-01-16 17:55:00+01:00,134.8000030517578,135.17999267578125,134.66000366210938,135.15969848632812,2075134
2025-01-16 18:00:00+01:00,135.14500427246094,135.30999755859375,134.97000122070312,135.25999450683594,1515403
2025-01-16 18:05:00+01:00,135.26400756835938,135.27000427246094,134.9925994873047,135.1508026123047,1394676
2025-01-16 18:10:00+01:00,135.14999389648438,135.35000610351562,135.0500946044922,135.33999633789062,1042479
2025-01-16 18:15:00+01:00,135.3300018310547,135.33999633789062,134.91000366210938,135.02000427246094,1531604
2025-01-16 18:20:00+01:00,135.00999450683594,135.32000732421875,134.83999633789062,135.26499938964844,1514433
2025-01-16 18:25:00+01:00,135.26109313964844,135.61000061035156,135.24000549316406,135.56570434570312,1310851
2025-01-16 18:30:00+01:00,135.57000732421875,135.6699981689453,135.44000244140625,135.52499389648438,1031993
2025-01-16 18:35:00+01:00,135.52000427246094,135.53500366210938,135.0800018310547,135.11570739746094,1368955
2025-01-16 18:40:00+01:00,135.11000061035156,135.1699981689453,134.8699951171875,134.9600067138672,1131113
2025-01-16 18:45:00+01:00,134.9600067138672,135.1699981689453,134.89999389648438,135.09579467773438,1039811
2025-01-16 18:50:00+01:00,135.09689331054688,135.1699981689453,134.97000122070312,135.14999389648438,748700
2025-01-16 18:55:00+01:00,135.16000366210938,135.25,135.00999450683594,135.01499938964844,977975
2025-01-16 19:00:00+01:00,135.02000427246094,135.19000244140625,134.97999572753906,135.15130615234375,755536
2025-01-16 19:05:00+01:00,135.15899658203125,135.23989868164062,134.9600067138672,135.0614013671875,891788
2025-01-16 19:10:00+01:00,135.06500244140625,135.16000366210938,134.6699981689453,134.70989990234375,1236492
2025-01-16 19:15:00+01:00,134.7050018310547,134.8300018310547,134.5399932861328,134.7154998779297,1071104
2025-01-16 19:20:00+01:00,134.71499633789062,134.8000030517578,134.58999633789062,134.7100067138672,1058925
2025-01-16 19:25:00+01:00,134.7100067138672,134.82000732421875,134.24000549316406,134.25999450683594,1543760
2025-01-16 19:30:00+01:00,134.25999450683594,134.3000030517578,134.02000427246094,134.10000610351562,1772354
2025-01-16 19:35:00+01:00,134.11129760742188,134.14999389648438,133.85000610351562,134.02999877929688,2638656
2025-01-16 19:40:00+01:00,134.02499389648438,134.25999450683594,133.94000244140625,134.02499389648438,1514221
2025-01-16 19:45:00+01:00,134.02999877929688,134.10989379882812,133.5500030517578,133.82699584960938,2829698
2025-01-16 19:50:00+01:00,133.82000732421875,134.27000427246094,133.69000244140625,134.2490997314453,2412858
2025-01-16 19:55:00+01:00,134.24000549316406,134.5500030517578,134.22000122070312,134.44000244140625,2201319
2025-01-16 20:00:00+01:00,134.42999267578125,134.82000732421875,134.27000427246094,134.8000030517578,1795728
2025-01-16 20:05:00+01:00,134.8000030517578,135.29739379882812,134.75169372558594,135.00999450683594,3013079
2025-01-16 20:10:00+01:00,135.00999450683594,135.25999450683594,134.97000122070312,135.14500427246094,2708697
2025-01-16 20:15:00+01:00,135.14500427246094,135.2698974609375,134.97000122070312,135.13999938964844,1710189
2025-01-16 20:20:00+01:00,135.1300048828125,135.26980590820312,134.7899932861328,134.90499877929688,2720289
2025-01-16 20:25:00+01:00,134.90499877929688,135.17999267578125,134.89999389648438,135.125,1117784
2025-01-16 20:30:00+01:00,135.1300048828125,135.16000366210938,134.99000549316406,135.09500122070312,1078274
2025-01-16 20:35:00+01:00,135.0998992919922,135.44000244140625,135.05999755859375,135.38999938964844,1700513
2025-01-16 20:40:00+01:00,135.39500427246094,135.52999877929688,135.27000427246094,135.46499633789062,1388120
2025-01-16 20:45:00+01:00,135.47900390625,135.86000061035156,135.46009826660156,135.7913055419922,2039669
2025-01-16 20:50:00+01:00,135.7949981689453,135.7949981689453,135.36000061035156,135.63499450683594,1973398
2025-01-16 20:55:00+01:00,135.6199951171875,135.8686065673828,135.614501953125,135.74000549316406,1292619
2025-01-16 21:00:00+01:00,135.74000549316406,135.77000427246094,135.57000732421875,135.74000549316406,1122484
2025-01-16 21:05:00+01:00,135.74000549316406,135.82000732421875,135.6699981689453,135.74000549316406,1207584
2025-01-16 21:10:00+01:00,135.74000549316406,135.75,135.3800048828125,135.3800048828125,1170059
2025-01-16 21:15:00+01:00,135.37550354003906,135.5897979736328,135.1199951171875,135.22000122070312,1509489
2025-01-16 21:20:00+01:00,135.2200927734375,135.35989379882812,135.0500030517578,135.17550659179688,1385221
2025-01-16 21:25:00+01:00,135.1699981689453,135.35000610351562,135.1300048828125,135.20010375976562,1117399
2025-01-16 21:30:00+01:00,135.2050018310547,135.35000610351562,134.8800048828125,134.8800048828125,1963059
2025-01-16 21:35:00+01:00,134.8800048828125,135.14999389648438,134.8231964111328,134.96499633789062,1340435
2025-01-16 21:40:00+01:00,134.97000122070312,135.3000030517578,134.9600067138672,135.14999389648438,1567255
2025-01-16 21:45:00+01:00,135.14500427246094,135.16000366210938,134.89500427246094,135.03500366210938,1347515
2025-01-16 21:50:00+01:00,135.02999877929688,135.20889282226562,134.44000244140625,134.52000427246094,2565701
2025-01-16 21:55:00+01:00,134.51499938964844,134.52000427246094,133.5,133.55999755859375,7532743
2025-01-17 15:30:00+01:00,136.2100067138672,136.8300018310547,135.531005859375,135.90280151367188,27510280
2025-01-17 15:35:00+01:00,135.9199981689453,136.55999755859375,135.47000122070312,136.00999450683594,4555913
2025-01-17 15:40:00+01:00,136.0399932861328,136.4600067138672,135.73989868164062,136.26260375976562,3190647
2025-01-17 15:45:00+01:00,136.25999450683594,136.99000549316406,136.25,136.5229949951172,4388537
2025-01-17 15:50:00+01:00,136.52000427246094,137.19659423828125,136.36000061035156,136.82640075683594,3568021
2025-01-17 15:55:00+01:00,136.82000732421875,137.1383056640625,136.52000427246094,136.6699981689453,3014097
2025-01-17 16:00:00+01:00,136.67999267578125,137.3800048828125,136.61000061035156,137.19000244140625,3607883
2025-01-17 16:05:00+01:00,137.18870544433594,137.6291046142578,137.0601043701172,137.1251983642578,3877051
2025-01-17 16:10:00+01:00,137.1295928955078,137.58560180664062,136.66000366210938,137.4600067138672,3225983
2025-01-17 16:15:00+01:00,137.4499969482422,137.50990295410156,137.1501007080078,137.3686065673828,2006317
2025-01-17 16:20:00+01:00,137.3800048828125,137.41000366210938,136.5500030517578,136.99000549316406,2782076
2025-01-17 16:25:00+01:00,136.9949951171875,137.05999755859375,136.22999572753906,136.75,3411642
2025-01-17 16:30:00+01:00,136.75,137.3300018310547,136.7200927734375,137.2335968017578,2441459
2025-01-17 16:35:00+01:00,137.2335968017578,137.6999969482422,137.1199951171875,137.69129943847656,3071409
2025-01-17 16:40:00+01:00,137.6916046142578,137.92999267578125,137.55999755859375,137.6999969482422,4595192
2025-01-17 16:45:00+01:00,137.69960021972656,137.97000122070312,137.57000732421875,137.93499755859375,2456167
2025-01-17 16:50:00+01:00,137.93499755859375,138.04989624023438,137.73370361328125,138.0399932861328,3054111
2025-01-17 16:55:00+01:00,138.03500366210938,138.08999633789062,137.76010131835938,138.0749969482422,1752128
2025-01-17 17:00:00+01:00,138.07000732421875,138.07000732421875,137.5399932861328,137.75889587402344,1842370
2025-01-17 17:05:00+01:00,137.74960327148438,137.75999450683594,137.4600067138672,137.5850067138672,1408424
2025-01-17 17:10:00+01:00,137.58970642089844,137.75,137.52000427246094,137.7100067138672,1669164
2025-01-17 17:15:00+01:00,137.72999572753906,137.73739624023438,137.36000061035156,137.52999877929688,1241429
2025-01-17 17:20:00+01:00,137.5399932861328,137.9600067138672,137.52999877929688,137.92999267578125,1490578
2025-01-17 17:25:00+01:00,137.9248046875,138.24000549316406,137.91000366210938,138.1291961669922,2144490
2025-01-17 17:30:00+01:00,138.13499450683594,138.2082977294922,137.86000061035156,137.97000122070312,1811360
2025-01-17 17:35:00+01:00,137.9781951904297,138.22000122070312,137.96270751953125,138.11000061035156,1163248
2025-01-17 17:40:00+01:00,138.11500549316406,138.13999938964844,137.97000122070312,138.13479614257812,1262496
2025-01-17 17:45:00+01:00,138.1475067138672,138.2093963623047,138.0399932861328,138.1699981689453,1614077
2025-01-17 17:50:00+01:00,138.17999267578125,138.2200927734375,137.99000549316406,138.00999450683594,3553539
2025-01-17 17:55:00+01:00,138.0023956298828,138.17999267578125,137.906005859375,137.99000549316406,1214337
2025-01-17 18:00:00+01:00,137.97999572753906,138.0198974609375,137.6999969482422,137.7449951171875,1857406
2025-01-17 18:05:00+01:00,137.75,137.94000244140625,137.65379333496094,137.83009338378906,1297830
2025-01-17 18:10:00+01:00,137.8350067138672,138.08999633789062,137.77000427246094,138.0601043701172,1004433
2025-01-17 18:15:00+01:00,138.05589294433594,138.0800018310547,137.83999633789062,137.8404998779297,751988
2025-01-17 18:20:00+01:00,137.84979248046875,138.068603515625,137.7613067626953,137.8800048828125,1012486
2025-01-17 18:25:00+01:00,137.8881072998047,138.00999450683594,137.875,137.968505859375,2800961
2025-01-17 18:30:00+01:00,137.96499633789062,138.07000732421875,137.82000732421875,137.8227996826172,817415
2025-01-17 18:35:00+01:00,137.82009887695312,137.92999267578125,137.7100067138672,137.8800048828125,947885
2025-01-17 18:40:00+01:00,137.8800048828125,138.05990600585938,137.7949981689453,138.0,978477
2025-01-17 18:45:00+01:00,138.0050048828125,138.05999755859375,137.89999389648438,137.9499969482422,698147
2025-01-17 18:50:00+01:00,137.9600067138672,137.9600067138672,137.7100067138672,137.7747039794922,898518
2025-01-17 18:55:00+01:00,137.77000427246094,137.7825927734375,137.6300048828125,137.75999450683594,884205
2025-01-17 19:00:00+01:00,137.7550048828125,137.75999450683594,137.5800018310547,137.72999572753906,1357454
2025-01-17 19:05:00+01:00,137.72500610351562,137.9600067138672,137.69009399414062,137.83990478515625,1401751
2025-01-17 19:10:00+01:00,137.835205078125,138.0800018310547,137.77999877929688,138.07000732421875,1124596
2025-01-17 19:15:00+01:00,138.0800018310547,138.3000030517578,138.0601043701172,138.2053985595703,1728097
2025-01-17 19:20:00+01:00,138.2050018310547,138.5,138.19180297851562,138.4250030517578,1967404
2025-01-17 19:25:00+01:00,138.4250030517578,138.47000122070312,138.2100067138672,138.25999450683594,1053699
2025-01-17 19:30:00+01:00,138.25999450683594,138.30999755859375,138.1199951171875,138.14999389648438,1408274
2025-01-17 19:35:00+01:00,138.15499877929688,138.1999969482422,138.07000732421875,138.15499877929688,1611497
2025-01-17 19:40:00+01:00,138.1501007080078,138.1501007080078,137.8300018310547,137.87010192871094,2221367
2025-01-17 19:45:00+01:00,137.88999938964844,138.05999755859375,137.83999633789062,137.8699951171875,735857
2025-01-17 19:50:00+01:00,137.8800048828125,137.92520141601562,137.63009643554688,137.75999450683594,966496
2025-01-17 19:55:00+01:00,137.75,137.84629821777344,137.61000061035156,137.8083038330078,1241207
2025-01-17 20:00:00+01:00,137.80569458007812,137.88999938964844,137.64999389648438,137.67999267578125,934221
2025-01-17 20:05:00+01:00,137.68820190429688,137.7554931640625,137.51010131835938,137.5677032470703,1058787
2025-01-17 20:10:00+01:00,137.56500244140625,137.91000366210938,137.47000122070312,137.8697967529297,2083256
2025-01-17 20:15:00+01:00,137.86500549316406,137.89340209960938,137.72000122070312,137.77499389648438,1222361
2025-01-17 20:20:00+01:00,137.7628936767578,138.08999633789062,137.76010131835938,138.0800018310547,1324141
2025-01-17 20:25:00+01:00,138.07000732421875,138.10000610351562,137.9600067138672,138.08999633789062,843983
2025-01-17 20:30:00+01:00,138.0800018310547,138.0800018310547,137.88999938964844,138.05999755859375,808134
2025-01-17 20:35:00+01:00,138.05499267578125,138.14999389648438,137.99000549316406,138.13999938964844,840166
2025-01-17 20:40:00+01:00,138.1300048828125,138.1649932861328,137.9499969482422,138.02999877929688,917918
2025-01-17 20:45:00+01:00,138.02999877929688,138.1300048828125,137.97000122070312,138.0469970703125,776502
2025-01-17 20:50:00+01:00,138.0399932861328,138.0800018310547,137.85000610351562,137.88890075683594,634952
2025-01-17 20:55:00+01:00,137.88409423828125,137.99789428710938,137.8000030517578,137.8560028076172,811839
2025-01-17 21:00:00+01:00,137.85499572753906,137.85499572753906,137.50999450683594,137.5500946044922,2531977
2025-01-17 21:05:00+01:00,137.5500030517578,137.75869750976562,137.42999267578125,137.74349975585938,1816648
2025-01-17 21:10:00+01:00,137.72999572753906,137.8699951171875,137.30999755859375,137.39430236816406,1373813
2025-01-17 21:15:00+01:00,137.39999389648438,137.6300048828125,137.33900451660156,137.60499572753906,1608915
2025-01-17 21:20:00+01:00,137.60499572753906,137.75999450683594,137.531494140625,137.7100067138672,3284183
2025-01-17 21:25:00+01:00,137.72000122070312,137.82000732421875,137.63999938964844,137.68499755859375,1249143
2025-01-17 21:30:00+01:00,137.67999267578125,137.7050018310547,137.5500030517578,137.69000244140625,1310899
2025-01-17 21:35:00+01:00,137.6887969970703,137.8800048828125,137.6699981689453,137.80990600585938,1284122
2025-01-17 21:40:00+01:00,137.80999755859375,137.94000244140625,137.72999572753906,137.80499267578125,3409405
2025-01-17 21:45:00+01:00,137.80999755859375,137.9600067138672,137.75,137.75,1442054
2025-01-17 21:50:00+01:00,137.75900268554688,138.10000610351562,137.6999969482422,137.89500427246094,3075534
2025-01-17 21:55:00+01:00,137.8699951171875,137.8800048828125,137.52999877929688,137.72999572753906,4792629
2025-01-21 15:30:00+01:00,139.16000366210938,139.47999572753906,138.55999755859375,139.0399932861328,13452714
2025-01-21 15:35:00+01:00,139.05230712890625,139.77000427246094,137.82000732421875,138.3101043701172,5644765
2025-01-21 15:40:00+01:00,138.3300018310547,139.1063995361328,137.72000122070312,138.9600067138672,4570113
2025-01-21 15:45:00+01:00,138.9600067138672,140.1300048828125,138.78900146484375,139.802001953125,5841449
2025-01-21 15:50:00+01:00,139.80999755859375,140.2100067138672,138.64999389648438,138.86000061035156,4183148
2025-01-21 15:55:00+01:00,138.86399841308594,139.2899932861328,138.72999572753906,139.08799743652344,2682229
2025-01-21 16:00:00+01:00,139.0800018310547,139.10000610351562,138.49099731445312,138.75,2446551
2025-01-21 16:05:00+01:00,138.74000549316406,138.81719970703125,138.2449951171875,138.36500549316406,2694563
2025-01-21 16:10:00+01:00,138.3800048828125,138.74000549316406,137.2100067138672,137.36000061035156,4021192
2025-01-21 16:15:00+01:00,137.3800048828125,138.08999633789062,137.08999633789062,137.99319458007812,2988514
2025-01-21 16:20:00+01:00,137.99000549316406,138.22000122070312,137.6999969482422,137.82000732421875,1789769
2025-01-21 16:25:00+01:00,137.8800048828125,138.52000427246094,137.8800048828125,138.5166015625,1692069
2025-01-21 16:30:00+01:00,138.50999450683594,138.5395965576172,138.1501007080078,138.3800048828125,1338438
2025-01-21 16:35:00+01:00,138.38510131835938,138.5500030517578,138.1300048828125,138.52999877929688,1170348
2025-01-21 16:40:00+01:00,138.52999877929688,139.139892578125,138.49000549316406,138.9499969482422,1822140
2025-01-21 16:45:00+01:00,138.97000122070312,139.0500030517578,138.57000732421875,138.69000244140625,1551404
2025-01-21 16:50:00+01:00,138.68600463867188,139.0449981689453,138.4600067138672,139.01089477539062,1433988
2025-01-21 16:55:00+01:00,139.0,139.10000610351562,138.8000030517578,138.90499877929688,1181570
2025-01-21 17:00:00+01:00,138.91000366210938,138.91000366210938,138.625,138.7301025390625,1162574
2025-01-21 17:05:00+01:00,138.75,139.19000244140625,138.7449951171875,139.09500122070312,1095044
2025-01-21 17:10:00+01:00,139.08999633789062,139.1699981689453,138.9499969482422,139.10499572753906,1149509
2025-01-21 17:15:00+01:00,139.11000061035156,139.22000122070312,138.9199981689453,139.0399932861328,1266369
2025-01-21 17:20:00+01:00,139.0399932861328,139.2100067138672,138.80999755859375,138.8876953125,3247834
2025-01-21 17:25:00+01:00,138.88999938964844,139.10000610351562,138.77999877929688,138.97999572753906,1055543
2025-01-21 17:30:00+01:00,138.9700927734375,139.02999877929688,138.77000427246094,138.90499877929688,781422
2025-01-21 17:35:00+01:00,138.90499877929688,139.0,138.3300018310547,138.47000122070312,1458954
2025-01-21 17:40:00+01:00,138.47999572753906,138.89999389648438,138.39999389648438,138.77999877929688,1372878
2025-01-21 17:45:00+01:00,138.7899932861328,138.98989868164062,138.74000549316406,138.94500732421875,806436
2025-01-21 17:50:00+01:00,138.92999267578125,139.49000549316406,138.92999267578125,139.3101043701172,2039090
2025-01-21 17:55:00+01:00,139.31979370117188,139.3699951171875,139.16290283203125,139.25999450683594,988402
2025-01-21 18:00:00+01:00,139.2449951171875,139.2949981689453,138.99000549316406,139.25999450683594,1165950
2025-01-21 18:05:00+01:00,139.25999450683594,139.2899932861328,139.05999755859375,139.0800018310547,741470
2025-01-21 18:10:00+01:00,139.08999633789062,139.1999969482422,139.05999755859375,139.08999633789062,665733
2025-01-21 18:15:00+01:00,139.08999633789062,139.16000366210938,138.83009338378906,138.99819946289062,946688
2025-01-21 18:20:00+01:00,138.99000549316406,139.1999053955078,138.92999267578125,139.0301055908203,1065997
2025-01-21 18:25:00+01:00,139.0301055908203,139.3800048828125,139.0,139.33009338378906,955985
2025-01-21 18:30:00+01:00,139.35000610351562,139.52999877929688,139.2899932861328,139.5050048828125,1340809
2025-01-21 18:35:00+01:00,139.50469970703125,139.639892578125,139.33999633789062,139.58770751953125,1031017
2025-01-21 18:40:00+01:00,139.5760040283203,139.77000427246094,139.49000549316406,139.75,1347432
2025-01-21 18:45:00+01:00,139.75,139.88999938964844,139.6199951171875,139.7449951171875,1482875
2025-01-21 18:50:00+01:00,139.75,140.39999389648438,139.74000549316406,140.39869689941406,3542722
2025-01-21 18:55:00+01:00,140.3800048828125,140.94000244140625,140.3800048828125,140.89999389648438,3297761
2025-01-21 19:00:00+01:00,140.91000366210938,141.33999633789062,140.77999877929688,141.07000732421875,3961094
2025-01-21 19:05:00+01:00,141.06900024414062,141.13999938964844,140.6699981689453,140.94000244140625,1795183
2025-01-21 19:10:00+01:00,140.93499755859375,141.39999389648438,140.92990112304688,141.2449951171875,2634153
2025-01-21 19:15:00+01:00,141.25840759277344,141.69000244140625,141.25,141.49600219726562,2683548
2025-01-21 19:20:00+01:00,141.48500061035156,141.65499877929688,141.36000061035156,141.58999633789062,1658518
2025-01-21 19:25:00+01:00,141.58999633789062,141.8300018310547,141.52000427246094,141.57960510253906,2033867
2025-01-21 19:30:00+01:00,141.5800018310547,141.75999450683594,141.42999267578125,141.44000244140625,1675196
2025-01-21 19:35:00+01:00,141.44500732421875,141.63999938964844,141.42999267578125,141.63999938964844,1233985
2025-01-21 19:40:00+01:00,141.63499450683594,141.65499877929688,141.4499969482422,141.47869873046875,1158395
2025-01-21 19:45:00+01:00,141.47869873046875,141.64999389648438,141.35000610351562,141.4665069580078,1153016
2025-01-21 19:50:00+01:00,141.4600067138672,141.69000244140625,141.39999389648438,141.4199981689453,1400270
2025-01-21 19:55:00+01:00,141.41000366210938,141.4499969482422,141.2100067138672,141.2501983642578,1284311
2025-01-21 20:00:00+01:00,141.2550048828125,141.5399932861328,141.14999389648438,141.53500366210938,1526715
2025-01-21 20:05:00+01:00,141.53500366210938,141.72999572753906,141.48500061035156,141.52499389648438,1631586
2025-01-21 20:10:00+01:00,141.52969360351562,141.72999572753906,141.35009765625,141.41639709472656,1246873
2025-01-21 20:15:00+01:00,141.41140747070312,141.4199981689453,140.87010192871094,140.9355010986328,1629649
2025-01-21 20:20:00+01:00,140.93870544433594,141.16000366210938,140.76260375976562,141.01010131835938,1692147
2025-01-21 20:25:00+01:00,141.00999450683594,141.3699951171875,140.99000549316406,141.27999877929688,1528310
2025-01-21 20:30:00+01:00,141.28750610351562,141.3000030517578,140.94000244140625,140.97999572753906,1077123
2025-01-21 20:35:00+01:00,140.97999572753906,141.13999938964844,140.96009826660156,141.08599853515625,1430332
2025-01-21 20:40:00+01:00,141.0800018310547,141.24000549316406,140.94000244140625,141.0399932861328,999073
2025-01-21 20:45:00+01:00,141.0399932861328,141.25999450683594,141.0,141.14500427246094,1199161
2025-01-21 20:50:00+01:00,141.14999389648438,141.27999877929688,141.0,141.26600646972656,1411127
2025-01-21 20:55:00+01:00,141.25999450683594,141.33999633789062,141.24000549316406,141.30470275878906,877282
2025-01-21 21:00:00+01:00,141.30499267578125,141.4250030517578,141.19000244140625,141.27499389648438,1150339
2025-01-21 21:05:00+01:00,141.27499389648438,141.27999877929688,141.15499877929688,141.22000122070312,858476
2025-01-21 21:10:00+01:00,141.22500610351562,141.5399932861328,141.19129943847656,141.32000732421875,1939873
2025-01-21 21:15:00+01:00,141.3350067138672,141.38999938964844,141.27000427246094,141.33889770507812,949932
2025-01-21 21:20:00+01:00,141.3350067138672,141.38999938964844,141.19000244140625,141.3000030517578,1012304
2025-01-21 21:25:00+01:00,141.30499267578125,141.58999633789062,141.281005859375,141.5800018310547,1139550
2025-01-21 21:30:00+01:00,141.5749969482422,141.6699981689453,141.460205078125,141.5850067138672,1419881
2025-01-21 21:35:00+01:00,141.585693359375,141.63999938964844,141.375,141.6381072998047,1654169
2025-01-21 21:40:00+01:00,141.63499450683594,141.72000122070312,141.1699981689453,141.22000122070312,1709532
2025-01-21 21:45:00+01:00,141.22999572753906,141.32000732421875,140.99000549316406,141.14999389648438,1744695
2025-01-21 21:50:00+01:00,141.13999938964844,141.2100067138672,140.5800018310547,141.1300048828125,3081273
2025-01-21 21:55:00+01:00,141.08999633789062,141.1300048828125,140.64500427246094,140.8300018310547,4090169
2025-01-22 15:30:00+01:00,144.75,146.22959899902344,143.6699981689453,145.0218963623047,27058864
2025-01-22 15:35:00+01:00,145.0399932861328,145.8699951171875,144.30999755859375,145.77999877929688,7890715
2025-01-22 15:40:00+01:00,145.75,146.97999572753906,145.61000061035156,146.9499969482422,8357637
2025-01-22 15:45:00+01:00,146.97000122070312,147.38999938964844,146.35000610351562,147.2698974609375,8626108
2025-01-22 15:50:00+01:00,147.2550048828125,147.3300018310547,146.80999755859375,146.83999633789062,4934616
2025-01-22 15:55:00+01:00,146.8350067138672,147.42999267578125,146.13999938964844,146.1999969482422,6333784
2025-01-22 16:00:00+01:00,146.2050018310547,146.5,145.75,146.32769775390625,4640435
2025-01-22 16:05:00+01:00,146.3249969482422,146.8699951171875,145.94000244140625,146.4987030029297,3299787
2025-01-22 16:10:00+01:00,146.5,146.7100067138672,146.25,146.52999877929688,2631651
2025-01-22 16:15:00+01:00,146.50999450683594,146.55999755859375,146.00999450683594,146.11000061035156,2533478
2025-01-22 16:20:00+01:00,146.08999633789062,146.4499969482422,145.85000610351562,146.38999938964844,3101354
2025-01-22 16:25:00+01:00,146.3892059326172,146.69000244140625,146.32000732421875,146.37890625,2621165
2025-01-22 16:30:00+01:00,146.375,147.0,146.3000030517578,146.60499572753906,3872815
2025-01-22 16:35:00+01:00,146.61000061035156,146.89999389648438,146.52000427246094,146.60499572753906,2215108
2025-01-22 16:40:00+01:00,146.61500549316406,147.10000610351562,146.5800018310547,146.7550048828125,3342062
2025-01-22 16:45:00+01:00,146.75,147.17999267578125,146.6501007080078,147.02999877929688,2612891
2025-01-22 16:50:00+01:00,147.04949951171875,147.07000732421875,146.22000122070312,146.32879638671875,3581626
2025-01-22 16:55:00+01:00,146.3249969482422,146.42579650878906,145.72000122070312,145.7899932861328,2884850
2025-01-22 17:00:00+01:00,145.7949981689453,146.10000610351562,145.7899932861328,145.9001007080078,2413999
2025-01-22 17:05:00+01:00,145.9199981689453,146.19000244140625,145.83999633789062,146.0800018310547,1839469
2025-01-22 17:10:00+01:00,146.0749969482422,146.0749969482422,145.5500030517578,145.8000030517578,3394238
2025-01-22 17:15:00+01:00,145.80999755859375,146.13499450683594,145.77999877929688,146.02000427246094,1831153
2025-01-22 17:20:00+01:00,146.02000427246094,146.02999877929688,145.73019409179688,145.77980041503906,1467860
2025-01-22 17:25:00+01:00,145.77499389648438,146.14999389648438,145.77000427246094,146.0050048828125,1900586
2025-01-22 17:30:00+01:00,146.00990295410156,146.0399932861328,145.6999969482422,145.7949981689453,1604135
2025-01-22 17:35:00+01:00,145.7949981689453,146.0699005126953,145.75999450683594,146.02000427246094,1374431
2025-01-22 17:40:00+01:00,146.0399932861328,146.2899932861328,145.94000244140625,146.25999450683594,1733630
2025-01-22 17:45:00+01:00,146.26499938964844,146.49000549316406,146.24819946289062,146.42999267578125,1866827
2025-01-22 17:50:00+01:00,146.42140197753906,146.5800018310547,146.16160583496094,146.3625946044922,2026744
2025-01-22 17:55:00+01:00,146.3699951171875,146.6750030517578,146.22999572753906,146.5854034423828,1626496
2025-01-22 18:00:00+01:00,146.58999633789062,146.7393035888672,146.56500244140625,146.69000244140625,1368395
2025-01-22 18:05:00+01:00,146.6999969482422,146.83999633789062,146.60000610351562,146.82000732421875,1336156
2025-01-22 18:10:00+01:00,146.81500244140625,146.92990112304688,146.42999267578125,146.44500732421875,2320615
2025-01-22 18:15:00+01:00,146.44000244140625,146.75999450683594,146.44000244140625,146.52999877929688,1553492
2025-01-22 18:20:00+01:00,146.52999877929688,146.74000549316406,146.52999877929688,146.67010498046875,2032336
2025-01-22 18:25:00+01:00,146.6790008544922,146.8300018310547,146.6501007080078,146.75929260253906,2162622
2025-01-22 18:30:00+01:00,146.75970458984375,146.78500366210938,146.6300048828125,146.64999389648438,1071227
2025-01-22 18:35:00+01:00,146.64999389648438,146.8000030517578,146.64999389648438,146.7550048828125,920384
2025-01-22 18:40:00+01:00,146.75999450683594,146.77000427246094,146.52999877929688,146.58999633789062,961137
2025-01-22 18:45:00+01:00,146.5850067138672,146.85000610351562,146.4499969482422,146.83009338378906,1539143
2025-01-22 18:50:00+01:00,146.8302001953125,146.97000122070312,146.7006072998047,146.94500732421875,1268890
2025-01-22 18:55:00+01:00,146.94500732421875,146.99000549316406,146.8300018310547,146.99000549316406,1219776
2025-01-22 19:00:00+01:00,146.97000122070312,147.10000610351562,146.88999938964844,147.0449981689453,2580067
2025-01-22 19:05:00+01:00,147.0500030517578,147.0500030517578,146.90499877929688,146.9803009033203,961510
2025-01-22 19:10:00+01:00,146.98500061035156,147.0399932861328,146.75999450683594,146.78500366210938,1211347
2025-01-22 19:15:00+01:00,146.78500366210938,146.80999755859375,146.5399932861328,146.5449981689453,1248717
2025-01-22 19:20:00+01:00,146.54989624023438,146.6699981689453,146.3800048828125,146.61500549316406,1779499
2025-01-22 19:25:00+01:00,146.61000061035156,146.6300048828125,146.47999572753906,146.60000610351562,807640
2025-01-22 19:30:00+01:00,146.59500122070312,146.875,146.5399932861328,146.84500122070312,1476298
2025-01-22 19:35:00+01:00,146.83999633789062,147.0,146.82000732421875,146.95399475097656,1174460
2025-01-22 19:40:00+01:00,146.9550018310547,147.25999450683594,146.92999267578125,147.22999572753906,2305558
2025-01-22 19:45:00+01:00,147.22999572753906,147.5500030517578,147.21499633789062,147.5,3502596
2025-01-22 19:50:00+01:00,147.5050048828125,147.7100067138672,147.4600067138672,147.63999938964844,2409334
2025-01-22 19:55:00+01:00,147.63499450683594,147.63999938964844,147.25,147.40499877929688,1803741
2025-01-22 20:00:00+01:00,147.39999389648438,147.5,147.3000030517578,147.31500244140625,3034601
2025-01-22 20:05:00+01:00,147.32000732421875,147.47000122070312,147.1300048828125,147.35000610351562,1529226
2025-01-22 20:10:00+01:00,147.35000610351562,147.5,147.27999877929688,147.48500061035156,1145881
2025-01-22 20:15:00+01:00,147.49000549316406,147.60000610351562,147.4149932861328,147.5399932861328,1338665
2025-01-22 20:20:00+01:00,147.54100036621094,147.55880737304688,147.41000366210938,147.5050048828125,1429826
2025-01-22 20:25:00+01:00,147.50999450683594,147.50999450683594,147.24000549316406,147.37010192871094,1043180
2025-01-22 20:30:00+01:00,147.3800048828125,147.44000244140625,147.22999572753906,147.32000732421875,914286
2025-01-22 20:35:00+01:00,147.32000732421875,147.5,147.30999755859375,147.4949951171875,1360479
2025-01-22 20:40:00+01:00,147.5,147.5500030517578,147.32000732421875,147.36500549316406,1154796
2025-01-22 20:45:00+01:00,147.36000061035156,147.60000610351562,147.3300018310547,147.5699005126953,1274379
2025-01-22 20:50:00+01:00,147.56500244140625,147.63999938964844,147.5,147.51499938964844,1067635
2025-01-22 20:55:00+01:00,147.51820373535156,147.77630615234375,147.5,147.75999450683594,1626605
2025-01-22 21:00:00+01:00,147.7550048828125,147.7899932861328,147.2100067138672,147.2449951171875,3120457
2025-01-22 21:05:00+01:00,147.25,147.39999389648438,147.13999938964844,147.1999969482422,1518110
2025-01-22 21:10:00+01:00,147.2100067138672,147.35000610351562,147.07000732421875,147.24000549316406,1763914
2025-01-22 21:15:00+01:00,147.23500061035156,147.5,147.22999572753906,147.47500610351562,1646095
2025-01-22 21:20:00+01:00,147.47000122070312,147.60000610351562,147.30999755859375,147.53500366210938,1449389
2025-01-22 21:25:00+01:00,147.53900146484375,147.53900146484375,147.02999877929688,147.05810546875,1546850
2025-01-22 21:30:00+01:00,147.05499267578125,147.4499969482422,147.0399932861328,147.35000610351562,1819766
2025-01-22 21:35:00+01:00,147.35000610351562,147.4199981689453,146.89500427246094,147.0,2274317
2025-01-22 21:40:00+01:00,146.9949951171875,147.10000610351562,146.89999389648438,146.9698944091797,1710814
2025-01-22 21:45:00+01:00,146.9600067138672,147.0800018310547,146.74000549316406,146.99009704589844,2629187
2025-01-22 21:50:00+01:00,146.9949951171875,147.32000732421875,146.6999969482422,147.19000244140625,3539513
2025-01-22 21:55:00+01:00,147.19000244140625,147.24000549316406,146.90179443359375,147.0399932861328,5933561
2025-01-23 15:30:00+01:00,145.02000427246094,145.02999877929688,143.72000122070312,144.58999633789062,17101604
2025-01-23 15:35:00+01:00,144.5800018310547,144.99000549316406,144.16000366210938,144.97999572753906,4289068
2025-01-23 15:40:00+01:00,144.9813995361328,145.52000427246094,144.63999938964844,145.51499938964844,4295485
2025-01-23 15:45:00+01:00,145.52000427246094,145.5500030517578,144.80999755859375,145.41009521484375,3194691
2025-01-23 15:50:00+01:00,145.41000366210938,145.72000122070312,145.17340087890625,145.35000610351562,2628056
2025-01-23 15:55:00+01:00,145.34500122070312,145.48500061035156,144.91000366210938,145.35240173339844,2701700
2025-01-23 16:00:00+01:00,145.36000061035156,145.66000366210938,144.82009887695312,144.8800048828125,2931993
2025-01-23 16:05:00+01:00,144.8887939453125,145.30499267578125,144.76499938964844,145.16000366210938,2444160
2025-01-23 16:10:00+01:00,145.1699981689453,145.889892578125,145.14500427246094,145.875,2854679
2025-01-23 16:15:00+01:00,145.875,145.92999267578125,145.17999267578125,145.17999267578125,2397829
2025-01-23 16:20:00+01:00,145.18499755859375,145.5800018310547,145.00999450683594,145.46009826660156,2317825
2025-01-23 16:25:00+01:00,145.47000122070312,145.47500610351562,144.85000610351562,145.2899932861328,2207860
2025-01-23 16:30:00+01:00,145.29049682617188,145.66000366210938,145.0500030517578,145.625,1939534
2025-01-23 16:35:00+01:00,145.625,145.9499969482422,145.52000427246094,145.83999633789062,1956798
2025-01-23 16:40:00+01:00,145.83999633789062,146.02999877929688,145.77999877929688,145.90499877929688,1855053
2025-01-23 16:45:00+01:00,145.89999389648438,146.2899932861328,145.875,146.22500610351562,2250648
2025-01-23 16:50:00+01:00,146.22500610351562,146.2550048828125,145.94000244140625,146.02520751953125,1695705
2025-01-23 16:55:00+01:00,146.02999877929688,146.10000610351562,145.94000244140625,145.97000122070312,1128989
2025-01-23 17:00:00+01:00,145.97450256347656,146.1699981689453,145.82000732421875,146.02000427246094,2097542
2025-01-23 17:05:00+01:00,146.0200958251953,146.14999389648438,145.63999938964844,145.69000244140625,1392396
2025-01-23 17:10:00+01:00,145.6999969482422,145.97999572753906,145.6699981689453,145.92999267578125,2515503
2025-01-23 17:15:00+01:00,145.9300994873047,145.97500610351562,145.6199951171875,145.65199279785156,1042563
2025-01-23 17:20:00+01:00,145.66000366210938,145.7100067138672,145.44000244140625,145.48989868164062,1488612
2025-01-23 17:25:00+01:00,145.48019409179688,145.72999572753906,145.32000732421875,145.71499633789062,1870916
2025-01-23 17:30:00+01:00,145.7100067138672,146.1699981689453,145.64999389648438,146.0449981689453,1741546
2025-01-23 17:35:00+01:00,146.04989624023438,146.11000061035156,145.83999633789062,145.96499633789062,1094053
2025-01-23 17:40:00+01:00,145.97999572753906,146.22000122070312,145.8800048828125,146.1634063720703,1006104
2025-01-23 17:45:00+01:00,146.16000366210938,146.3199005126953,145.92999267578125,146.15069580078125,1404281
2025-01-23 17:50:00+01:00,146.14010620117188,146.18609619140625,145.77999877929688,146.00999450683594,1126588
2025-01-23 17:55:00+01:00,146.02499389648438,146.0760040283203,145.77000427246094,145.82479858398438,1042171
2025-01-23 18:00:00+01:00,145.8249969482422,145.8249969482422,145.52999877929688,145.5800018310547,983478
2025-01-23 18:05:00+01:00,145.5897979736328,145.8249969482422,145.55999755859375,145.6300048828125,911616
2025-01-23 18:10:00+01:00,145.6260986328125,145.7299041748047,145.52999877929688,145.6999969482422,703944
2025-01-23 18:15:00+01:00,145.70989990234375,145.85000610351562,145.58990478515625,145.63519287109375,775898
2025-01-23 18:20:00+01:00,145.6300048828125,145.64500427246094,145.49000549316406,145.5198974609375,953890
2025-01-23 18:25:00+01:00,145.51499938964844,145.52679443359375,145.27999877929688,145.3800048828125,1253747
2025-01-23 18:30:00+01:00,145.38499450683594,145.39990234375,145.00999450683594,145.07000732421875,1521486
2025-01-23 18:35:00+01:00,145.06500244140625,145.27499389648438,144.97999572753906,145.2200927734375,1459779
2025-01-23 18:40:00+01:00,145.22999572753906,145.39999389648438,145.11019897460938,145.39500427246094,1062081
2025-01-23 18:45:00+01:00,145.39500427246094,145.52000427246094,145.36000061035156,145.414794921875,949005
2025-01-23 18:50:00+01:00,145.414794921875,145.50999450683594,145.3699951171875,145.4600067138672,740912
2025-01-23 18:55:00+01:00,145.44500732421875,145.47999572753906,145.36000061035156,145.42999267578125,598852
2025-01-23 19:00:00+01:00,145.42999267578125,145.61000061035156,145.4199981689453,145.55999755859375,934193
2025-01-23 19:05:00+01:00,145.55999755859375,145.5800018310547,145.47999572753906,145.518798828125,589972
2025-01-23 19:10:00+01:00,145.50999450683594,145.6649932861328,145.42999267578125,145.63999938964844,1142176
2025-01-23 19:15:00+01:00,145.63499450683594,145.9720001220703,145.63499450683594,145.91000366210938,1354698
2025-01-23 19:20:00+01:00,145.9185028076172,146.11000061035156,145.91000366210938,146.07000732421875,1222257
2025-01-23 19:25:00+01:00,146.07000732421875,146.0883026123047,145.86000061035156,145.90499877929688,883914
2025-01-23 19:30:00+01:00,145.89999389648438,146.1300048828125,145.8800048828125,146.10000610351562,796711
2025-01-23 19:35:00+01:00,146.10000610351562,146.35000610351562,146.07000732421875,146.35000610351562,1586788
2025-01-23 19:40:00+01:00,146.33999633789062,146.35000610351562,146.01499938964844,146.23989868164062,1061719
2025-01-23 19:45:00+01:00,146.2200927734375,146.25999450683594,146.11000061035156,146.13499450683594,881427
2025-01-23 19:50:00+01:00,146.1352996826172,146.35000610351562,146.1199951171875,146.22520446777344,808780
2025-01-23 19:55:00+01:00,146.22500610351562,146.3300018310547,146.1300048828125,146.25999450683594,803561
2025-01-23 20:00:00+01:00,146.26499938964844,146.27999877929688,146.14999389648438,146.1999969482422,596964
2025-01-23 20:05:00+01:00,146.1920928955078,146.3249969482422,146.08999633789062,146.3000030517578,991683
2025-01-23 20:10:00+01:00,146.3000030517578,146.32000732421875,146.22000122070312,146.29820251464844,721521
2025-01-23 20:15:00+01:00,146.3000030517578,146.47000122070312,146.25,146.4199981689453,1181525
2025-01-23 20:20:00+01:00,146.41600036621094,146.5749969482422,146.3419952392578,146.5749969482422,1224329
2025-01-23 20:25:00+01:00,146.57989501953125,146.72000122070312,146.5500030517578,146.58990478515625,1466147
2025-01-23 20:30:00+01:00,146.58999633789062,146.75,146.44000244140625,146.4600067138672,1177062
2025-01-23 20:35:00+01:00,146.46499633789062,146.75,146.41000366210938,146.7299041748047,1091090
2025-01-23 20:40:00+01:00,146.72000122070312,146.86000061035156,146.6300048828125,146.68499755859375,1220518
2025-01-23 20:45:00+01:00,146.68499755859375,146.70989990234375,146.41009521484375,146.44500732421875,892107
2025-01-23 20:50:00+01:00,146.4499969482422,146.52000427246094,146.35000610351562,146.3699951171875,1177646
2025-01-23 20:55:00+01:00,146.36000061035156,146.47999572753906,146.27999877929688,146.28399658203125,1111062
2025-01-23 21:00:00+01:00,146.27999877929688,146.3800048828125,146.0,146.07020568847656,1610784
2025-01-23 21:05:00+01:00,146.07839965820312,146.36000061035156,146.0,146.3000030517578,2732685
2025-01-23 21:10:00+01:00,146.2949981689453,146.5399932861328,146.17999267578125,146.4600067138672,1176227
2025-01-23 21:15:00+01:00,146.4669952392578,146.60000610351562,146.39999389648438,146.48890686035156,1332388
2025-01-23 21:20:00+01:00,146.47239685058594,146.6199951171875,146.41000366210938,146.61929321289062,919243
2025-01-23 21:25:00+01:00,146.61500549316406,146.6199951171875,146.39999389648438,146.47999572753906,778863
2025-01-23 21:30:00+01:00,146.47500610351562,146.52000427246094,146.32000732421875,146.35499572753906,1064190
2025-01-23 21:35:00+01:00,146.35000610351562,146.42999267578125,146.1475067138672,146.2949981689453,1439606
2025-01-23 21:40:00+01:00,146.2947998046875,146.3800048828125,146.1300048828125,146.16000366210938,1154708
2025-01-23 21:45:00+01:00,146.1699981689453,146.27999877929688,146.07000732421875,146.22999572753906,1311743
2025-01-23 21:50:00+01:00,146.22999572753906,146.8699951171875,146.2100067138672,146.85000610351562,3841770
2025-01-23 21:55:00+01:00,146.83999633789062,147.22999572753906,146.80999755859375,147.1999969482422,7045757
2025-01-24 15:30:00+01:00,148.3574981689453,148.97000122070312,147.8000030517578,148.2100067138672,15297162
2025-01-24 15:35:00+01:00,147.6300048828125,147.85000610351562,146.3699951171875,146.94000244140625,10121106
2025-01-24 15:40:00+01:00,146.92999267578125,147.32000732421875,146.4600067138672,146.7698974609375,4929126
2025-01-24 15:45:00+01:00,146.75,147.83999633789062,146.72000122070312,147.60499572753906,4339794
2025-01-24 15:50:00+01:00,147.60499572753906,148.18499755859375,147.42999267578125,148.0261993408203,3474289
2025-01-24 15:55:00+01:00,148.02340698242188,148.07809448242188,147.57000732421875,147.86000061035156,3404211
2025-01-24 16:00:00+01:00,147.86000061035156,148.2100067138672,147.14999389648438,147.3300018310547,3672716
2025-01-24 16:05:00+01:00,147.33999633789062,147.64999389648438,146.89999389648438,147.0500030517578,2994259
2025-01-24 16:10:00+01:00,147.0500030517578,147.14999389648438,146.47999572753906,146.5500030517578,3419204
2025-01-24 16:15:00+01:00,146.5500030517578,146.62989807128906,145.75999450683594,146.46949768066406,6280935
2025-01-24 16:20:00+01:00,146.47999572753906,146.50990295410156,145.92999267578125,146.44500732421875,3180015
2025-01-24 16:25:00+01:00,146.4698944091797,146.5,145.8300018310547,146.0500030517578,2153813
2025-01-24 16:30:00+01:00,146.0399932861328,146.57000732421875,146.02999877929688,146.4199981689453,2017670
2025-01-24 16:35:00+01:00,146.41000366210938,146.5,145.55999755859375,145.77000427246094,2930085
2025-01-24 16:40:00+01:00,145.77000427246094,145.97999572753906,145.47000122070312,145.7899932861328,2762106
2025-01-24 16:45:00+01:00,145.78500366210938,145.79299926757812,145.25,145.30799865722656,2936636
2025-01-24 16:50:00+01:00,145.3000030517578,145.52000427246094,145.02999877929688,145.4949951171875,3357876
2025-01-24 16:55:00+01:00,145.5,145.5500030517578,145.0800018310547,145.14999389648438,1984776
2025-01-24 17:00:00+01:00,145.13999938964844,145.4698944091797,144.9199981689453,145.0749969482422,3066722
2025-01-24 17:05:00+01:00,145.0749969482422,145.60000610351562,145.0399932861328,145.52000427246094,1944215
2025-01-24 17:10:00+01:00,145.52000427246094,145.69000244140625,145.32009887695312,145.44000244140625,1733897
2025-01-24 17:15:00+01:00,145.4550018310547,145.5395050048828,145.19500732421875,145.31399536132812,1290779
2025-01-24 17:20:00+01:00,145.31500244140625,145.4199981689453,145.10000610351562,145.19000244140625,1469336
2025-01-24 17:25:00+01:00,145.19500732421875,145.3800048828125,145.14999389648438,145.1999969482422,1542881
2025-01-24 17:30:00+01:00,145.19000244140625,145.3000030517578,144.9199981689453,145.125,2472441
2025-01-24 17:35:00+01:00,145.10499572753906,145.17999267578125,144.97999572753906,145.0399932861328,1311306
2025-01-24 17:40:00+01:00,145.0399932861328,145.25,145.02000427246094,145.1999969482422,1276055
2025-01-24 17:45:00+01:00,145.2100067138672,145.22000122070312,145.05999755859375,145.13999938964844,988002
2025-01-24 17:50:00+01:00,145.14500427246094,145.39999389648438,144.8000030517578,144.80520629882812,2758047
2025-01-24 17:55:00+01:00,144.80999755859375,144.88999938964844,144.24000549316406,144.35000610351562,3781093
2025-01-24 18:00:00+01:00,144.35000610351562,144.7100067138672,144.25,144.5449981689453,2199031
2025-01-24 18:05:00+01:00,144.54519653320312,144.6199951171875,144.13999938964844,144.4398956298828,1819769
2025-01-24 18:10:00+01:00,144.43080139160156,144.60000610351562,144.3000030517578,144.4801025390625,1490388
2025-01-24 18:15:00+01:00,144.48500061035156,144.72999572753906,144.46499633789062,144.6699981689453,1328917
2025-01-24 18:20:00+01:00,144.664794921875,144.77000427246094,144.60000610351562,144.73480224609375,1124971
2025-01-24 18:25:00+01:00,144.73500061035156,144.75,144.32000732421875,144.43499755859375,1454102
2025-01-24 18:30:00+01:00,144.42999267578125,144.6154022216797,144.3699951171875,144.4810028076172,1097810
2025-01-24 18:35:00+01:00,144.49000549316406,144.52769470214844,143.94000244140625,144.00999450683594,2247056
2025-01-24 18:40:00+01:00,144.0,144.08999633789062,143.85000610351562,143.90890502929688,2041335
2025-01-24 18:45:00+01:00,143.90109252929688,144.1649932861328,143.8699951171875,144.08990478515625,1414258
2025-01-24 18:50:00+01:00,144.0850067138672,144.13999938964844,143.02999877929688,143.35169982910156,3755472
2025-01-24 18:55:00+01:00,143.36199951171875,143.37989807128906,142.89999389648438,143.1999969482422,3231164
2025-01-24 19:00:00+01:00,143.19000244140625,143.5,143.05999755859375,143.38999938964844,1989076
2025-01-24 19:05:00+01:00,143.39500427246094,143.4499969482422,142.82000732421875,142.85000610351562,2218299
2025-01-24 19:10:00+01:00,142.85000610351562,143.02980041503906,142.6199951171875,142.92999267578125,2836863
2025-01-24 19:15:00+01:00,142.9398956298828,143.3800048828125,142.93499755859375,143.25,1769822
2025-01-24 19:20:00+01:00,143.25999450683594,143.69500732421875,143.22999572753906,143.61990356445312,1863450
2025-01-24 19:25:00+01:00,143.60000610351562,143.60499572753906,143.30999755859375,143.38999938964844,1412146
2025-01-24 19:30:00+01:00,143.38999938964844,143.57000732421875,143.10000610351562,143.1199951171875,1529685
2025-01-24 19:35:00+01:00,143.1199951171875,143.2476043701172,142.9600067138672,143.16949462890625,1656225
2025-01-24 19:40:00+01:00,143.1699981689453,143.24000549316406,142.85000610351562,142.91000366210938,1892073
2025-01-24 19:45:00+01:00,142.91009521484375,143.0699005126953,142.67999267578125,142.91000366210938,1873099
2025-01-24 19:50:00+01:00,142.91000366210938,143.07000732421875,142.6300048828125,142.8800048828125,1844904
2025-01-24 19:55:00+01:00,142.875,142.90550231933594,142.2899932861328,142.3000030517578,6953850
2025-01-24 20:00:00+01:00,142.3000030517578,142.60000610351562,142.10000610351562,142.17999267578125,2422021
2025-01-24 20:05:00+01:00,142.19000244140625,142.30999755859375,141.9600067138672,142.0399932861328,3108739
2025-01-24 20:10:00+01:00,142.0449981689453,142.3842010498047,141.94009399414062,142.19000244140625,2567602
2025-01-24 20:15:00+01:00,142.18499755859375,142.32000732421875,141.9499969482422,141.98500061035156,1890474
2025-01-24 20:20:00+01:00,141.98849487304688,142.48500061035156,141.98500061035156,142.3690948486328,2511571
2025-01-24 20:25:00+01:00,142.36000061035156,142.5399932861328,142.27000427246094,142.3101043701172,2262904
2025-01-24 20:30:00+01:00,142.30999755859375,142.5,142.05999755859375,142.1699981689453,1540048
2025-01-24 20:35:00+01:00,142.16900634765625,142.5,142.1634979248047,142.4700927734375,1285782
2025-01-24 20:40:00+01:00,142.47500610351562,142.5500030517578,142.2100067138672,142.22120666503906,1292482
2025-01-24 20:45:00+01:00,142.22149658203125,142.53500366210938,142.2100067138672,142.50999450683594,1146441
2025-01-24 20:50:00+01:00,142.5050048828125,142.85000610351562,142.5,142.7550048828125,1898483
2025-01-24 20:55:00+01:00,142.77000427246094,142.77999877929688,142.3300018310547,142.35000610351562,1650657
2025-01-24 21:00:00+01:00,142.35000610351562,142.3800048828125,142.13009643554688,142.28500366210938,1749913
2025-01-24 21:05:00+01:00,142.28500366210938,142.29989624023438,141.8800048828125,141.90170288085938,2299213
2025-01-24 21:10:00+01:00,141.906005859375,142.3256072998047,141.88999938964844,142.2449951171875,1662900
2025-01-24 21:15:00+01:00,142.24000549316406,142.2698974609375,141.91799926757812,142.00559997558594,3204732
2025-01-24 21:20:00+01:00,142.00469970703125,142.14999389648438,141.94000244140625,142.125,1341593
2025-01-24 21:25:00+01:00,142.1199951171875,142.14999389648438,141.9499969482422,142.03500366210938,1269997
2025-01-24 21:30:00+01:00,142.02499389648438,142.5500030517578,142.01010131835938,142.44000244140625,2441950
2025-01-24 21:35:00+01:00,142.4499969482422,142.69000244140625,142.3699951171875,142.39500427246094,2115655
2025-01-24 21:40:00+01:00,142.3800048828125,142.3800048828125,142.1199951171875,142.19000244140625,1959207
2025-01-24 21:45:00+01:00,142.17999267578125,142.27999877929688,141.89999389648438,142.00999450683594,2598672
2025-01-24 21:50:00+01:00,142.02999877929688,142.62989807128906,142.02000427246094,142.4199981689453,4283085
2025-01-24 21:55:00+01:00,142.4199981689453,142.83599853515625,142.3300018310547,142.60040283203125,8087241
2025-01-27 15:30:00+01:00,124.79000091552734,128.39999389648438,124.19999694824219,127.53500366210938,120613843
2025-01-27 15:35:00+01:00,127.5199966430664,127.86000061035156,125.47000122070312,126.16500091552734,15549995
2025-01-27 15:40:00+01:00,126.18000030517578,127.13999938964844,125.1500015258789,126.88009643554688,15293108
2025-01-27 15:45:00+01:00,126.87049865722656,127.66999816894531,126.62999725341797,126.77999877929688,10506058
2025-01-27 15:50:00+01:00,126.7699966430664,127.47000122070312,126.23999786376953,126.91000366210938,8909328
2025-01-27 15:55:00+01:00,126.92500305175781,127.4000015258789,126.62000274658203,126.87999725341797,7977249
2025-01-27 16:00:00+01:00,126.87000274658203,126.98999786376953,125.86000061035156,125.93939971923828,9132978
2025-01-27 16:05:00+01:00,125.93000030517578,126.01000213623047,124.72000122070312,124.84500122070312,12696373
2025-01-27 16:10:00+01:00,124.83000183105469,125.4800033569336,124.44000244140625,124.56999969482422,10117085
2025-01-27 16:15:00+01:00,124.56999969482422,124.69000244140625,123.05000305175781,123.16000366210938,14119696
2025-01-27 16:20:00+01:00,123.16000366210938,123.80999755859375,123.05000305175781,123.42569732666016,9967070
2025-01-27 16:25:00+01:00,123.43000030517578,124.33999633789062,123.12000274658203,124.02999877929688,8911635
2025-01-27 16:30:00+01:00,124.0199966430664,124.91000366210938,123.80000305175781,124.87000274658203,7782261
2025-01-27 16:35:00+01:00,124.87000274658203,124.95999908447266,123.94000244140625,124.0250015258789,7834588
2025-01-27 16:40:00+01:00,124.0250015258789,124.62000274658203,124.0,124.56999969482422,5575621
2025-01-27 16:45:00+01:00,124.61499786376953,124.83999633789062,124.11499786376953,124.2300033569336,5929725
2025-01-27 16:50:00+01:00,124.23989868164062,124.45500183105469,123.68000030517578,123.87000274658203,7173805
2025-01-27 16:55:00+01:00,123.87000274658203,124.16999816894531,122.80999755859375,122.9999008178711,10640973
2025-01-27 17:00:00+01:00,122.98999786376953,123.30000305175781,122.11000061035156,122.13860321044922,9594973
2025-01-27 17:05:00+01:00,122.13500213623047,122.22000122070312,121.14009857177734,121.41000366210938,9227307
2025-01-27 17:10:00+01:00,121.5,121.94760131835938,120.93000030517578,121.62000274658203,14410244
2025-01-27 17:15:00+01:00,121.59500122070312,122.01000213623047,121.45210266113281,121.84500122070312,7412145
2025-01-27 17:20:00+01:00,121.84500122070312,121.94000244140625,120.50499725341797,120.63999938964844,8309339
2025-01-27 17:25:00+01:00,120.6500015258789,120.73999786376953,119.0,119.1500015258789,18031585
2025-01-27 17:30:00+01:00,119.1449966430664,119.38999938964844,118.05000305175781,118.12950134277344,14697375
2025-01-27 17:35:00+01:00,118.125,118.69999694824219,117.26000213623047,117.56999969482422,17312086
2025-01-27 17:40:00+01:00,117.57499694824219,118.62999725341797,117.3499984741211,118.5009994506836,12616080
2025-01-27 17:45:00+01:00,118.49500274658203,119.98619842529297,118.1500015258789,119.92500305175781,12519258
2025-01-27 17:50:00+01:00,119.91999816894531,120.77999877929688,119.70999908447266,119.75499725341797,12944269
2025-01-27 17:55:00+01:00,119.77999877929688,120.8499984741211,119.69000244140625,120.2699966430664,7687741
2025-01-27 18:00:00+01:00,120.26000213623047,121.75,120.26000213623047,121.36000061035156,9382885
2025-01-27 18:05:00+01:00,121.3550033569336,121.52999877929688,120.41999816894531,120.58499908447266,8075116
2025-01-27 18:10:00+01:00,120.58989715576172,120.6500015258789,120.01499938964844,120.16000366210938,6689371
2025-01-27 18:15:00+01:00,120.16000366210938,120.63999938964844,120.0,120.31500244140625,5276090
2025-01-27 18:20:00+01:00,120.31500244140625,120.33989715576172,119.01000213623047,119.13500213623047,6613776
2025-01-27 18:25:00+01:00,119.13500213623047,119.9800033569336,119.01000213623047,119.76000213623047,5852970
2025-01-27 18:30:00+01:00,119.7699966430664,120.79000091552734,119.43000030517578,120.77999877929688,5693022
2025-01-27 18:35:00+01:00,120.76000213623047,121.0154037475586,120.06999969482422,120.1791000366211,6033643
2025-01-27 18:40:00+01:00,120.17500305175781,120.25,119.56999969482422,119.98999786376953,5925595
2025-01-27 18:45:00+01:00,119.9801025390625,120.01000213623047,119.2699966430664,119.3499984741211,5547964
2025-01-27 18:50:00+01:00,119.3499984741211,119.38860321044922,118.69999694824219,118.91999816894531,6199492
2025-01-27 18:55:00+01:00,118.93000030517578,119.0250015258789,118.48999786376953,118.50499725341797,6718098
2025-01-27 19:00:00+01:00,118.5,119.3499984741211,118.5,119.31990051269531,4612011
2025-01-27 19:05:00+01:00,119.30999755859375,119.66999816894531,118.8499984741211,119.01439666748047,4296939
2025-01-27 19:10:00+01:00,119.01010131835938,119.10990142822266,118.55999755859375,118.8499984741211,4138833
2025-01-27 19:15:00+01:00,118.8499984741211,119.09500122070312,118.68000030517578,118.97350311279297,3812687
2025-01-27 19:20:00+01:00,118.99109649658203,119.07749938964844,118.12000274658203,118.13999938964844,4807679
2025-01-27 19:25:00+01:00,118.12999725341797,118.44989776611328,117.80000305175781,117.875,6672220
2025-01-27 19:30:00+01:00,117.87090301513672,119.0199966430664,117.82499694824219,118.84500122070312,5508188
2025-01-27 19:35:00+01:00,118.84449768066406,119.52999877929688,118.84010314941406,119.27999877929688,4965006
2025-01-27 19:40:00+01:00,119.2699966430664,119.95999908447266,119.12999725341797,119.13739776611328,4605195
2025-01-27 19:45:00+01:00,119.13130187988281,119.13999938964844,118.22100067138672,118.24500274658203,5196688
2025-01-27 19:50:00+01:00,118.25,118.5999984741211,118.12010192871094,118.12940216064453,4716391
2025-01-27 19:55:00+01:00,118.1259994506836,118.18000030517578,117.80000305175781,117.8301010131836,5469334
2025-01-27 20:00:00+01:00,117.83499908447266,117.9800033569336,117.61250305175781,117.89009857177734,4942333
2025-01-27 20:05:00+01:00,117.9000015258789,118.37000274658203,117.51000213623047,117.625,6613018
2025-01-27 20:10:00+01:00,117.62999725341797,118.26000213623047,117.36000061035156,117.81999969482422,6683368
2025-01-27 20:15:00+01:00,117.82050323486328,118.01000213623047,117.44999694824219,117.83499908447266,4744510
2025-01-27 20:20:00+01:00,117.83499908447266,118.02999877929688,117.55999755859375,117.7300033569336,4304937
2025-01-27 20:25:00+01:00,117.7249984741211,119.01000213623047,117.69999694824219,118.80500030517578,7512258
2025-01-27 20:30:00+01:00,118.80500030517578,119.47000122070312,118.39009857177734,118.95500183105469,6375187
2025-01-27 20:35:00+01:00,118.95500183105469,119.05000305175781,117.83999633789062,118.0,5488028
2025-01-27 20:40:00+01:00,118.00499725341797,118.04000091552734,117.55000305175781,117.61009979248047,5228515
2025-01-27 20:45:00+01:00,117.61499786376953,117.6500015258789,116.69999694824219,116.93499755859375,10449988
2025-01-27 20:50:00+01:00,116.94000244140625,117.46620178222656,116.80000305175781,117.31999969482422,6158578
2025-01-27 20:55:00+01:00,117.31999969482422,117.98999786376953,116.9000015258789,117.91200256347656,5766194
2025-01-27 21:00:00+01:00,117.91999816894531,118.12000274658203,117.65010070800781,118.04000091552734,5920277
2025-01-27 21:05:00+01:00,118.01499938964844,118.68000030517578,117.77999877929688,118.62689971923828,5480612
2025-01-27 21:10:00+01:00,118.62999725341797,118.75,117.9000015258789,117.9801025390625,6280355
2025-01-27 21:15:00+01:00,117.9800033569336,118.0,117.5,117.5250015258789,5857950
2025-01-27 21:20:00+01:00,117.5199966430664,117.62000274658203,117.05000305175781,117.38999938964844,7250961
2025-01-27 21:25:00+01:00,117.39990234375,118.11000061035156,117.30999755859375,117.77999877929688,7829399
2025-01-27 21:30:00+01:00,117.77999877929688,118.2499008178711,117.7750015258789,118.01499938964844,7309068
2025-01-27 21:35:00+01:00,118.0199966430664,118.58000183105469,117.85009765625,118.32009887695312,6857761
2025-01-27 21:40:00+01:00,118.33499908447266,118.48999786376953,117.79000091552734,118.38999938964844,7396898
2025-01-27 21:45:00+01:00,118.38999938964844,118.47000122070312,118.0199966430664,118.4260025024414,7574777
2025-01-27 21:50:00+01:00,118.41999816894531,118.45500183105469,117.94000244140625,118.29010009765625,11613554
2025-01-27 21:55:00+01:00,118.30000305175781,118.62999725341797,117.83000183105469,118.51000213623047,20912525
2025-01-28 15:30:00+01:00,121.80500030517578,122.0,119.05000305175781,119.26000213623047,61572794
2025-01-28 15:35:00+01:00,119.26000213623047,119.55000305175781,118.01000213623047,118.01000213623047,15903417
2025-01-28 15:40:00+01:00,118.01000213623047,118.20999908447266,116.25,117.21009826660156,18358263
2025-01-28 15:45:00+01:00,117.20999908447266,118.48999786376953,117.19499969482422,118.25740051269531,12385197
2025-01-28 15:50:00+01:00,118.23999786376953,118.88999938964844,117.5,118.37999725341797,9829161
2025-01-28 15:55:00+01:00,118.38999938964844,119.86000061035156,118.26499938964844,119.73100280761719,10934644
2025-01-28 16:00:00+01:00,119.7249984741211,120.23999786376953,119.62000274658203,120.15450286865234,10967081
2025-01-28 16:05:00+01:00,120.15010070800781,120.66000366210938,118.79000091552734,118.95500183105469,9994633
2025-01-28 16:10:00+01:00,118.95500183105469,120.08000183105469,118.87000274658203,120.0198974609375,7611497
2025-01-28 16:15:00+01:00,120.01499938964844,120.30000305175781,119.75,120.0250015258789,7069272
2025-01-28 16:20:00+01:00,120.0199966430664,121.01000213623047,119.8499984741211,120.97000122070312,7097169
2025-01-28 16:25:00+01:00,120.97000122070312,121.91000366210938,120.95999908447266,121.7699966430664,8314194
2025-01-28 16:30:00+01:00,121.7699966430664,121.80999755859375,120.86009979248047,121.0250015258789,7615368
2025-01-28 16:35:00+01:00,121.02999877929688,121.76000213623047,120.7699966430664,121.33000183105469,5812213
2025-01-28 16:40:00+01:00,121.31999969482422,121.5199966430664,120.62999725341797,120.62999725341797,4887118
2025-01-28 16:45:00+01:00,120.63500213623047,120.70999908447266,120.11000061035156,120.20999908447266,5291459
2025-01-28 16:50:00+01:00,120.21499633789062,120.27999877929688,119.36000061035156,119.53500366210938,6389020
2025-01-28 16:55:00+01:00,119.53970336914062,120.72010040283203,119.5250015258789,120.69499969482422,5785168
2025-01-28 17:00:00+01:00,120.69999694824219,121.13999938964844,120.55999755859375,121.12000274658203,4864938
2025-01-28 17:05:00+01:00,121.11000061035156,121.48999786376953,120.91999816894531,121.11000061035156,3662543
2025-01-28 17:10:00+01:00,121.06999969482422,121.26000213623047,120.54499816894531,120.55500030517578,5870661
2025-01-28 17:15:00+01:00,120.55010223388672,121.29000091552734,120.43499755859375,120.9800033569336,4709427
2025-01-28 17:20:00+01:00,120.9749984741211,121.4800033569336,120.89009857177734,121.21499633789062,4254493
2025-01-28 17:25:00+01:00,121.22889709472656,121.22989654541016,120.4800033569336,120.7699966430664,4785758
2025-01-28 17:30:00+01:00,120.77010345458984,121.45999908447266,120.66200256347656,121.45999908447266,4070627
2025-01-28 17:35:00+01:00,121.45500183105469,122.25,121.19000244140625,122.19999694824219,7299098
2025-01-28 17:40:00+01:00,122.19000244140625,122.3499984741211,120.97000122070312,121.30500030517578,6332341
2025-01-28 17:45:00+01:00,121.30999755859375,122.01000213623047,121.30000305175781,121.9999008178711,4386245
2025-01-28 17:50:00+01:00,121.99800109863281,122.55999755859375,121.44999694824219,122.55000305175781,5968491
2025-01-28 17:55:00+01:00,122.54000091552734,123.48999786376953,122.49240112304688,123.44499969482422,7527797
2025-01-28 18:00:00+01:00,123.44380187988281,124.15499877929688,123.19999694824219,124.13009643554688,8961530
2025-01-28 18:05:00+01:00,124.13009643554688,124.43000030517578,123.62000274658203,124.41500091552734,8309961
2025-01-28 18:10:00+01:00,124.41500091552734,124.87999725341797,124.19010162353516,124.68499755859375,8005609
2025-01-28 18:15:00+01:00,124.68009948730469,125.48999786376953,124.62999725341797,125.48989868164062,9344148
2025-01-28 18:20:00+01:00,125.48999786376953,126.4800033569336,125.08200073242188,126.43990325927734,11560847
2025-01-28 18:25:00+01:00,126.43009948730469,126.63999938964844,125.77999877929688,126.0199966430664,9237489
2025-01-28 18:30:00+01:00,126.01499938964844,126.06999969482422,125.2699966430664,125.98999786376953,7252181
2025-01-28 18:35:00+01:00,125.99120330810547,126.25,125.70480346679688,126.05500030517578,5388923
2025-01-28 18:40:00+01:00,126.05500030517578,126.0790023803711,125.05000305175781,125.28500366210938,5659317
2025-01-28 18:45:00+01:00,125.30000305175781,125.69999694824219,124.9177017211914,125.29499816894531,5580958
2025-01-28 18:50:00+01:00,125.29499816894531,125.52999877929688,125.11000061035156,125.50180053710938,3834702
2025-01-28 18:55:00+01:00,125.50499725341797,125.9000015258789,125.44000244140625,125.79010009765625,4533383
2025-01-28 19:00:00+01:00,125.80000305175781,126.26000213623047,125.45999908447266,126.23999786376953,4828699
2025-01-28 19:05:00+01:00,126.2300033569336,126.66999816894531,126.1500015258789,126.42749786376953,5237326
2025-01-28 19:10:00+01:00,126.44499969482422,126.87999725341797,126.31999969482422,126.61479949951172,4982458
2025-01-28 19:15:00+01:00,126.6050033569336,126.91999816894531,126.52999877929688,126.87999725341797,4828679
2025-01-28 19:20:00+01:00,126.88990020751953,126.8949966430664,126.20999908447266,126.48809814453125,4823471
2025-01-28 19:25:00+01:00,126.48600006103516,126.48999786376953,125.89299774169922,126.08999633789062,4536721
2025-01-28 19:30:00+01:00,126.08499908447266,126.44999694824219,125.94999694824219,126.12899780273438,3897508
2025-01-28 19:35:00+01:00,126.12999725341797,126.25,125.70999908447266,125.81500244140625,3544086
2025-01-28 19:40:00+01:00,125.81500244140625,125.90989685058594,125.45240020751953,125.84500122070312,3654198
2025-01-28 19:45:00+01:00,125.84500122070312,126.44999694824219,125.70010375976562,126.41010284423828,3779375
2025-01-28 19:50:00+01:00,126.4198989868164,126.70999908447266,126.30000305175781,126.63189697265625,3176293
2025-01-28 19:55:00+01:00,126.62999725341797,126.77999877929688,126.44999694824219,126.65499877929688,2962124
2025-01-28 20:00:00+01:00,126.66000366210938,126.75,126.20999908447266,126.26000213623047,3481666
2025-01-28 20:05:00+01:00,126.25990295410156,126.6500015258789,126.12999725341797,126.39990234375,3143688
2025-01-28 20:10:00+01:00,126.3949966430664,126.58999633789062,126.33999633789062,126.46920013427734,2426966
2025-01-28 20:15:00+01:00,126.46499633789062,127.19879913330078,126.43000030517578,127.19000244140625,5667469
2025-01-28 20:20:00+01:00,127.18499755859375,127.4000015258789,126.96009826660156,127.28500366210938,4713203
2025-01-28 20:25:00+01:00,127.28179931640625,127.3499984741211,126.72000122070312,126.7750015258789,3755981
2025-01-28 20:30:00+01:00,126.7699966430664,127.22000122070312,126.74009704589844,126.93000030517578,2862190
2025-01-28 20:35:00+01:00,126.94000244140625,127.33000183105469,126.8499984741211,127.2249984741211,3069974
2025-01-28 20:40:00+01:00,127.2300033569336,127.66000366210938,127.16000366210938,127.56999969482422,4318566
2025-01-28 20:45:00+01:00,127.57499694824219,127.87000274658203,127.36009979248047,127.86499786376953,4031338
2025-01-28 20:50:00+01:00,127.86000061035156,127.86000061035156,127.31500244140625,127.66999816894531,3844779
2025-01-28 20:55:00+01:00,127.66000366210938,127.78520202636719,127.30999755859375,127.46499633789062,3139426
2025-01-28 21:00:00+01:00,127.46009826660156,127.47000122070312,126.63999938964844,127.125,5453942
2025-01-28 21:05:00+01:00,127.125,127.30979919433594,126.6500015258789,126.7428970336914,5053109
2025-01-28 21:10:00+01:00,126.74500274658203,127.38999938964844,126.66999816894531,127.24009704589844,3807948
2025-01-28 21:15:00+01:00,127.23999786376953,127.66000366210938,127.1500015258789,127.65499877929688,3691402
2025-01-28 21:20:00+01:00,127.65010070800781,127.7699966430664,127.35009765625,127.50189971923828,3713465
2025-01-28 21:25:00+01:00,127.5,127.69000244140625,127.31009674072266,127.59010314941406,3219543
2025-01-28 21:30:00+01:00,127.58999633789062,127.69000244140625,127.30000305175781,127.65989685058594,4488142
2025-01-28 21:35:00+01:00,127.65499877929688,127.69999694824219,126.9000015258789,127.01480102539062,4987124
2025-01-28 21:40:00+01:00,127.01010131835938,127.75,126.99009704589844,127.7249984741211,5665824
2025-01-28 21:45:00+01:00,127.7249984741211,128.0,127.5510025024414,127.91500091552734,6557458
2025-01-28 21:50:00+01:00,127.91999816894531,128.5800018310547,127.55999755859375,128.38999938964844,11974184
2025-01-28 21:55:00+01:00,128.39010620117188,129.0,127.5999984741211,128.9801025390625,16647623
2025-01-29 15:30:00+01:00,126.4800033569336,126.88999938964844,125.54000091552734,125.8949966430664,31839152
2025-01-29 15:35:00+01:00,125.91000366210938,126.64990234375,125.16000366210938,125.43710327148438,8081389
2025-01-29 15:40:00+01:00,125.44000244140625,125.64990234375,124.5,125.32969665527344,9508826
2025-01-29 15:45:00+01:00,125.29010009765625,126.2699966430664,125.09600067138672,125.69999694824219,6466017
2025-01-29 15:50:00+01:00,125.70500183105469,126.30000305175781,125.23999786376953,126.15499877929688,4987333
2025-01-29 15:55:00+01:00,126.12999725341797,126.1677017211914,125.11000061035156,125.25499725341797,4355387
2025-01-29 16:00:00+01:00,125.2699966430664,125.8499984741211,125.2500991821289,125.42500305175781,3688415
2025-01-29 16:05:00+01:00,125.43009948730469,125.9291000366211,124.91000366210938,125.70999908447266,5342013
2025-01-29 16:10:00+01:00,125.69999694824219,126.06999969482422,124.58999633789062,124.82009887695312,6037663
2025-01-29 16:15:00+01:00,124.83999633789062,124.96980285644531,124.33000183105469,124.77960205078125,6160396
2025-01-29 16:20:00+01:00,124.777099609375,125.01499938964844,124.37000274658203,124.375,3879618
2025-01-29 16:25:00+01:00,124.37000274658203,124.52999877929688,123.71499633789062,124.0,7446734
2025-01-29 16:30:00+01:00,123.98999786376953,124.29000091552734,123.8949966430664,124.08979797363281,3709369
2025-01-29 16:35:00+01:00,124.08000183105469,124.3499984741211,123.19000244140625,123.19000244140625,5788875
2025-01-29 16:40:00+01:00,123.19000244140625,123.23999786376953,121.72000122070312,122.27999877929688,11424680
2025-01-29 16:45:00+01:00,122.27999877929688,123.22000122070312,122.16999816894531,123.19000244140625,7931097
2025-01-29 16:50:00+01:00,123.19740295410156,123.4000015258789,122.91999816894531,123.19499969482422,4126107
2025-01-29 16:55:00+01:00,123.19999694824219,123.27999877929688,122.54000091552734,122.67990112304688,4487937
2025-01-29 17:00:00+01:00,122.68000030517578,123.02999877929688,122.33000183105469,122.77040100097656,5107868
2025-01-29 17:05:00+01:00,122.76000213623047,122.8198013305664,122.33000183105469,122.41000366210938,4806309
2025-01-29 17:10:00+01:00,122.4198989868164,123.10990142822266,122.24620056152344,122.93000030517578,4610376
2025-01-29 17:15:00+01:00,122.93399810791016,123.06999969482422,122.5,122.68000030517578,3679915
2025-01-29 17:20:00+01:00,122.69000244140625,123.37989807128906,122.5,123.27010345458984,3750722
2025-01-29 17:25:00+01:00,123.2699966430664,123.4000015258789,122.91999816894531,122.98159790039062,3949244
2025-01-29 17:30:00+01:00,122.9800033569336,123.0,122.5,122.86499786376953,3438162
2025-01-29 17:35:00+01:00,122.86000061035156,123.0999984741211,122.5,122.54720306396484,3507570
2025-01-29 17:40:00+01:00,122.55000305175781,122.80999755859375,122.51000213623047,122.76000213623047,2079244
2025-01-29 17:45:00+01:00,122.76000213623047,123.0,122.51000213623047,122.7249984741211,3000769
2025-01-29 17:50:00+01:00,122.7300033569336,122.7699966430664,122.01000213623047,122.33999633789062,4358971
2025-01-29 17:55:00+01:00,122.3301010131836,122.33899688720703,121.87999725341797,122.16999816894531,4020754
2025-01-29 18:00:00+01:00,122.16999816894531,122.87000274658203,122.0999984741211,122.81999969482422,2850584
2025-01-29 18:05:00+01:00,122.81999969482422,123.2300033569336,122.70999908447266,123.13899993896484,4318046
2025-01-29 18:10:00+01:00,123.12999725341797,123.19000244140625,122.70999908447266,122.86009979248047,1715467
2025-01-29 18:15:00+01:00,122.87139892578125,123.0198974609375,122.5199966430664,122.83000183105469,2285362
2025-01-29 18:20:00+01:00,122.82499694824219,123.2300033569336,122.80999755859375,122.83999633789062,2908591
2025-01-29 18:25:00+01:00,122.83999633789062,123.1500015258789,122.69999694824219,122.99839782714844,2856642
2025-01-29 18:30:00+01:00,122.99800109863281,123.48989868164062,122.9000015258789,123.1698989868164,3173922
2025-01-29 18:35:00+01:00,123.1500015258789,123.44999694824219,123.0,123.0999984741211,2517558
2025-01-29 18:40:00+01:00,123.10679626464844,123.13999938964844,122.75,122.86000061035156,2441576
2025-01-29 18:45:00+01:00,122.83999633789062,123.1500015258789,122.73999786376953,123.09989929199219,1758253
2025-01-29 18:50:00+01:00,123.10209655761719,123.13999938964844,122.91000366210938,123.05999755859375,1596713
2025-01-29 18:55:00+01:00,123.05889892578125,123.09989929199219,122.77999877929688,122.96499633789062,1602627
2025-01-29 19:00:00+01:00,122.95999908447266,122.98999786376953,120.05000305175781,120.44000244140625,12618193
2025-01-29 19:05:00+01:00,120.44000244140625,122.18000030517578,120.30999755859375,121.88999938964844,8241833
2025-01-29 19:10:00+01:00,121.9000015258789,122.16000366210938,121.22000122070312,121.62989807128906,5063969
2025-01-29 19:15:00+01:00,121.63500213623047,121.83999633789062,120.80000305175781,120.87000274658203,4455924
2025-01-29 19:20:00+01:00,120.91000366210938,121.0,120.30000305175781,120.94010162353516,5399120
2025-01-29 19:25:00+01:00,120.93000030517578,121.69000244140625,120.83499908447266,121.58999633789062,4179156
2025-01-29 19:30:00+01:00,121.58999633789062,122.08000183105469,121.47000122070312,121.76000213623047,4167205
2025-01-29 19:35:00+01:00,121.73999786376953,121.9000015258789,121.02999877929688,121.1240005493164,2718001
2025-01-29 19:40:00+01:00,121.12000274658203,121.44000244140625,121.0199966430664,121.34500122070312,2102836
2025-01-29 19:45:00+01:00,121.33000183105469,121.55000305175781,121.1500015258789,121.29000091552734,1901509
2025-01-29 19:50:00+01:00,121.30000305175781,121.33999633789062,121.01000213623047,121.22989654541016,2140684
2025-01-29 19:55:00+01:00,121.20999908447266,121.33999633789062,120.88999938964844,120.94999694824219,2721876
2025-01-29 20:00:00+01:00,120.94999694824219,122.08999633789062,120.5,121.15010070800781,5673127
2025-01-29 20:05:00+01:00,121.1500015258789,121.66000366210938,120.8499984741211,121.26000213623047,3465966
2025-01-29 20:10:00+01:00,121.26000213623047,121.31999969482422,120.61000061035156,120.91490173339844,4082508
2025-01-29 20:15:00+01:00,120.91999816894531,121.0,120.30000305175781,120.94000244140625,3676080
2025-01-29 20:20:00+01:00,120.93499755859375,121.37999725341797,120.86000061035156,121.2311019897461,2758068
2025-01-29 20:25:00+01:00,121.23989868164062,121.33000183105469,120.80999755859375,120.91000366210938,2424388
2025-01-29 20:30:00+01:00,120.91000366210938,121.80000305175781,120.82499694824219,121.38999938964844,3501440
2025-01-29 20:35:00+01:00,121.37000274658203,122.0,120.55000305175781,121.88999938964844,4719636
2025-01-29 20:40:00+01:00,121.88159942626953,122.72000122070312,121.58000183105469,122.42669677734375,5569319
2025-01-29 20:45:00+01:00,122.41999816894531,122.7699966430664,122.0,122.34989929199219,3611754
2025-01-29 20:50:00+01:00,122.33000183105469,122.80000305175781,122.11000061035156,122.68499755859375,3269389
2025-01-29 20:55:00+01:00,122.68990325927734,122.68990325927734,121.9000015258789,122.08999633789062,3794784
2025-01-29 21:00:00+01:00,122.10099792480469,122.37000274658203,121.6500015258789,121.67980194091797,3042751
2025-01-29 21:05:00+01:00,121.66000366210938,122.25,121.63999938964844,122.02999877929688,2630720
2025-01-29 21:10:00+01:00,122.02999877929688,122.37000274658203,121.66999816894531,122.05000305175781,3062558
2025-01-29 21:15:00+01:00,122.05000305175781,122.11000061035156,121.5199966430664,121.69999694824219,3527520
2025-01-29 21:20:00+01:00,121.69999694824219,122.64959716796875,121.66999816894531,122.62000274658203,3484477
2025-01-29 21:25:00+01:00,122.62999725341797,123.3499984741211,122.58000183105469,123.1500015258789,5008090
2025-01-29 21:30:00+01:00,123.16999816894531,123.31999969482422,122.77999877929688,122.8949966430664,4073633
2025-01-29 21:35:00+01:00,122.88999938964844,123.00499725341797,122.19999694824219,122.27040100097656,4101826
2025-01-29 21:40:00+01:00,122.27999877929688,122.59500122070312,122.20999908447266,122.41500091552734,4813260
2025-01-29 21:45:00+01:00,122.4000015258789,122.40560150146484,121.94999694824219,122.3499984741211,4162593
2025-01-29 21:50:00+01:00,122.36000061035156,122.9800033569336,121.61000061035156,122.93499755859375,7313276
2025-01-29 21:55:00+01:00,122.94999694824219,123.80999755859375,122.94999694824219,123.80999755859375,13270800
2025-01-30 15:30:00+01:00,123.08000183105469,124.1500015258789,121.91999816894531,122.21499633789062,22975509
2025-01-30 15:35:00+01:00,122.2300033569336,122.83999633789062,121.81999969482422,121.9896011352539,6754568
2025-01-30 15:40:00+01:00,122.0,122.06999969482422,121.25,121.66000366210938,7079469
2025-01-30 15:45:00+01:00,121.6541976928711,123.4000015258789,121.52999877929688,123.22010040283203,6551332
2025-01-30 15:50:00+01:00,123.2300033569336,123.48999786376953,122.70999908447266,122.87650299072266,4732811
2025-01-30 15:55:00+01:00,122.86000061035156,122.93000030517578,121.83000183105469,122.16500091552734,4575677
2025-01-30 16:00:00+01:00,122.18000030517578,122.30000305175781,121.27999877929688,121.80999755859375,5298218
2025-01-30 16:05:00+01:00,121.79000091552734,121.87000274658203,121.08999633789062,121.25,5598316
2025-01-30 16:10:00+01:00,121.26000213623047,122.0999984741211,121.0999984741211,121.28500366210938,4610452
2025-01-30 16:15:00+01:00,121.28019714355469,121.37999725341797,120.44999694824219,120.70999908447266,6724269
2025-01-30 16:20:00+01:00,120.7300033569336,121.01499938964844,120.12000274658203,120.86000061035156,6687024
2025-01-30 16:25:00+01:00,120.86579895019531,120.88999938964844,119.44999694824219,119.56999969482422,8941018
2025-01-30 16:30:00+01:00,119.5813980102539,119.77059936523438,118.75,119.19499969482422,8311888
2025-01-30 16:35:00+01:00,119.19999694824219,119.94999694824219,119.1948013305664,119.91000366210938,4677351
2025-01-30 16:40:00+01:00,120.03520202636719,120.12999725341797,119.48999786376953,119.5198974609375,7385961
2025-01-30 16:45:00+01:00,119.52999877929688,120.05999755859375,119.43000030517578,119.9800033569336,5618759
2025-01-30 16:50:00+01:00,119.98999786376953,120.00499725341797,118.62000274658203,118.68350219726562,6595623
2025-01-30 16:55:00+01:00,118.69000244140625,119.1500015258789,118.51000213623047,118.55999755859375,5130837
2025-01-30 17:00:00+01:00,118.55999755859375,119.12999725341797,118.25,119.11100006103516,6256313
2025-01-30 17:05:00+01:00,119.11499786376953,119.12000274658203,118.2699966430664,118.29499816894531,4275068
2025-01-30 17:10:00+01:00,118.29000091552734,118.55000305175781,118.13999938964844,118.19000244140625,4198977
2025-01-30 17:15:00+01:00,118.18499755859375,118.7300033569336,118.0999984741211,118.55999755859375,4679007
2025-01-30 17:20:00+01:00,118.56710052490234,119.0198974609375,118.43000030517578,118.9999008178711,4013362
2025-01-30 17:25:00+01:00,118.99829864501953,119.30000305175781,118.66000366210938,119.05470275878906,2031105
2025-01-30 17:30:00+01:00,119.05010223388672,119.25,118.5,118.56999969482422,3809130
2025-01-30 17:35:00+01:00,118.56500244140625,118.97000122070312,118.44000244140625,118.95999908447266,3075924
2025-01-30 17:40:00+01:00,118.95500183105469,119.29000091552734,118.7300033569336,119.19270324707031,2122732
2025-01-30 17:45:00+01:00,119.29000091552734,119.56999969482422,119.18000030517578,119.49500274658203,4354209
2025-01-30 17:50:00+01:00,119.49009704589844,120.44000244140625,119.4000015258789,120.37149810791016,3926840
2025-01-30 17:55:00+01:00,120.375,120.88999938964844,120.18379974365234,120.58499908447266,4510592
2025-01-30 18:00:00+01:00,120.58000183105469,120.58499908447266,119.81500244140625,120.01000213623047,3670005
2025-01-30 18:05:00+01:00,120.0199966430664,120.04000091552734,119.6500015258789,119.96820068359375,2701835
2025-01-30 18:10:00+01:00,119.97000122070312,120.2300033569336,119.73079681396484,119.9000015258789,4629267
2025-01-30 18:15:00+01:00,119.9000015258789,120.0199966430664,119.42960357666016,119.5199966430664,2330218
2025-01-30 18:20:00+01:00,119.5199966430664,119.7699966430664,119.47000122070312,119.67500305175781,2255390
2025-01-30 18:25:00+01:00,119.66999816894531,119.70999908447266,119.0999984741211,119.29000091552734,2311616
2025-01-30 18:30:00+01:00,119.28500366210938,119.7699966430664,119.11000061035156,119.66000366210938,2166591
2025-01-30 18:35:00+01:00,119.6500015258789,119.8051986694336,119.55999755859375,119.56999969482422,2191161
2025-01-30 18:40:00+01:00,119.56999969482422,120.01580047607422,119.5199966430664,119.65989685058594,2106405
2025-01-30 18:45:00+01:00,119.66000366210938,119.93000030517578,119.55000305175781,119.80999755859375,2097556
2025-01-30 18:50:00+01:00,119.80999755859375,120.12999725341797,119.80000305175781,120.0199966430664,1943398
2025-01-30 18:55:00+01:00,120.02890014648438,120.19999694824219,119.9800033569336,120.00499725341797,1974720
2025-01-30 19:00:00+01:00,120.00499725341797,120.11000061035156,119.33000183105469,119.79499816894531,2436818
2025-01-30 19:05:00+01:00,119.79000091552734,120.07769775390625,119.62999725341797,120.0199966430664,1650803
2025-01-30 19:10:00+01:00,120.0199966430664,120.12999725341797,119.87000274658203,119.93499755859375,1462299
2025-01-30 19:15:00+01:00,119.94000244140625,120.01000213623047,119.66999816894531,119.77059936523438,1548181
2025-01-30 19:20:00+01:00,119.76000213623047,119.87000274658203,119.55000305175781,119.73690032958984,1878235
2025-01-30 19:25:00+01:00,119.72059631347656,119.73999786376953,119.26000213623047,119.4749984741211,2324458
2025-01-30 19:30:00+01:00,119.4800033569336,119.80000305175781,119.37999725341797,119.66500091552734,1927730
2025-01-30 19:35:00+01:00,119.66999816894531,119.77999877929688,119.54000091552734,119.61270141601562,1843779
2025-01-30 19:40:00+01:00,119.6050033569336,119.80999755859375,119.51000213623047,119.58000183105469,2460843
2025-01-30 19:45:00+01:00,119.57939910888672,119.7583999633789,119.5,119.6948013305664,1636119
2025-01-30 19:50:00+01:00,119.69499969482422,119.87000274658203,119.55000305175781,119.66999816894531,2114434
2025-01-30 19:55:00+01:00,119.66000366210938,120.2300033569336,119.58999633789062,120.12999725341797,2876555
2025-01-30 20:00:00+01:00,120.1449966430664,120.6698989868164,120.0,120.50199890136719,3270732
2025-01-30 20:05:00+01:00,120.5,120.96499633789062,120.26000213623047,120.8949966430664,3423076
2025-01-30 20:10:00+01:00,120.8949966430664,121.36990356445312,120.87000274658203,121.3499984741211,3861434
2025-01-30 20:15:00+01:00,121.3550033569336,121.36060333251953,120.98999786376953,121.22000122070312,3123149
2025-01-30 20:20:00+01:00,121.22000122070312,121.56999969482422,121.19010162353516,121.33999633789062,2947902
2025-01-30 20:25:00+01:00,121.34839630126953,121.54000091552734,121.0,121.45500183105469,3163388
2025-01-30 20:30:00+01:00,121.45429992675781,121.5199966430664,121.0,121.2603988647461,3167337
2025-01-30 20:35:00+01:00,121.25700378417969,121.64759826660156,121.16999816894531,121.62000274658203,2791957
2025-01-30 20:40:00+01:00,121.61959838867188,121.80000305175781,121.3499984741211,121.7699966430664,3209366
2025-01-30 20:45:00+01:00,121.75499725341797,122.3499984741211,121.6500015258789,122.24739837646484,4251166
2025-01-30 20:50:00+01:00,122.25,122.4800033569336,121.97000122070312,122.38999938964844,3849704
2025-01-30 20:55:00+01:00,122.38500213623047,122.41999816894531,122.12999725341797,122.27999877929688,3206450
2025-01-30 21:00:00+01:00,122.27179718017578,122.72989654541016,122.16000366210938,122.70140075683594,3591084
2025-01-30 21:05:00+01:00,122.69999694824219,122.80999755859375,121.87000274658203,122.43000030517578,4345155
2025-01-30 21:10:00+01:00,122.43150329589844,122.69999694824219,122.36000061035156,122.59500122070312,2907319
2025-01-30 21:15:00+01:00,122.58999633789062,123.08999633789062,122.47000122070312,122.94999694824219,4616798
2025-01-30 21:20:00+01:00,122.95500183105469,123.3499984741211,122.87000274658203,123.27999877929688,4218144
2025-01-30 21:25:00+01:00,123.26959991455078,123.4800033569336,123.06999969482422,123.41500091552734,3772081
2025-01-30 21:30:00+01:00,123.41000366210938,123.41000366210938,122.7113037109375,123.19499969482422,4591213
2025-01-30 21:35:00+01:00,123.19999694824219,123.5999984741211,122.2300033569336,122.2699966430664,6544331
2025-01-30 21:40:00+01:00,122.26000213623047,123.189697265625,121.93000030517578,122.58560180664062,6286154
2025-01-30 21:45:00+01:00,122.58999633789062,123.27999877929688,122.33999633789062,123.16000366210938,5707410
2025-01-30 21:50:00+01:00,123.19000244140625,123.98999786376953,122.72000122070312,123.95999908447266,8272745
2025-01-30 21:55:00+01:00,123.97000122070312,125.0,123.77999877929688,124.91000366210938,16245792
2025-01-31 15:30:00+01:00,123.80999755859375,124.73999786376953,123.3499984741211,123.86000061035156,23602994
2025-01-31 15:35:00+01:00,123.87999725341797,124.0199966430664,123.20999908447266,123.87770080566406,5409459
2025-01-31 15:40:00+01:00,123.8550033569336,124.94999694824219,123.76000213623047,124.1355972290039,6924980
2025-01-31 15:45:00+01:00,124.12000274658203,124.54000091552734,123.55000305175781,123.72000122070312,4893195
2025-01-31 15:50:00+01:00,123.7300033569336,124.48999786376953,123.61000061035156,124.45999908447266,4333993
2025-01-31 15:55:00+01:00,124.45999908447266,125.1500015258789,124.20999908447266,124.99400329589844,5558985
2025-01-31 16:00:00+01:00,124.9999008178711,126.12999725341797,124.9823989868164,126.0999984741211,7861562
2025-01-31 16:05:00+01:00,126.0999984741211,126.62999725341797,125.26000213623047,125.37000274658203,7088458
2025-01-31 16:10:00+01:00,125.36000061035156,125.83499908447266,125.04000091552734,125.4800033569336,5043962
2025-01-31 16:15:00+01:00,125.47989654541016,126.16000366210938,125.31999969482422,125.69760131835938,5474343
2025-01-31 16:20:00+01:00,125.69000244140625,125.91000366210938,125.47000122070312,125.87460327148438,2918723
2025-01-31 16:25:00+01:00,125.87000274658203,126.25,125.58000183105469,126.18599700927734,5589098
2025-01-31 16:30:00+01:00,126.18000030517578,127.0,126.13999938964844,126.95980072021484,6910969
2025-01-31 16:35:00+01:00,126.94000244140625,127.08999633789062,126.4000015258789,126.45989990234375,5668054
2025-01-31 16:40:00+01:00,126.44999694824219,126.5,125.75,126.31999969482422,4410521
2025-01-31 16:45:00+01:00,126.31999969482422,126.45999908447266,125.98999786376953,126.25599670410156,6776501
2025-01-31 16:50:00+01:00,126.25,126.59629821777344,125.81999969482422,126.5199966430664,3373758
2025-01-31 16:55:00+01:00,126.53079986572266,127.13999938964844,126.30000305175781,126.80000305175781,7934232
2025-01-31 17:00:00+01:00,126.79000091552734,127.41999816894531,126.7699966430664,127.30000305175781,5110753
2025-01-31 17:05:00+01:00,127.29000091552734,127.44999694824219,127.05000305175781,127.05999755859375,2624443
2025-01-31 17:10:00+01:00,127.29000091552734,127.5999984741211,127.12000274658203,127.58000183105469,5116065
2025-01-31 17:15:00+01:00,127.58999633789062,127.8499984741211,127.47000122070312,127.66999816894531,4041951
2025-01-31 17:20:00+01:00,127.6500015258789,127.67459869384766,126.95999908447266,127.29000091552734,3656719
2025-01-31 17:25:00+01:00,127.27999877929688,127.3187026977539,126.5999984741211,126.75,3214265
2025-01-31 17:30:00+01:00,126.73999786376953,126.97000122070312,126.22000122070312,126.24500274658203,3469545
2025-01-31 17:35:00+01:00,126.24500274658203,126.43000030517578,125.62000274658203,125.66999816894531,4265746
2025-01-31 17:40:00+01:00,125.66999816894531,125.79000091552734,124.94999694824219,125.05999755859375,6438880
2025-01-31 17:45:00+01:00,125.05000305175781,125.66560363769531,124.83000183105469,125.55999755859375,4766869
2025-01-31 17:50:00+01:00,125.55000305175781,125.72000122070312,125.31999969482422,125.63980102539062,3029723
2025-01-31 17:55:00+01:00,125.62000274658203,125.66999816894531,125.16000366210938,125.41999816894531,2521959
2025-01-31 18:00:00+01:00,125.43000030517578,125.55000305175781,125.0199966430664,125.05000305175781,2771174
2025-01-31 18:05:00+01:00,125.04989624023438,125.05000305175781,124.4000015258789,125.04000091552734,4963265
2025-01-31 18:10:00+01:00,125.0479965209961,125.05000305175781,124.62000274658203,124.98999786376953,2914604
2025-01-31 18:15:00+01:00,124.98999786376953,124.98999786376953,124.05999755859375,124.08499908447266,3532910
2025-01-31 18:20:00+01:00,124.08499908447266,124.94000244140625,124.06999969482422,124.91500091552734,3149556
2025-01-31 18:25:00+01:00,124.91000366210938,125.37000274658203,124.80999755859375,125.30999755859375,3054807
2025-01-31 18:30:00+01:00,125.31999969482422,125.55000305175781,124.79000091552734,124.85009765625,3321129
2025-01-31 18:35:00+01:00,124.8550033569336,125.0979995727539,124.80999755859375,124.98999786376953,1778633
2025-01-31 18:40:00+01:00,124.98500061035156,125.13999938964844,124.9000015258789,124.9800033569336,1596961
2025-01-31 18:45:00+01:00,124.9800033569336,125.06649780273438,124.8949966430664,124.95500183105469,1388093
2025-01-31 18:50:00+01:00,124.95999908447266,125.44000244140625,124.89009857177734,125.4000015258789,2144759
2025-01-31 18:55:00+01:00,125.41000366210938,125.95480346679688,125.25,125.87010192871094,2668284
2025-01-31 19:00:00+01:00,125.87999725341797,125.88500213623047,125.24030303955078,125.43009948730469,2378889
2025-01-31 19:05:00+01:00,125.45999908447266,125.5,124.93009948730469,125.0166015625,2299642
2025-01-31 19:10:00+01:00,125.0199966430664,125.05999755859375,124.78230285644531,124.95860290527344,2031833
2025-01-31 19:15:00+01:00,124.95999908447266,125.05000305175781,124.31999969482422,124.36969757080078,2170002
2025-01-31 19:20:00+01:00,124.3499984741211,124.8499984741211,124.11000061035156,124.4749984741211,3470074
2025-01-31 19:25:00+01:00,124.48909759521484,124.58000183105469,124.12000274658203,124.16999816894531,2360174
2025-01-31 19:30:00+01:00,124.1511001586914,124.42759704589844,123.58499908447266,123.61000061035156,4579289
2025-01-31 19:35:00+01:00,123.62000274658203,124.16000366210938,123.56999969482422,124.10399627685547,3092909
2025-01-31 19:40:00+01:00,124.0999984741211,124.3499984741211,123.44000244140625,123.63009643554688,2959046
2025-01-31 19:45:00+01:00,123.66000366210938,124.07510375976562,123.62000274658203,123.73999786376953,2406931
2025-01-31 19:50:00+01:00,123.75,123.9000015258789,123.29000091552734,123.63999938964844,2382812
2025-01-31 19:55:00+01:00,123.62999725341797,124.0199966430664,123.52999877929688,123.79010009765625,2056703
2025-01-31 20:00:00+01:00,123.82499694824219,124.01000213623047,123.51309967041016,123.57319641113281,2085612
2025-01-31 20:05:00+01:00,123.51000213623047,123.5199966430664,122.70999908447266,123.05020141601562,4645256
2025-01-31 20:10:00+01:00,123.06999969482422,123.54000091552734,123.04000091552734,123.37000274658203,2562872
2025-01-31 20:15:00+01:00,123.36000061035156,123.48999786376953,122.56999969482422,122.75859832763672,2957307
2025-01-31 20:20:00+01:00,122.75499725341797,123.12000274658203,122.6500015258789,123.0989990234375,2182717
2025-01-31 20:25:00+01:00,123.08999633789062,123.2699966430664,122.76000213623047,123.01000213623047,2428234
2025-01-31 20:30:00+01:00,123.0250015258789,123.12999725341797,122.54000091552734,122.96109771728516,2455986
2025-01-31 20:35:00+01:00,122.96499633789062,123.0,122.05000305175781,122.05999755859375,3632388
2025-01-31 20:40:00+01:00,122.05999755859375,122.31999969482422,121.63999938964844,121.75959777832031,4011313
2025-01-31 20:45:00+01:00,121.7500991821289,122.01499938964844,121.25,121.99019622802734,4478122
2025-01-31 20:50:00+01:00,122.00990295410156,122.16000366210938,121.30999755859375,121.66999816894531,4678896
2025-01-31 20:55:00+01:00,121.69059753417969,122.05000305175781,121.5999984741211,121.87989807128906,3032372
2025-01-31 21:00:00+01:00,121.87000274658203,121.87000274658203,121.0,121.10030364990234,3839577
2025-01-31 21:05:00+01:00,121.13999938964844,121.38999938964844,120.83000183105469,120.9800033569336,3871017
2025-01-31 21:10:00+01:00,120.9800033569336,121.37000274658203,120.79000091552734,120.87030029296875,3214651
2025-01-31 21:15:00+01:00,120.87999725341797,121.13999938964844,120.60299682617188,120.71499633789062,3259275
2025-01-31 21:20:00+01:00,120.70999908447266,120.78990173339844,120.0999984741211,120.38040161132812,4637022
2025-01-31 21:25:00+01:00,120.3479995727539,120.5886001586914,119.88009643554688,120.10990142822266,6892730
2025-01-31 21:30:00+01:00,120.1050033569336,120.25,120.01000213623047,120.08760070800781,3596041
2025-01-31 21:35:00+01:00,120.08000183105469,120.22000122070312,119.51000213623047,119.63999938964844,5993828
2025-01-31 21:40:00+01:00,119.63999938964844,119.77999877929688,119.19999694824219,119.20010375976562,6074899
2025-01-31 21:45:00+01:00,119.20500183105469,120.23999786376953,119.19000244140625,119.97989654541016,7319542
2025-01-31 21:50:00+01:00,119.9800033569336,120.3499984741211,119.69000244140625,120.07980346679688,7372169
2025-01-31 21:55:00+01:00,120.07499694824219,120.27999877929688,119.98500061035156,120.0,10448123
2025-02-03 15:30:00+01:00,114.70999908447266,114.98999786376953,113.01000213623047,114.41000366210938,47744993
2025-02-03 15:35:00+01:00,114.37999725341797,114.47669982910156,113.3499984741211,114.06999969482422,12209757
2025-02-03 15:40:00+01:00,114.08000183105469,114.9800033569336,113.62000274658203,114.47000122070312,9128476
2025-02-03 15:45:00+01:00,114.47899627685547,114.66000366210938,113.51000213623047,113.98999786376953,7030821
2025-02-03 15:50:00+01:00,113.78720092773438,114.27999877929688,113.2750015258789,113.79000091552734,8607777
2025-02-03 15:55:00+01:00,113.78079986572266,114.98999786376953,113.69999694824219,114.73999786376953,7088909
2025-02-03 16:00:00+01:00,114.68000030517578,115.25,113.76000213623047,114.0,7994210
2025-02-03 16:05:00+01:00,114.0,114.97000122070312,113.87999725341797,114.87000274658203,5428393
2025-02-03 16:10:00+01:00,114.86000061035156,114.88500213623047,113.69999694824219,113.87000274658203,5496229
2025-02-03 16:15:00+01:00,113.86499786376953,114.24600219726562,113.61000061035156,113.7750015258789,5028271
2025-02-03 16:20:00+01:00,113.77999877929688,115.91999816894531,113.77999877929688,115.73999786376953,9862691
2025-02-03 16:25:00+01:00,115.74500274658203,116.38999938964844,115.0999984741211,115.76000213623047,7983044
2025-02-03 16:30:00+01:00,115.75,116.83999633789062,115.41999816894531,116.73999786376953,6806701
2025-02-03 16:35:00+01:00,116.75,117.05999755859375,115.80999755859375,116.18990325927734,6588088
2025-02-03 16:40:00+01:00,116.18000030517578,117.63999938964844,116.03910064697266,117.59559631347656,6213476
2025-02-03 16:45:00+01:00,117.58999633789062,117.7300033569336,116.76000213623047,117.08979797363281,5571209
2025-02-03 16:50:00+01:00,117.08999633789062,117.55999755859375,116.98999786376953,117.08999633789062,3999823
2025-02-03 16:55:00+01:00,117.08000183105469,117.98999786376953,116.70010375976562,117.8499984741211,4675097
2025-02-03 17:00:00+01:00,117.8499984741211,117.97989654541016,117.18000030517578,117.33999633789062,4165240
2025-02-03 17:05:00+01:00,117.33999633789062,117.83989715576172,116.76000213623047,117.66999816894531,3840239
2025-02-03 17:10:00+01:00,117.67500305175781,117.94999694824219,117.53009796142578,117.64990234375,1963508
2025-02-03 17:15:00+01:00,117.83989715576172,117.86990356445312,117.25,117.41999816894531,3830560
2025-02-03 17:20:00+01:00,117.41500091552734,117.54039764404297,116.83000183105469,116.9000015258789,2936531
2025-02-03 17:25:00+01:00,116.88999938964844,117.0999984741211,116.29000091552734,116.53700256347656,4324485
2025-02-03 17:30:00+01:00,116.54000091552734,117.4000015258789,116.4000015258789,117.20999908447266,2956603
2025-02-03 17:35:00+01:00,117.20500183105469,117.20999908447266,116.69000244140625,117.06999969482422,2523058
2025-02-03 17:40:00+01:00,117.06909942626953,117.18499755859375,116.7300033569336,116.89820098876953,2068947
2025-02-03 17:45:00+01:00,116.9000015258789,117.33000183105469,116.55000305175781,116.56009674072266,2793548
2025-02-03 17:50:00+01:00,116.55999755859375,117.1500015258789,116.5199966430664,116.8375015258789,2011011
2025-02-03 17:55:00+01:00,116.80000305175781,116.85479736328125,115.91999816894531,115.9489974975586,3768549
2025-02-03 18:00:00+01:00,115.94000244140625,116.37999725341797,115.9000015258789,116.37000274658203,2481890
2025-02-03 18:05:00+01:00,116.38990020751953,116.6686019897461,116.08499908447266,116.62000274658203,2205775
2025-02-03 18:10:00+01:00,116.625,116.77899932861328,116.37000274658203,116.67500305175781,1920149
2025-02-03 18:15:00+01:00,116.67500305175781,116.70999908447266,116.33000183105469,116.4800033569336,1824609
2025-02-03 18:20:00+01:00,116.47440338134766,116.5,116.06999969482422,116.45999908447266,2108559
2025-02-03 18:25:00+01:00,116.42500305175781,116.5,115.8499984741211,115.88999938964844,2074241
2025-02-03 18:30:00+01:00,115.87999725341797,116.03990173339844,115.72000122070312,115.77999877929688,2269506
2025-02-03 18:35:00+01:00,115.75499725341797,116.12000274658203,115.62999725341797,115.66480255126953,2392316
2025-02-03 18:40:00+01:00,115.66000366210938,115.80000305175781,115.51000213623047,115.66999816894531,2576655
2025-02-03 18:45:00+01:00,115.67500305175781,116.11000061035156,115.56999969482422,115.96990203857422,1991818
2025-02-03 18:50:00+01:00,115.95999908447266,116.48999786376953,115.93009948730469,116.38999938964844,2294692
2025-02-03 18:55:00+01:00,116.39990234375,116.44999694824219,115.61000061035156,116.30490112304688,3189921
2025-02-03 19:00:00+01:00,116.28500366210938,116.36990356445312,115.75,115.98999786376953,2459154
2025-02-03 19:05:00+01:00,115.9800033569336,116.18499755859375,115.58000183105469,115.7426986694336,2300884
2025-02-03 19:10:00+01:00,115.7249984741211,116.05000305175781,115.58999633789062,115.88999938964844,1980516
2025-02-03 19:15:00+01:00,115.88999938964844,116.12010192871094,115.75,115.9000015258789,2284442
2025-02-03 19:20:00+01:00,115.9000015258789,116.08989715576172,115.54010009765625,115.74500274658203,2186458
2025-02-03 19:25:00+01:00,115.75,116.26000213623047,115.69999694824219,115.93990325927734,2496542
2025-02-03 19:30:00+01:00,115.94000244140625,116.18000030517578,115.9000015258789,116.03500366210938,2106954
2025-02-03 19:35:00+01:00,116.02999877929688,116.30000305175781,115.9749984741211,116.0989990234375,1778817
2025-02-03 19:40:00+01:00,116.08999633789062,116.22000122070312,115.93000030517578,116.15399932861328,2140366
2025-02-03 19:45:00+01:00,116.16000366210938,116.83000183105469,116.0999984741211,116.76499938964844,2915133
2025-02-03 19:50:00+01:00,116.7698974609375,117.0999984741211,116.66000366210938,116.71289825439453,2869295
2025-02-03 19:55:00+01:00,116.72959899902344,117.00980377197266,116.69999694824219,116.95480346679688,1815775
2025-02-03 20:00:00+01:00,116.94999694824219,117.29000091552734,116.92009735107422,117.2302017211914,2595516
2025-02-03 20:05:00+01:00,117.2300033569336,117.81999969482422,117.05000305175781,117.80500030517578,2948593
2025-02-03 20:10:00+01:00,117.80500030517578,118.25990295410156,117.6500015258789,118.24500274658203,6176726
2025-02-03 20:15:00+01:00,118.2490005493164,118.56999969482422,118.19000244140625,118.28009796142578,4200441
2025-02-03 20:20:00+01:00,118.28500366210938,118.36000061035156,117.75,117.9800033569336,4102050
2025-02-03 20:25:00+01:00,117.9800033569336,118.11000061035156,117.62000274658203,117.6447982788086,2353521
2025-02-03 20:30:00+01:00,117.6449966430664,117.9000015258789,117.38999938964844,117.82499694824219,2853670
2025-02-03 20:35:00+01:00,117.83000183105469,117.87000274658203,117.47000122070312,117.66500091552734,1985474
2025-02-03 20:40:00+01:00,117.67500305175781,117.87000274658203,117.51000213623047,117.66999816894531,2044699
2025-02-03 20:45:00+01:00,117.6614990234375,118.12999725341797,117.58000183105469,117.97000122070312,2341846
2025-02-03 20:50:00+01:00,117.96499633789062,118.0,117.69999694824219,117.80500030517578,2107312
2025-02-03 20:55:00+01:00,117.80000305175781,117.95999908447266,117.55999755859375,117.80989837646484,1882885
2025-02-03 21:00:00+01:00,117.80999755859375,117.95999908447266,117.62999725341797,117.87010192871094,1791466
2025-02-03 21:05:00+01:00,117.87000274658203,117.87000274658203,117.1500015258789,117.38999938964844,3108433
2025-02-03 21:10:00+01:00,117.38719940185547,117.66999816894531,117.3102035522461,117.63999938964844,1897540
2025-02-03 21:15:00+01:00,117.63999938964844,117.94409942626953,117.5,117.9385986328125,2177366
2025-02-03 21:20:00+01:00,117.91000366210938,118.13140106201172,117.78009796142578,118.04000091552734,2539417
2025-02-03 21:25:00+01:00,118.03500366210938,118.05000305175781,117.41000366210938,117.46990203857422,2597579
2025-02-03 21:30:00+01:00,117.47000122070312,117.83999633789062,117.41999816894531,117.67169952392578,2314120
2025-02-03 21:35:00+01:00,117.66500091552734,117.93000030517578,117.5,117.66000366210938,2093759
2025-02-03 21:40:00+01:00,117.67500305175781,117.69000244140625,116.9800033569336,117.19000244140625,3341144
2025-02-03 21:45:00+01:00,117.19499969482422,117.23999786376953,116.5999984741211,116.81999969482422,4693944
2025-02-03 21:50:00+01:00,116.81999969482422,116.93000030517578,116.01000213623047,116.51499938964844,6344289
2025-02-03 21:55:00+01:00,116.51499938964844,116.8499984741211,116.29000091552734,116.66000366210938,6801395
2025-02-04 15:30:00+01:00,116.94000244140625,118.08999633789062,116.69999694824219,117.8644027709961,17947336
2025-02-04 15:35:00+01:00,117.81999969482422,118.94999694824219,117.80000305175781,118.44000244140625,6614443
2025-02-04 15:40:00+01:00,118.43000030517578,118.87999725341797,117.89600372314453,118.48699951171875,5539929
2025-02-04 15:45:00+01:00,118.5,118.66000366210938,118.11260223388672,118.57009887695312,3571371
2025-02-04 15:50:00+01:00,118.58999633789062,119.19000244140625,118.1500015258789,119.13500213623047,5240056
2025-02-04 15:55:00+01:00,119.13899993896484,119.87999725341797,119.11990356445312,119.3550033569336,5733774
2025-02-04 16:00:00+01:00,119.3550033569336,120.41999816894531,119.3550033569336,120.35479736328125,6945079
2025-02-04 16:05:00+01:00,120.36000061035156,121.19999694824219,120.2750015258789,120.93499755859375,7440166
2025-02-04 16:10:00+01:00,120.92009735107422,120.98999786376953,120.0999984741211,120.12989807128906,5900116
2025-02-04 16:15:00+01:00,120.12000274658203,120.54000091552734,119.70999908447266,120.5,5651280
2025-02-04 16:20:00+01:00,120.5,120.5199966430664,119.875,120.07499694824219,3498824
2025-02-04 16:25:00+01:00,120.07499694824219,120.33000183105469,119.86009979248047,119.93000030517578,3198934
2025-02-04 16:30:00+01:00,119.94499969482422,120.23999786376953,119.5999984741211,120.13909912109375,3480815
2025-02-04 16:35:00+01:00,120.125,120.2699966430664,119.87000274658203,120.02559661865234,4347341
2025-02-04 16:40:00+01:00,120.02999877929688,120.36000061035156,119.61000061035156,119.7605972290039,3114975
2025-02-04 16:45:00+01:00,119.76519775390625,119.94999694824219,119.37999725341797,119.5199966430664,2964714
2025-02-04 16:50:00+01:00,119.5280990600586,119.7699966430664,119.27999877929688,119.70890045166016,2408383
2025-02-04 16:55:00+01:00,119.7052001953125,119.72989654541016,119.37999725341797,119.53500366210938,1979852
2025-02-04 17:00:00+01:00,119.53500366210938,120.08999633789062,119.5333023071289,120.04540252685547,3518970
2025-02-04 17:05:00+01:00,120.04750061035156,120.23999786376953,119.66999816894531,119.76899719238281,2289569
2025-02-04 17:10:00+01:00,119.768798828125,119.95040130615234,119.7300033569336,119.79000091552734,2716872
2025-02-04 17:15:00+01:00,119.4749984741211,119.73999786376953,119.45999908447266,119.7385025024414,2476397
2025-02-04 17:20:00+01:00,119.7385025024414,120.05000305175781,119.69999694824219,119.875,1806743
2025-02-04 17:25:00+01:00,119.87000274658203,120.1500015258789,119.76000213623047,120.11000061035156,2394461
2025-02-04 17:30:00+01:00,120.11000061035156,120.16999816894531,119.6500015258789,119.70480346679688,1980142
2025-02-04 17:35:00+01:00,119.69999694824219,119.9800033569336,119.69999694824219,119.94000244140625,1317834
2025-02-04 17:40:00+01:00,119.94000244140625,120.08999633789062,119.83000183105469,119.93000030517578,1466768
2025-02-04 17:45:00+01:00,119.92990112304688,120.08999633789062,119.63999938964844,119.66000366210938,2158412
2025-02-04 17:50:00+01:00,119.66500091552734,119.72000122070312,119.44999694824219,119.64099884033203,2070681
2025-02-04 17:55:00+01:00,119.63999938964844,119.64769744873047,119.05000305175781,119.06009674072266,2319621
2025-02-04 18:00:00+01:00,119.06500244140625,119.125,118.7300033569336,118.75990295410156,3356093
2025-02-04 18:05:00+01:00,118.76000213623047,118.77999877929688,118.2699966430664,118.27559661865234,3075397
2025-02-04 18:10:00+01:00,118.27999877929688,118.80000305175781,118.25499725341797,118.76229858398438,3127998
2025-02-04 18:15:00+01:00,118.7677001953125,118.8499984741211,117.94999694824219,118.03500366210938,3699344
2025-02-04 18:20:00+01:00,118.05000305175781,118.47000122070312,118.0,118.38999938964844,2817855
2025-02-04 18:25:00+01:00,118.4000015258789,118.44000244140625,117.86000061035156,117.88999938964844,2190579
2025-02-04 18:30:00+01:00,117.88999938964844,118.19000244140625,117.85009765625,118.16480255126953,1766953
2025-02-04 18:35:00+01:00,118.16000366210938,118.69000244140625,118.16000366210938,118.54499816894531,2283547
2025-02-04 18:40:00+01:00,118.54000091552734,118.71990203857422,118.36000061035156,118.6500015258789,1385451
2025-02-04 18:45:00+01:00,118.6500015258789,118.6698989868164,118.25499725341797,118.30999755859375,1646593
2025-02-04 18:50:00+01:00,118.30500030517578,118.58000183105469,118.22000122070312,118.52010345458984,1262339
2025-02-04 18:55:00+01:00,118.52999877929688,118.86000061035156,118.3499984741211,118.83380126953125,1924172
2025-02-04 19:00:00+01:00,118.83999633789062,118.87999725341797,118.31999969482422,118.36000061035156,1578241
2025-02-04 19:05:00+01:00,118.36000061035156,118.5,118.18000030517578,118.48989868164062,1765451
2025-02-04 19:10:00+01:00,118.48989868164062,118.73999786376953,118.45999908447266,118.64910125732422,1308446
2025-02-04 19:15:00+01:00,118.6449966430664,118.76000213623047,118.58000183105469,118.69499969482422,1425736
2025-02-04 19:20:00+01:00,118.69989776611328,119.1863021850586,118.55999755859375,119.177001953125,1874249
2025-02-04 19:25:00+01:00,119.17500305175781,119.33000183105469,119.08999633789062,119.09010314941406,1863517
2025-02-04 19:30:00+01:00,119.08999633789062,119.33999633789062,119.0,119.2699966430664,1641863
2025-02-04 19:35:00+01:00,119.27999877929688,119.7300033569336,119.25,119.6698989868164,2170170
2025-02-04 19:40:00+01:00,119.66999816894531,119.81999969482422,119.27999877929688,119.3718032836914,1881931
2025-02-04 19:45:00+01:00,119.37519836425781,119.6500015258789,119.33000183105469,119.48860168457031,1358214
2025-02-04 19:50:00+01:00,119.48899841308594,119.68000030517578,119.33000183105469,119.38500213623047,1366615
2025-02-04 19:55:00+01:00,119.38819885253906,119.44000244140625,119.20999908447266,119.36990356445312,1271421
2025-02-04 20:00:00+01:00,119.36499786376953,119.44989776611328,119.25,119.43499755859375,1315409
2025-02-04 20:05:00+01:00,119.44000244140625,119.47000122070312,119.16000366210938,119.2708969116211,1322789
2025-02-04 20:10:00+01:00,119.2748031616211,119.37999725341797,119.0802001953125,119.19000244140625,1168289
2025-02-04 20:15:00+01:00,119.19000244140625,119.4000015258789,119.13999938964844,119.3949966430664,1054537
2025-02-04 20:20:00+01:00,119.4000015258789,119.52999877929688,119.0999984741211,119.13500213623047,1610866
2025-02-04 20:25:00+01:00,119.13639831542969,119.3550033569336,119.04000091552734,119.30999755859375,1596906
2025-02-04 20:30:00+01:00,119.30999755859375,119.43000030517578,119.23999786376953,119.31999969482422,1128498
2025-02-04 20:35:00+01:00,119.32990264892578,119.58999633789062,119.30999755859375,119.44560241699219,1588732
2025-02-04 20:40:00+01:00,119.44499969482422,119.5999984741211,119.0199966430664,119.14179992675781,1848343
2025-02-04 20:45:00+01:00,119.14209747314453,119.2699966430664,118.7300033569336,118.7699966430664,2193023
2025-02-04 20:50:00+01:00,118.7699966430664,118.87000274658203,118.56999969482422,118.73480224609375,2269034
2025-02-04 20:55:00+01:00,118.73500061035156,118.83999633789062,118.3499984741211,118.63500213623047,1839656
2025-02-04 21:00:00+01:00,118.63999938964844,118.79000091552734,118.52999877929688,118.65499877929688,1983300
2025-02-04 21:05:00+01:00,118.6572036743164,118.94000244140625,118.5999984741211,118.83999633789062,2183511
2025-02-04 21:10:00+01:00,118.8499984741211,118.87989807128906,118.66999816894531,118.7863998413086,1459095
2025-02-04 21:15:00+01:00,118.77999877929688,118.91000366210938,118.63999938964844,118.69000244140625,1295381
2025-02-04 21:20:00+01:00,118.68990325927734,118.77999877929688,118.47000122070312,118.73500061035156,1978127
2025-02-04 21:25:00+01:00,118.7300033569336,118.76519775390625,118.37000274658203,118.46499633789062,1896159
2025-02-04 21:30:00+01:00,118.46610260009766,118.58000183105469,118.33000183105469,118.54889678955078,1879579
2025-02-04 21:35:00+01:00,118.55000305175781,118.75520324707031,118.5,118.69000244140625,1953537
2025-02-04 21:40:00+01:00,118.68000030517578,118.95500183105469,118.66179656982422,118.84989929199219,2114054
2025-02-04 21:45:00+01:00,118.8416976928711,118.8499984741211,118.36000061035156,118.44999694824219,2462810
2025-02-04 21:50:00+01:00,118.44000244140625,118.56999969482422,118.08000183105469,118.48989868164062,3732186
2025-02-04 21:55:00+01:00,118.48999786376953,118.7300033569336,118.47000122070312,118.68000030517578,5581168
2025-02-05 15:30:00+01:00,121.75250244140625,122.66999816894531,121.2699966430664,122.14800262451172,31934921
2025-02-05 15:35:00+01:00,122.13919830322266,122.32099914550781,121.30999755859375,121.31500244140625,6250801
2025-02-05 15:40:00+01:00,121.31500244140625,122.36000061035156,120.76000213623047,122.06009674072266,7379039
2025-02-05 15:45:00+01:00,122.0999984741211,122.33000183105469,121.51000213623047,121.81999969482422,4285182
2025-02-05 15:50:00+01:00,121.81320190429688,122.30000305175781,121.6500015258789,121.78019714355469,4487402
2025-02-05 15:55:00+01:00,121.79000091552734,122.5999984741211,121.5999984741211,122.55000305175781,5759739
2025-02-05 16:00:00+01:00,122.5999984741211,123.0999984741211,122.23999786376953,122.70989990234375,8425773
2025-02-05 16:05:00+01:00,122.69999694824219,123.38999938964844,122.31999969482422,122.4800033569336,6696394
2025-02-05 16:10:00+01:00,122.4800033569336,122.73989868164062,121.94000244140625,122.62049865722656,4929815
2025-02-05 16:15:00+01:00,122.61000061035156,122.73819732666016,121.97000122070312,122.21189880371094,3112682
2025-02-05 16:20:00+01:00,122.21990203857422,122.45999908447266,121.77439880371094,122.04000091552734,3157312
2025-02-05 16:25:00+01:00,122.0530014038086,122.3499984741211,121.88999938964844,122.30999755859375,2462260
2025-02-05 16:30:00+01:00,122.31539916992188,122.52999877929688,122.02999877929688,122.50499725341797,2606002
2025-02-05 16:35:00+01:00,122.5,123.0999984741211,122.37999725341797,122.80000305175781,3622744
2025-02-05 16:40:00+01:00,122.79000091552734,123.08999633789062,122.6520004272461,122.92520141601562,2740667
2025-02-05 16:45:00+01:00,122.93499755859375,123.0,122.19999694824219,122.25789642333984,2692227
2025-02-05 16:50:00+01:00,122.25990295410156,122.73999786376953,122.25990295410156,122.66999816894531,2256264
2025-02-05 16:55:00+01:00,122.67500305175781,122.88999938964844,122.44000244140625,122.7300033569336,1958991
2025-02-05 17:00:00+01:00,122.72000122070312,123.45999908447266,122.57849884033203,123.04879760742188,3855307
2025-02-05 17:05:00+01:00,123.04000091552734,123.5,123.04000091552734,123.30940246582031,2782811
2025-02-05 17:10:00+01:00,123.31999969482422,123.44999694824219,123.16999816894531,123.4000015258789,1531429
2025-02-05 17:15:00+01:00,123.43000030517578,123.48999786376953,122.76000213623047,122.94000244140625,4294980
2025-02-05 17:20:00+01:00,122.91999816894531,123.08000183105469,122.69000244140625,122.8292007446289,1814331
2025-02-05 17:25:00+01:00,122.81999969482422,123.23999786376953,122.69999694824219,123.22599792480469,2419967
2025-02-05 17:30:00+01:00,123.22000122070312,123.4800033569336,123.05000305175781,123.4800033569336,1944628
2025-02-05 17:35:00+01:00,123.4800033569336,123.91000366210938,123.38500213623047,123.86309814453125,3689723
2025-02-05 17:40:00+01:00,123.8635025024414,124.33999633789062,123.75,124.2301025390625,4376499
2025-02-05 17:45:00+01:00,124.2300033569336,124.33999633789062,123.93000030517578,124.05000305175781,2840915
2025-02-05 17:50:00+01:00,124.05000305175781,124.30000305175781,124.01000213623047,124.1095962524414,2459956
2025-02-05 17:55:00+01:00,124.12000274658203,124.26000213623047,123.94999694824219,124.05000305175781,2104967
2025-02-05 18:00:00+01:00,124.05000305175781,124.43000030517578,124.01000213623047,124.30000305175781,2371874
2025-02-05 18:05:00+01:00,124.30500030517578,124.61499786376953,124.2300033569336,124.58000183105469,2765906
2025-02-05 18:10:00+01:00,124.58809661865234,124.63999938964844,124.20999908447266,124.2500991821289,2114279
2025-02-05 18:15:00+01:00,124.25039672851562,124.26000213623047,123.72000122070312,123.86109924316406,2504328
2025-02-05 18:20:00+01:00,123.86499786376953,124.17040252685547,123.61000061035156,124.07019805908203,2264155
2025-02-05 18:25:00+01:00,124.06999969482422,124.1500015258789,123.87999725341797,124.03500366210938,1532076
2025-02-05 18:30:00+01:00,124.04000091552734,124.04499816894531,123.69999694824219,123.87999725341797,1611163
2025-02-05 18:35:00+01:00,123.88700103759766,124.0,123.79000091552734,123.82499694824219,1233661
2025-02-05 18:40:00+01:00,123.82499694824219,124.01000213623047,123.79000091552734,123.95999908447266,1400614
2025-02-05 18:45:00+01:00,123.95999908447266,124.20999908447266,123.875,124.0199966430664,1595597
2025-02-05 18:50:00+01:00,124.0199966430664,124.12000274658203,123.4800033569336,123.8916015625,2279699
2025-02-05 18:55:00+01:00,123.8916015625,124.0,123.81999969482422,123.86499786376953,1702990
2025-02-05 19:00:00+01:00,123.87000274658203,123.98999786376953,123.80999755859375,123.95999908447266,1074257
2025-02-05 19:05:00+01:00,123.95999908447266,124.2300033569336,123.67500305175781,123.83480072021484,1770699
2025-02-05 19:10:00+01:00,123.83889770507812,123.83889770507812,123.55999755859375,123.7750015258789,1639663
2025-02-05 19:15:00+01:00,123.7698974609375,123.82990264892578,123.48999786376953,123.72000122070312,1357397
2025-02-05 19:20:00+01:00,123.73500061035156,123.73999786376953,123.37000274658203,123.4000015258789,1613630
2025-02-05 19:25:00+01:00,123.4000015258789,123.4000015258789,122.9000015258789,123.23989868164062,2473017
2025-02-05 19:30:00+01:00,123.2300033569336,123.37000274658203,122.8550033569336,123.06400299072266,1828444
2025-02-05 19:35:00+01:00,123.05999755859375,123.20500183105469,123.0,123.08499908447266,1412910
2025-02-05 19:40:00+01:00,123.07720184326172,123.18000030517578,122.66000366210938,122.74520111083984,1884767
2025-02-05 19:45:00+01:00,122.74500274658203,122.818603515625,122.5999984741211,122.706298828125,1644491
2025-02-05 19:50:00+01:00,122.70050048828125,122.70999908447266,122.33000183105469,122.64990234375,2374413
2025-02-05 19:55:00+01:00,122.6449966430664,123.12000274658203,122.58999633789062,123.11139678955078,2282443
2025-02-05 20:00:00+01:00,123.11000061035156,123.38999938964844,123.0999984741211,123.22699737548828,2119438
2025-02-05 20:05:00+01:00,123.2249984741211,123.49299621582031,123.05999755859375,123.37999725341797,1797329
2025-02-05 20:10:00+01:00,123.38999938964844,123.55000305175781,123.36000061035156,123.37840270996094,1689422
2025-02-05 20:15:00+01:00,123.37750244140625,123.44999694824219,123.22000122070312,123.3499984741211,1258051
2025-02-05 20:20:00+01:00,123.3550033569336,123.53500366210938,123.23999786376953,123.3499984741211,1089480
2025-02-05 20:25:00+01:00,123.34819793701172,123.37999725341797,123.19999694824219,123.32499694824219,992155
2025-02-05 20:30:00+01:00,123.33000183105469,123.55999755859375,123.19999694824219,123.44000244140625,1476629
2025-02-05 20:35:00+01:00,123.44000244140625,123.7300033569336,123.42009735107422,123.70469665527344,1386440
2025-02-05 20:40:00+01:00,123.70819854736328,123.88999938964844,123.65010070800781,123.67359924316406,1514921
2025-02-05 20:45:00+01:00,123.66000366210938,123.86499786376953,123.58999633789062,123.80999755859375,1409960
2025-02-05 20:50:00+01:00,123.81999969482422,123.8499984741211,123.61000061035156,123.83000183105469,1559407
2025-02-05 20:55:00+01:00,123.83000183105469,124.09449768066406,123.79010009765625,124.07499694824219,2137521
2025-02-05 21:00:00+01:00,124.08999633789062,124.17500305175781,123.83000183105469,123.98989868164062,2117370
2025-02-05 21:05:00+01:00,123.9811019897461,124.19830322265625,123.88999938964844,124.18190002441406,1711031
2025-02-05 21:10:00+01:00,124.18000030517578,124.24500274658203,123.95999908447266,124.04129791259766,1764904
2025-02-05 21:15:00+01:00,124.04499816894531,124.33999633789062,124.04000091552734,124.3218994140625,1848655
2025-02-05 21:20:00+01:00,124.32499694824219,124.47579956054688,124.26000213623047,124.33999633789062,1931670
2025-02-05 21:25:00+01:00,124.33999633789062,124.5,124.2301025390625,124.44000244140625,2105807
2025-02-05 21:30:00+01:00,124.43000030517578,124.44000244140625,123.91000366210938,124.0082015991211,2448614
2025-02-05 21:35:00+01:00,124.00520324707031,124.01499938964844,123.66000366210938,123.67169952392578,2287910
2025-02-05 21:40:00+01:00,123.6729965209961,123.81999969482422,123.54499816894531,123.73999786376953,2417326
2025-02-05 21:45:00+01:00,123.7300033569336,123.95999908447266,123.6156005859375,123.89189910888672,2501032
2025-02-05 21:50:00+01:00,123.88999938964844,124.19000244140625,123.80999755859375,124.12999725341797,3192872
2025-02-05 21:55:00+01:00,124.13500213623047,125.0,123.9000015258789,124.95500183105469,12119208
2025-02-06 15:30:00+01:00,127.41999816894531,127.5,126.2300033569336,126.2562026977539,24502626
2025-02-06 15:35:00+01:00,126.25,126.4800033569336,125.20999908447266,125.8550033569336,7780087
2025-02-06 15:40:00+01:00,125.86190032958984,126.0,125.2300033569336,125.66500091552734,4679595
2025-02-06 15:45:00+01:00,125.66999816894531,126.5,125.66999816894531,126.2750015258789,6096378
2025-02-06 15:50:00+01:00,126.27999877929688,127.0199966430664,125.95999908447266,126.7499008178711,4846489
2025-02-06 15:55:00+01:00,126.75,126.75499725341797,125.76000213623047,125.98269653320312,3776210
2025-02-06 16:00:00+01:00,125.99500274658203,126.37000274658203,125.55000305175781,126.12000274658203,3729812
2025-02-06 16:05:00+01:00,126.12989807128906,126.7300033569336,125.97010040283203,126.68499755859375,3404692
2025-02-06 16:10:00+01:00,126.68499755859375,126.95999908447266,126.53009796142578,126.78500366210938,3451763
2025-02-06 16:15:00+01:00,126.79000091552734,127.0999984741211,126.66000366210938,126.93470001220703,4353656
2025-02-06 16:20:00+01:00,126.93499755859375,126.99099731445312,126.19999694824219,126.29340362548828,3395769
2025-02-06 16:25:00+01:00,126.30280303955078,126.48999786376953,126.01000213623047,126.22160339355469,2689250
2025-02-06 16:30:00+01:00,126.2300033569336,126.79000091552734,126.08000183105469,126.70999908447266,3082459
2025-02-06 16:35:00+01:00,126.70999908447266,126.94010162353516,126.27999877929688,126.30000305175781,2740308
2025-02-06 16:40:00+01:00,126.30049896240234,126.9000015258789,126.27999877929688,126.4000015258789,2541814
2025-02-06 16:45:00+01:00,126.40499877929688,126.48500061035156,125.93000030517578,126.16999816894531,2836526
2025-02-06 16:50:00+01:00,126.16999816894531,126.4906005859375,126.0199966430664,126.46499633789062,1958951
2025-02-06 16:55:00+01:00,126.47000122070312,126.6500015258789,126.37000274658203,126.51000213623047,1600666
2025-02-06 17:00:00+01:00,126.51000213623047,126.70999908447266,126.36000061035156,126.40499877929688,1912175
2025-02-06 17:05:00+01:00,126.40499877929688,126.69999694824219,126.25499725341797,126.68009948730469,1402523
2025-02-06 17:10:00+01:00,126.86499786376953,127.0,126.77999877929688,126.94499969482422,3213989
2025-02-06 17:15:00+01:00,126.94300079345703,126.95999908447266,126.69000244140625,126.73999786376953,1701627
2025-02-06 17:20:00+01:00,126.73500061035156,126.94000244140625,126.5,126.80000305175781,1928148
2025-02-06 17:25:00+01:00,126.79499816894531,126.86499786376953,126.68000030517578,126.86000061035156,1148695
2025-02-06 17:30:00+01:00,126.86000061035156,126.89779663085938,126.5999984741211,126.79969787597656,1569221
2025-02-06 17:35:00+01:00,126.80000305175781,127.18000030517578,126.76010131835938,127.18000030517578,3399748
2025-02-06 17:40:00+01:00,127.17500305175781,127.3499984741211,126.94999694824219,127.11869812011719,2886078
2025-02-06 17:45:00+01:00,127.11499786376953,127.47000122070312,126.87000274658203,127.46479797363281,2755174
2025-02-06 17:50:00+01:00,127.45999908447266,128.0399932861328,127.41999816894531,127.94760131835938,6345893
2025-02-06 17:55:00+01:00,127.94499969482422,128.24000549316406,127.66999816894531,127.80500030517578,4724441
2025-02-06 18:00:00+01:00,127.80999755859375,127.87999725341797,127.22000122070312,127.55979919433594,3948700
2025-02-06 18:05:00+01:00,127.55000305175781,127.7300033569336,127.33000183105469,127.45999908447266,2251342
2025-02-06 18:10:00+01:00,127.43000030517578,127.47010040283203,127.26000213623047,127.3488998413086,1592746
2025-02-06 18:15:00+01:00,127.34500122070312,127.80999755859375,127.30000305175781,127.6500015258789,2126945
2025-02-06 18:20:00+01:00,127.66000366210938,128.08999633789062,127.66000366210938,128.0850067138672,2538910
2025-02-06 18:25:00+01:00,128.08999633789062,128.08999633789062,127.69999694824219,127.73529815673828,2542583
2025-02-06 18:30:00+01:00,127.75,127.87000274658203,127.5,127.83999633789062,2085773
2025-02-06 18:35:00+01:00,127.83499908447266,127.93000030517578,127.51499938964844,127.59010314941406,1760249
2025-02-06 18:40:00+01:00,127.5999984741211,127.77989959716797,127.4800033569336,127.53559875488281,1646248
2025-02-06 18:45:00+01:00,127.52999877929688,127.80999755859375,127.4000015258789,127.79519653320312,1637250
2025-02-06 18:50:00+01:00,127.79000091552734,127.87999725341797,127.76000213623047,127.79499816894531,1393684
2025-02-06 18:55:00+01:00,127.79000091552734,127.98999786376953,127.63999938964844,127.78500366210938,1898905
2025-02-06 19:00:00+01:00,127.78500366210938,127.98999786376953,127.73999786376953,127.94999694824219,1196169
2025-02-06 19:05:00+01:00,127.9583969116211,127.98999786376953,127.80999755859375,127.87999725341797,1520504
2025-02-06 19:10:00+01:00,127.88909912109375,127.91999816894531,127.68000030517578,127.84010314941406,1494679
2025-02-06 19:15:00+01:00,127.84549713134766,128.00999450683594,127.82009887695312,127.93990325927734,1970026
2025-02-06 19:20:00+01:00,127.93879699707031,128.32000732421875,127.85890197753906,128.28500366210938,2466878
2025-02-06 19:25:00+01:00,128.2899932861328,128.32000732421875,127.92559814453125,128.11000061035156,2239272
2025-02-06 19:30:00+01:00,128.10499572753906,128.29800415039062,128.0800018310547,128.19009399414062,1567327
2025-02-06 19:35:00+01:00,128.19500732421875,128.22999572753906,127.93499755859375,128.08700561523438,1530228
2025-02-06 19:40:00+01:00,128.08999633789062,128.27999877929688,127.87000274658203,128.22500610351562,1677627
2025-02-06 19:45:00+01:00,128.22000122070312,128.3300018310547,128.0500030517578,128.3000030517578,1554563
2025-02-06 19:50:00+01:00,128.2899932861328,128.39999389648438,128.22000122070312,128.36500549316406,1930847
2025-02-06 19:55:00+01:00,128.3699951171875,128.39999389648438,128.25999450683594,128.27999877929688,1673559
2025-02-06 20:00:00+01:00,128.27499389648438,128.3300018310547,128.1300048828125,128.1959991455078,1328338
2025-02-06 20:05:00+01:00,128.19000244140625,128.3699951171875,128.1699981689453,128.3184051513672,1322455
2025-02-06 20:10:00+01:00,128.31500244140625,128.44000244140625,128.21009826660156,128.23500061035156,1515148
2025-02-06 20:15:00+01:00,128.23190307617188,128.26499938964844,128.0,128.10499572753906,1876478
2025-02-06 20:20:00+01:00,128.10169982910156,128.13999938964844,127.8949966430664,128.0756072998047,1631224
2025-02-06 20:25:00+01:00,128.0749969482422,128.0800018310547,127.4800033569336,127.6948013305664,2497683
2025-02-06 20:30:00+01:00,127.69999694824219,127.72000122070312,126.66999816894531,126.97989654541016,4442268
2025-02-06 20:35:00+01:00,126.97000122070312,127.4800033569336,126.88999938964844,127.41000366210938,2858693
2025-02-06 20:40:00+01:00,127.40989685058594,127.43000030517578,126.97000122070312,127.13500213623047,2672684
2025-02-06 20:45:00+01:00,127.13500213623047,127.493896484375,127.0,127.44989776611328,1967613
2025-02-06 20:50:00+01:00,127.4448013305664,127.58999633789062,127.37000274658203,127.50900268554688,1809518
2025-02-06 20:55:00+01:00,127.51000213623047,127.68000030517578,127.43000030517578,127.63089752197266,1843816
2025-02-06 21:00:00+01:00,127.63500213623047,127.7699966430664,127.4000015258789,127.4613037109375,1801219
2025-02-06 21:05:00+01:00,127.46499633789062,127.7300033569336,127.36009979248047,127.72000122070312,1403646
2025-02-06 21:10:00+01:00,127.71499633789062,127.9000015258789,127.63500213623047,127.84559631347656,1506770
2025-02-06 21:15:00+01:00,127.83560180664062,128.1999053955078,127.80999755859375,128.17999267578125,2095125
2025-02-06 21:20:00+01:00,128.1750030517578,128.25,128.0301055908203,128.03500366210938,2032245
2025-02-06 21:25:00+01:00,128.02999877929688,128.2100067138672,124.83000183105469,128.125,1489977
2025-02-06 21:30:00+01:00,128.1300048828125,128.36500549316406,128.125,128.3300018310547,2085703
2025-02-06 21:35:00+01:00,128.3249969482422,128.34500122070312,128.13999938964844,128.2550048828125,1640439
2025-02-06 21:40:00+01:00,128.2550048828125,128.29010009765625,127.92500305175781,128.19500732421875,2106553
2025-02-06 21:45:00+01:00,128.19000244140625,128.2899932861328,128.0500030517578,128.2299041748047,2179230
2025-02-06 21:50:00+01:00,128.22999572753906,128.66000366210938,128.0399932861328,128.6300048828125,4528705
2025-02-06 21:55:00+01:00,128.6300048828125,128.75,128.47999572753906,128.68499755859375,6790533
2025-02-07 15:30:00+01:00,129.16000366210938,130.22000122070312,128.8000030517578,129.85040283203125,23846792
2025-02-07 15:35:00+01:00,129.8466033935547,130.33639526367188,129.4199981689453,129.9425048828125,6856673
2025-02-07 15:40:00+01:00,129.9199981689453,130.2100067138672,129.6199951171875,129.86000061035156,5066734
2025-02-07 15:45:00+01:00,129.86000061035156,130.1199951171875,129.50999450683594,130.02999877929688,4274423
2025-02-07 15:50:00+01:00,130.03900146484375,130.3699951171875,129.8800048828125,130.09500122070312,4366867
2025-02-07 15:55:00+01:00,130.09500122070312,130.1199951171875,129.52000427246094,129.64999389648438,4224717
2025-02-07 16:00:00+01:00,129.66000366210938,129.6999969482422,128.91000366210938,129.25999450683594,6187409
2025-02-07 16:05:00+01:00,129.27999877929688,129.82000732421875,129.05999755859375,129.21890258789062,4753331
2025-02-07 16:10:00+01:00,129.22000122070312,129.38999938964844,127.83999633789062,128.27999877929688,7164595
2025-02-07 16:15:00+01:00,128.2899932861328,128.85000610351562,127.80000305175781,128.72000122070312,4461128
2025-02-07 16:20:00+01:00,128.7100067138672,129.1300048828125,128.42999267578125,129.0675048828125,3541148
2025-02-07 16:25:00+01:00,129.0800018310547,129.4499053955078,128.91990661621094,129.11000061035156,2857065
2025-02-07 16:30:00+01:00,129.10000610351562,129.47970581054688,128.92100524902344,129.25999450683594,2863347
2025-02-07 16:35:00+01:00,129.2550048828125,129.8000030517578,129.07229614257812,129.5399932861328,3335582
2025-02-07 16:40:00+01:00,129.5500030517578,129.74000549316406,129.22000122070312,129.39500427246094,2394380
2025-02-07 16:45:00+01:00,129.39500427246094,129.69000244140625,129.1199951171875,129.61500549316406,2253732
2025-02-07 16:50:00+01:00,129.6199951171875,129.89999389648438,128.25,128.6199951171875,4603902
2025-02-07 16:55:00+01:00,128.61439514160156,129.4199981689453,128.4550018310547,129.3800048828125,3369405
2025-02-07 17:00:00+01:00,129.3800048828125,129.42999267578125,128.4600067138672,128.72000122070312,2594039
2025-02-07 17:05:00+01:00,128.7100067138672,129.18040466308594,128.22999572753906,129.16000366210938,2759694
2025-02-07 17:10:00+01:00,129.16000366210938,129.1649932861328,128.62010192871094,128.68499755859375,1872611
2025-02-07 17:15:00+01:00,128.6999969482422,129.5,128.52999877929688,129.17999267578125,2620017
2025-02-07 17:20:00+01:00,129.19500732421875,129.49000549316406,128.85000610351562,129.11000061035156,2326314
2025-02-07 17:25:00+01:00,129.10000610351562,129.25900268554688,128.66940307617188,128.6999969482422,1941564
2025-02-07 17:30:00+01:00,128.6999969482422,129.05960083007812,128.58999633789062,128.9499969482422,2140601
2025-02-07 17:35:00+01:00,128.94000244140625,128.99000549316406,128.42019653320312,128.52499389648438,1978058
2025-02-07 17:40:00+01:00,128.52000427246094,128.91700744628906,128.42999267578125,128.69000244140625,1727693
2025-02-07 17:45:00+01:00,128.69000244140625,128.7100067138672,127.98999786376953,128.0800018310547,3168894
2025-02-07 17:50:00+01:00,128.05999755859375,128.22000122070312,127.5999984741211,128.13999938964844,3568629
2025-02-07 17:55:00+01:00,128.14999389648438,128.6300048828125,128.0,128.25,2639407
2025-02-07 18:00:00+01:00,128.24000549316406,128.24000549316406,127.94999694824219,127.96299743652344,1678259
2025-02-07 18:05:00+01:00,127.96499633789062,128.63999938964844,127.62999725341797,128.5,3077177
2025-02-07 18:10:00+01:00,128.5,128.83990478515625,128.22000122070312,128.78500366210938,1687697
2025-02-07 18:15:00+01:00,128.78500366210938,128.78500366210938,127.70999908447266,128.01010131835938,2527820
2025-02-07 18:20:00+01:00,128.00999450683594,128.42999267578125,127.80999755859375,127.98500061035156,2176116
2025-02-07 18:25:00+01:00,127.9800033569336,128.35000610351562,127.89959716796875,128.23500061035156,1386713
2025-02-07 18:30:00+01:00,128.22999572753906,128.44000244140625,128.05999755859375,128.14039611816406,1294209
2025-02-07 18:35:00+01:00,128.13999938964844,128.64999389648438,128.02000427246094,128.61700439453125,1361447
2025-02-07 18:40:00+01:00,128.61500549316406,128.6699981689453,128.41000366210938,128.58999633789062,1362537
2025-02-07 18:45:00+01:00,128.5847930908203,128.9499969482422,128.5200958251953,128.85009765625,1503822
2025-02-07 18:50:00+01:00,128.85499572753906,128.91000366210938,128.47500610351562,128.83920288085938,1460247
2025-02-07 18:55:00+01:00,128.83999633789062,128.99000549316406,128.75,128.90499877929688,1373100
2025-02-07 19:00:00+01:00,128.90499877929688,129.39999389648438,128.7100067138672,129.32090759277344,2303948
2025-02-07 19:05:00+01:00,129.3300018310547,129.64999389648438,129.32000732421875,129.5175018310547,2024160
2025-02-07 19:10:00+01:00,129.50999450683594,129.55990600585938,129.1649932861328,129.37820434570312,1723714
2025-02-07 19:15:00+01:00,129.3748016357422,129.48989868164062,129.1999969482422,129.40989685058594,1235480
2025-02-07 19:20:00+01:00,129.39999389648438,129.4499969482422,129.1999969482422,129.32000732421875,1165150
2025-02-07 19:25:00+01:00,129.3350067138672,129.35499572753906,129.16000366210938,129.2550048828125,846073
2025-02-07 19:30:00+01:00,129.25990295410156,129.42999267578125,129.1699981689453,129.2301025390625,1204122
2025-02-07 19:35:00+01:00,129.23480224609375,129.27999877929688,129.07000732421875,129.20989990234375,942589
2025-02-07 19:40:00+01:00,129.20480346679688,129.22999572753906,128.5800018310547,128.77999877929688,1887359
2025-02-07 19:45:00+01:00,128.78500366210938,128.80999755859375,128.3000030517578,128.35000610351562,1910247
2025-02-07 19:50:00+01:00,128.35499572753906,128.52999877929688,128.30670166015625,128.50999450683594,1369555
2025-02-07 19:55:00+01:00,128.52000427246094,128.58999633789062,128.3300018310547,128.38999938964844,1347640
2025-02-07 20:00:00+01:00,128.38929748535156,128.5500030517578,128.25,128.44500732421875,1199984
2025-02-07 20:05:00+01:00,128.44000244140625,128.49000549316406,128.24000549316406,128.35000610351562,1090585
2025-02-07 20:10:00+01:00,128.33999633789062,128.39500427246094,127.90879821777344,128.04010009765625,1826481
2025-02-07 20:15:00+01:00,128.05149841308594,128.27999877929688,128.02000427246094,128.1898956298828,1492665
2025-02-07 20:20:00+01:00,128.17999267578125,128.4199981689453,128.0500030517578,128.39669799804688,1414731
2025-02-07 20:25:00+01:00,128.39999389648438,128.49000549316406,128.1199951171875,128.1300048828125,989498
2025-02-07 20:30:00+01:00,128.13999938964844,128.3300018310547,127.97000122070312,128.32899475097656,1376022
2025-02-07 20:35:00+01:00,128.32009887695312,128.5399932861328,128.14999389648438,128.5074005126953,1188143
2025-02-07 20:40:00+01:00,128.5050048828125,128.5948028564453,128.27999877929688,128.50999450683594,1358738
2025-02-07 20:45:00+01:00,128.50999450683594,128.63999938964844,128.3300018310547,128.60519409179688,1169212
2025-02-07 20:50:00+01:00,128.60499572753906,128.74000549316406,128.55999755859375,128.6300048828125,1205700
2025-02-07 20:55:00+01:00,128.6300048828125,128.72000122070312,128.5301055908203,128.639892578125,980979
2025-02-07 21:00:00+01:00,128.6300048828125,128.63499450683594,128.19000244140625,128.39999389648438,1534085
2025-02-07 21:05:00+01:00,128.39999389648438,128.66000366210938,128.36000061035156,128.43499755859375,1323562
2025-02-07 21:10:00+01:00,128.44000244140625,128.5,128.2899932861328,128.44500732421875,1237608
2025-02-07 21:15:00+01:00,128.44500732421875,128.77000427246094,128.33999633789062,128.7147979736328,1636650
2025-02-07 21:20:00+01:00,128.7198028564453,128.89999389648438,128.6699981689453,128.82000732421875,1450876
2025-02-07 21:25:00+01:00,128.82110595703125,129.08990478515625,128.6699981689453,128.94850158691406,1993982
2025-02-07 21:30:00+01:00,128.94500732421875,129.1300048828125,128.82000732421875,129.0684051513672,1958443
2025-02-07 21:35:00+01:00,129.06500244140625,129.1999969482422,128.9199981689453,129.08529663085938,2037650
2025-02-07 21:40:00+01:00,129.07009887695312,129.50929260253906,129.04159545898438,129.4149932861328,3115857
2025-02-07 21:45:00+01:00,129.41360473632812,129.49000549316406,129.27999877929688,129.3800048828125,2190752
2025-02-07 21:50:00+01:00,129.38499450683594,129.85000610351562,129.38499450683594,129.69500732421875,4756278
2025-02-07 21:55:00+01:00,129.69500732421875,130.0,129.60000610351562,129.86000061035156,7937052
2025-02-10 15:30:00+01:00,130.0500030517578,131.90960693359375,129.97000122070312,131.83999633789062,20842696
2025-02-10 15:35:00+01:00,131.8300018310547,134.0,131.8300018310547,133.74000549316406,12102069
2025-02-10 15:40:00+01:00,133.7449951171875,133.80990600585938,132.69000244140625,133.4499969482422,7406436
2025-02-10 15:45:00+01:00,133.4300994873047,134.49000549316406,133.16000366210938,134.02499389648438,8172138
2025-02-10 15:50:00+01:00,134.02999877929688,134.3699951171875,133.5709991455078,134.09500122070312,5670743
2025-02-10 15:55:00+01:00,134.1147003173828,134.2899932861328,133.5500030517578,133.9199981689453,3521857
2025-02-10 16:00:00+01:00,133.94000244140625,134.26499938964844,133.50999450683594,133.73890686035156,3671680
2025-02-10 16:05:00+01:00,133.74000549316406,134.2899932861328,133.6199951171875,134.16000366210938,3329711
2025-02-10 16:10:00+01:00,134.1636962890625,134.49000549316406,133.9510955810547,134.32400512695312,3518308
2025-02-10 16:15:00+01:00,134.32989501953125,134.5800018310547,133.92010498046875,134.5500030517578,3151602
2025-02-10 16:20:00+01:00,134.5500030517578,134.78500366210938,134.32000732421875,134.50010681152344,3398543
2025-02-10 16:25:00+01:00,134.5,134.69500732421875,134.24000549316406,134.41000366210938,2942953
2025-02-10 16:30:00+01:00,134.42999267578125,134.7899932861328,134.30999755859375,134.5800018310547,2778413
2025-02-10 16:35:00+01:00,134.58949279785156,134.7899932861328,134.2449951171875,134.6699981689453,2854896
2025-02-10 16:40:00+01:00,134.6699981689453,134.83999633789062,134.30999755859375,134.39999389648438,2719108
2025-02-10 16:45:00+01:00,134.39999389648438,134.6300048828125,134.13999938964844,134.54409790039062,2742587
2025-02-10 16:50:00+01:00,134.5399932861328,134.5500030517578,133.83999633789062,133.88499450683594,2674595
2025-02-10 16:55:00+01:00,133.8800048828125,134.25999450683594,133.8278045654297,133.97500610351562,2276502
2025-02-10 17:00:00+01:00,133.97000122070312,134.1999969482422,133.89999389648438,134.10850524902344,1774254
2025-02-10 17:05:00+01:00,134.10879516601562,134.10879516601562,133.8300018310547,134.00990295410156,1865572
2025-02-10 17:10:00+01:00,134.00999450683594,134.22999572753906,133.97000122070312,134.10000610351562,1697337
2025-02-10 17:15:00+01:00,134.08999633789062,134.08999633789062,133.7899932861328,133.85830688476562,1974021
2025-02-10 17:20:00+01:00,133.86000061035156,133.94000244140625,133.64999389648438,133.89979553222656,1939113
2025-02-10 17:25:00+01:00,133.89500427246094,133.9199981689453,133.4499969482422,133.47500610351562,2225524
2025-02-10 17:30:00+01:00,133.50030517578125,133.91799926757812,133.49000549316406,133.75,2091575
2025-02-10 17:35:00+01:00,133.75999450683594,133.83099365234375,133.55149841308594,133.69000244140625,1217711
2025-02-10 17:40:00+01:00,133.6999969482422,133.6999969482422,133.27000427246094,133.38999938964844,1781744
2025-02-10 17:45:00+01:00,133.38999938964844,133.48989868164062,132.99000549316406,133.19000244140625,2620585
2025-02-10 17:50:00+01:00,133.1811981201172,133.1898956298828,132.99000549316406,133.02999877929688,1797866
2025-02-10 17:55:00+01:00,133.02499389648438,133.55999755859375,133.00999450683594,133.49989318847656,1988724
2025-02-10 18:00:00+01:00,133.5,133.72000122070312,133.4600067138672,133.49009704589844,1630424
2025-02-10 18:05:00+01:00,133.49560546875,133.57989501953125,133.33999633789062,133.50999450683594,1051094
2025-02-10 18:10:00+01:00,133.50999450683594,133.55540466308594,133.27000427246094,133.42999267578125,1453856
2025-02-10 18:15:00+01:00,133.42999267578125,133.61000061035156,133.3699951171875,133.5449981689453,1030780
2025-02-10 18:20:00+01:00,133.5446014404297,133.97999572753906,133.50999450683594,133.9550018310547,1440974
2025-02-10 18:25:00+01:00,133.95010375976562,134.1999969482422,133.91439819335938,134.0290069580078,2222592
2025-02-10 18:30:00+01:00,134.0260009765625,134.24000549316406,133.99000549316406,134.21189880371094,1309649
2025-02-10 18:35:00+01:00,134.2111053466797,134.2899932861328,134.11000061035156,134.14500427246094,1317374
2025-02-10 18:40:00+01:00,134.1446075439453,134.32000732421875,134.10009765625,134.3000030517578,1261934
2025-02-10 18:45:00+01:00,134.3000030517578,134.33999633789062,134.1208038330078,134.33090209960938,1239799
2025-02-10 18:50:00+01:00,134.33999633789062,134.4884033203125,134.30999755859375,134.481201171875,1153725
2025-02-10 18:55:00+01:00,134.48989868164062,134.49000549316406,134.3000030517578,134.3249969482422,1058010
2025-02-10 19:00:00+01:00,134.32000732421875,134.38999938964844,134.25,134.26499938964844,1005053
2025-02-10 19:05:00+01:00,134.26499938964844,134.3249969482422,134.1199951171875,134.25,1164151
2025-02-10 19:10:00+01:00,134.25070190429688,134.33999633789062,134.1750030517578,134.3195037841797,824507
2025-02-10 19:15:00+01:00,134.31500244140625,134.4600067138672,134.13999938964844,134.31300354003906,1286664
2025-02-10 19:20:00+01:00,134.31500244140625,134.4499969482422,134.27999877929688,134.35499572753906,796821
2025-02-10 19:25:00+01:00,134.35879516601562,134.42999267578125,134.23500061035156,134.3300018310547,806399
2025-02-10 19:30:00+01:00,134.3300018310547,134.6699981689453,134.27999877929688,134.51539611816406,2197152
2025-02-10 19:35:00+01:00,134.50999450683594,134.69000244140625,134.33999633789062,134.38560485839844,1500448
2025-02-10 19:40:00+01:00,134.38499450683594,134.44000244140625,134.25100708007812,134.41639709472656,1062657
2025-02-10 19:45:00+01:00,134.41209411621094,134.44000244140625,134.17010498046875,134.23440551757812,1140679
2025-02-10 19:50:00+01:00,134.2303009033203,134.4199981689453,134.11000061035156,134.37840270996094,1163329
2025-02-10 19:55:00+01:00,134.37399291992188,134.37989807128906,134.22500610351562,134.35499572753906,777159
2025-02-10 20:00:00+01:00,134.35499572753906,134.4499969482422,134.1300048828125,134.42999267578125,1158241
2025-02-10 20:05:00+01:00,134.43499755859375,134.5399932861328,134.33999633789062,134.34500122070312,1384904
2025-02-10 20:10:00+01:00,134.34500122070312,134.64990234375,134.25,134.5198974609375,1482623
2025-02-10 20:15:00+01:00,134.514404296875,134.58999633789062,134.37010192871094,134.38499450683594,1032296
2025-02-10 20:20:00+01:00,134.38499450683594,134.64999389648438,134.3800048828125,134.52459716796875,1299590
2025-02-10 20:25:00+01:00,134.52499389648438,134.55999755859375,134.35000610351562,134.51499938964844,972700
2025-02-10 20:30:00+01:00,134.51210021972656,134.53500366210938,134.4199981689453,134.4813995361328,792662
2025-02-10 20:35:00+01:00,134.48500061035156,134.58999633789062,134.47000122070312,134.49839782714844,871412
2025-02-10 20:40:00+01:00,134.4918975830078,134.4954071044922,134.3311004638672,134.40460205078125,880515
2025-02-10 20:45:00+01:00,134.40499877929688,134.40499877929688,134.22000122070312,134.30999755859375,1355885
2025-02-10 20:50:00+01:00,134.31809997558594,134.50999450683594,134.26010131835938,134.5050048828125,1065110
2025-02-10 20:55:00+01:00,134.5050048828125,134.60000610351562,134.3699951171875,134.41160583496094,1380619
2025-02-10 21:00:00+01:00,134.41000366210938,134.5,134.27999877929688,134.48399353027344,1317057
2025-02-10 21:05:00+01:00,134.4844970703125,134.75999450683594,134.46749877929688,134.75990295410156,1575161
2025-02-10 21:10:00+01:00,134.75160217285156,135.0,134.6999969482422,134.97500610351562,3224475
2025-02-10 21:15:00+01:00,134.97500610351562,134.99000549316406,134.67999267578125,134.7449951171875,2206691
2025-02-10 21:20:00+01:00,134.7449951171875,134.83999633789062,134.52999877929688,134.69000244140625,2828577
2025-02-10 21:25:00+01:00,134.69000244140625,134.7050018310547,134.39999389648438,134.51930236816406,2398521
2025-02-10 21:30:00+01:00,134.50999450683594,134.6699981689453,134.27999877929688,134.5850067138672,2101225
2025-02-10 21:35:00+01:00,134.58990478515625,134.58999633789062,134.14999389648438,134.2050018310547,1801954
2025-02-10 21:40:00+01:00,134.1999969482422,134.41000366210938,134.11000061035156,134.23989868164062,2012024
2025-02-10 21:45:00+01:00,134.23500061035156,134.2449951171875,133.8000030517578,133.95989990234375,2732557
2025-02-10 21:50:00+01:00,133.9499969482422,134.2899932861328,133.74000549316406,134.19439697265625,3054694
2025-02-10 21:55:00+01:00,134.19500732421875,134.19500732421875,133.38999938964844,133.50999450683594,5736716
2025-02-11 15:30:00+01:00,132.3699951171875,133.25999450683594,132.00999450683594,133.1199951171875,14991909
2025-02-11 15:35:00+01:00,133.11000061035156,134.1300048828125,132.7602996826172,133.9949951171875,6227537
2025-02-11 15:40:00+01:00,133.9949951171875,134.2899932861328,133.5800018310547,133.92999267578125,4035508
2025-02-11 15:45:00+01:00,133.94000244140625,134.27000427246094,133.82000732421875,133.8300018310547,3002926
2025-02-11 15:50:00+01:00,133.8300018310547,134.24000549316406,133.68499755859375,133.9949951171875,2885057
2025-02-11 15:55:00+01:00,133.99000549316406,134.47999572753906,133.27000427246094,133.44500732421875,4180170
2025-02-11 16:00:00+01:00,133.44000244140625,133.82000732421875,133.1199951171875,133.19000244140625,4107507
2025-02-11 16:05:00+01:00,133.19000244140625,133.52999877929688,132.91000366210938,133.52499389648438,3644386
2025-02-11 16:10:00+01:00,133.52000427246094,133.85000610351562,133.30999755859375,133.7899932861328,2398039
2025-02-11 16:15:00+01:00,133.77499389648438,133.89999389648438,133.32000732421875,133.3300018310547,2270662
2025-02-11 16:20:00+01:00,133.33169555664062,133.6300048828125,133.14999389648438,133.49119567871094,2135037
2025-02-11 16:25:00+01:00,133.4949951171875,134.02999877929688,133.44500732421875,133.94500732421875,2798914
2025-02-11 16:30:00+01:00,133.94000244140625,134.02999877929688,133.75450134277344,133.9600067138672,1905663
2025-02-11 16:35:00+01:00,133.9499969482422,134.02999877929688,133.6999969482422,133.92630004882812,1559467
2025-02-11 16:40:00+01:00,133.92100524902344,134.0,133.67999267578125,133.97000122070312,1386684
2025-02-11 16:45:00+01:00,133.97500610351562,134.07000732421875,133.73500061035156,133.98500061035156,1725531
2025-02-11 16:50:00+01:00,133.97999572753906,134.22000122070312,133.82000732421875,134.09500122070312,1685517
2025-02-11 16:55:00+01:00,134.09500122070312,134.19000244140625,133.72000122070312,133.8300018310547,1812169
2025-02-11 17:00:00+01:00,133.83999633789062,134.0500030517578,133.72999572753906,133.80499267578125,1263469
2025-02-11 17:05:00+01:00,133.8000030517578,134.0,133.76499938964844,133.91000366210938,1351288
2025-02-11 17:10:00+01:00,133.9199981689453,134.0399932861328,133.82000732421875,133.86099243164062,884767
2025-02-11 17:15:00+01:00,133.86500549316406,134.0,133.64999389648438,133.98440551757812,1586805
2025-02-11 17:20:00+01:00,133.98890686035156,134.3800048828125,133.97000122070312,134.24989318847656,2101878
2025-02-11 17:25:00+01:00,134.2449951171875,134.3000030517578,133.9199981689453,133.9698944091797,1396389
2025-02-11 17:30:00+01:00,133.97000122070312,134.0500030517578,133.7899932861328,133.88800048828125,1642148
2025-02-11 17:35:00+01:00,133.89999389648438,134.08999633789062,133.8179931640625,133.88499450683594,1255066
2025-02-11 17:40:00+01:00,133.89999389648438,133.9499969482422,133.72000122070312,133.84890747070312,1121564
2025-02-11 17:45:00+01:00,133.86000061035156,133.99000549316406,133.6750030517578,133.70449829101562,1132344
2025-02-11 17:50:00+01:00,133.70230102539062,133.72000122070312,133.42990112304688,133.4801025390625,1617073
2025-02-11 17:55:00+01:00,133.47999572753906,133.48500061035156,132.77020263671875,132.85000610351562,3090080
2025-02-11 18:00:00+01:00,132.85499572753906,132.86000061035156,131.60000610351562,131.96640014648438,4937995
2025-02-11 18:05:00+01:00,131.96499633789062,132.0500030517578,131.02000427246094,131.40460205078125,4428940
2025-02-11 18:10:00+01:00,131.40499877929688,132.0500030517578,131.39999389648438,131.8946075439453,3153070
2025-02-11 18:15:00+01:00,131.88999938964844,132.47999572753906,131.55999755859375,132.4149932861328,3155295
2025-02-11 18:20:00+01:00,132.4149932861328,132.72000122070312,132.22999572753906,132.63999938964844,2517161
2025-02-11 18:25:00+01:00,132.63499450683594,132.8000030517578,132.5500030517578,132.7100067138672,2046405
2025-02-11 18:30:00+01:00,132.72000122070312,132.74000549316406,132.35000610351562,132.54539489746094,1720602
2025-02-11 18:35:00+01:00,132.5399932861328,132.5399932861328,132.3300018310547,132.49459838867188,1421807
2025-02-11 18:40:00+01:00,132.49240112304688,132.5,132.0500030517578,132.0543975830078,1407591
2025-02-11 18:45:00+01:00,132.05999755859375,132.35000610351562,131.91000366210938,132.3249969482422,1832369
2025-02-11 18:50:00+01:00,132.33999633789062,132.38999938964844,132.1300048828125,132.23500061035156,979889
2025-02-11 18:55:00+01:00,132.23460388183594,132.47999572753906,132.19009399414062,132.41000366210938,949652
2025-02-11 19:00:00+01:00,132.41000366210938,132.4499969482422,132.17999267578125,132.3800048828125,1007182
2025-02-11 19:05:00+01:00,132.3800048828125,132.41000366210938,132.08999633789062,132.29110717773438,922112
2025-02-11 19:10:00+01:00,132.3000030517578,132.33999633789062,132.00999450683594,132.1750030517578,896312
2025-02-11 19:15:00+01:00,132.1750030517578,132.50999450683594,132.13999938964844,132.5081024169922,1341958
2025-02-11 19:20:00+01:00,132.50999450683594,132.6199951171875,132.44200134277344,132.52000427246094,902541
2025-02-11 19:25:00+01:00,132.52000427246094,132.8699951171875,132.51499938964844,132.83230590820312,1197485
2025-02-11 19:30:00+01:00,132.83999633789062,133.3699951171875,132.80999755859375,133.34500122070312,2028361
2025-02-11 19:35:00+01:00,133.36000061035156,133.85000610351562,133.2949981689453,133.70899963378906,2588182
2025-02-11 19:40:00+01:00,133.6999969482422,133.8800048828125,133.5500030517578,133.86990356445312,1929543
2025-02-11 19:45:00+01:00,133.86000061035156,133.89999389648438,133.42999267578125,133.55499267578125,1761898
2025-02-11 19:50:00+01:00,133.55859375,133.61000061035156,133.3699951171875,133.47000122070312,1273467
2025-02-11 19:55:00+01:00,133.46499633789062,133.49989318847656,133.2801971435547,133.3188934326172,927487
2025-02-11 20:00:00+01:00,133.318603515625,133.57000732421875,133.24000549316406,133.54989624023438,1128796
2025-02-11 20:05:00+01:00,133.5449981689453,133.66000366210938,133.4199981689453,133.5050048828125,1303345
2025-02-11 20:10:00+01:00,133.50840759277344,133.50869750976562,133.17999267578125,133.2113037109375,1250312
2025-02-11 20:15:00+01:00,133.2100067138672,133.39999389648438,133.1699981689453,133.34500122070312,1068045
2025-02-11 20:20:00+01:00,133.34500122070312,133.41000366210938,133.1300048828125,133.19979858398438,922186
2025-02-11 20:25:00+01:00,133.19000244140625,133.22000122070312,132.91009521484375,133.03500366210938,1110973
2025-02-11 20:30:00+01:00,133.02999877929688,133.22000122070312,132.97999572753906,133.09500122070312,1121393
2025-02-11 20:35:00+01:00,133.10000610351562,133.3800048828125,132.99000549316406,133.3665008544922,1229039
2025-02-11 20:40:00+01:00,133.36500549316406,133.61000061035156,133.36000061035156,133.5,1561798
2025-02-11 20:45:00+01:00,133.5,133.61000061035156,133.49009704589844,133.52000427246094,983082
2025-02-11 20:50:00+01:00,133.51499938964844,133.69000244140625,133.49000549316406,133.61500549316406,1093845
2025-02-11 20:55:00+01:00,133.6197967529297,133.6699981689453,133.50999450683594,133.58999633789062,926900
2025-02-11 21:00:00+01:00,133.58999633789062,133.74000549316406,133.52999877929688,133.5915985107422,1219942
2025-02-11 21:05:00+01:00,133.59500122070312,133.67999267578125,133.5500030517578,133.5850067138672,894049
2025-02-11 21:10:00+01:00,133.58120727539062,133.6300048828125,133.44000244140625,133.58999633789062,982228
2025-02-11 21:15:00+01:00,133.59010314941406,133.60000610351562,133.32000732421875,133.40499877929688,1109882
2025-02-11 21:20:00+01:00,133.41000366210938,133.41990661621094,133.2602996826172,133.3253936767578,928342
2025-02-11 21:25:00+01:00,133.32809448242188,133.5800018310547,133.27000427246094,133.45140075683594,1105603
2025-02-11 21:30:00+01:00,133.4550018310547,133.50990295410156,133.07000732421875,133.07460021972656,1236548
2025-02-11 21:35:00+01:00,133.0749969482422,133.1199951171875,132.58999633789062,132.6649932861328,2444975
2025-02-11 21:40:00+01:00,132.6649932861328,132.92999267578125,132.41000366210938,132.8459930419922,1840162
2025-02-11 21:45:00+01:00,132.83999633789062,132.89999389648438,132.639892578125,132.8101043701172,1405872
2025-02-11 21:50:00+01:00,132.83999633789062,133.1300048828125,132.69129943847656,132.8350067138672,2391702
2025-02-11 21:55:00+01:00,132.83999633789062,132.9199981689453,132.5800018310547,132.8699951171875,4175253
2025-02-12 15:30:00+01:00,130.00999450683594,130.8800048828125,129.0800018310547,130.8607940673828,18208006
2025-02-12 15:35:00+01:00,130.86000061035156,131.55999755859375,130.52999877929688,131.45889282226562,5009138
2025-02-12 15:40:00+01:00,131.4600067138672,131.92999267578125,131.2259979248047,131.91000366210938,3785488
2025-02-12 15:45:00+01:00,131.91009521484375,132.24000549316406,131.8249969482422,131.92999267578125,4214817
2025-02-12 15:50:00+01:00,131.9250030517578,132.19000244140625,131.60000610351562,131.92999267578125,2691439
2025-02-12 15:55:00+01:00,131.9199981689453,131.9781036376953,131.5,131.9477996826172,2324902
2025-02-12 16:00:00+01:00,131.94859313964844,131.97000122070312,130.9199981689453,130.97500610351562,3350753
2025-02-12 16:05:00+01:00,130.97999572753906,131.3300018310547,130.64500427246094,130.9149932861328,3160579
2025-02-12 16:10:00+01:00,130.94000244140625,131.0,130.36000061035156,130.65020751953125,2800305
2025-02-12 16:15:00+01:00,130.65499877929688,131.23159790039062,130.51499938964844,131.21499633789062,2735804
2025-02-12 16:20:00+01:00,131.2299041748047,131.98989868164062,131.0,131.84979248046875,2679308
2025-02-12 16:25:00+01:00,131.8300018310547,131.93499755859375,131.23019409179688,131.32020568847656,2169240
2025-02-12 16:30:00+01:00,131.3300018310547,131.6094970703125,131.3000030517578,131.35499572753906,1538664
2025-02-12 16:35:00+01:00,131.35000610351562,132.0,131.3000030517578,131.74000549316406,2352591
2025-02-12 16:40:00+01:00,131.72999572753906,131.77499389648438,131.3927001953125,131.5699005126953,1569747
2025-02-12 16:45:00+01:00,131.57839965820312,131.66220092773438,130.97999572753906,131.11500549316406,1943313
2025-02-12 16:50:00+01:00,131.1199951171875,131.5500030517578,130.92999267578125,131.47000122070312,1693365
2025-02-12 16:55:00+01:00,131.4600067138672,131.60850524902344,131.3300018310547,131.39990234375,1144893
2025-02-12 17:00:00+01:00,131.39500427246094,131.39999389648438,131.12010192871094,131.1750030517578,1144750
2025-02-12 17:05:00+01:00,131.1750030517578,131.39500427246094,131.00999450683594,131.17999267578125,1301817
2025-02-12 17:10:00+01:00,131.17999267578125,131.24000549316406,130.66160583496094,130.8800048828125,1966391
2025-02-12 17:15:00+01:00,130.8699951171875,131.01950073242188,130.75,130.77999877929688,1169151
2025-02-12 17:20:00+01:00,130.7899932861328,130.92999267578125,130.39999389648438,130.625,1816699
2025-02-12 17:25:00+01:00,130.6300048828125,130.74000549316406,130.36000061035156,130.61990356445312,1585651
2025-02-12 17:30:00+01:00,130.61000061035156,131.04859924316406,130.61000061035156,130.9499969482422,1574767
2025-02-12 17:35:00+01:00,130.9499969482422,131.22999572753906,130.89999389648438,130.99000549316406,1516337
2025-02-12 17:40:00+01:00,130.97999572753906,131.30499267578125,130.86500549316406,131.27000427246094,1305101
2025-02-12 17:45:00+01:00,131.26980590820312,131.36000061035156,131.1199951171875,131.27000427246094,1061362
2025-02-12 17:50:00+01:00,131.2698974609375,131.3800048828125,131.08999633789062,131.2545928955078,1596091
2025-02-12 17:55:00+01:00,131.25990295410156,131.7100067138672,131.17999267578125,131.6656036376953,1606394
2025-02-12 18:00:00+01:00,131.66000366210938,131.8000030517578,131.52999877929688,131.59500122070312,1645581
2025-02-12 18:05:00+01:00,131.60679626464844,131.97000122070312,131.52000427246094,131.9600067138672,1680627
2025-02-12 18:10:00+01:00,131.9600067138672,132.0,131.77000427246094,131.8690948486328,1433238
2025-02-12 18:15:00+01:00,131.86500549316406,132.0,131.60000610351562,131.60009765625,1309151
2025-02-12 18:20:00+01:00,131.61000061035156,131.82989501953125,131.51849365234375,131.63540649414062,1311933
2025-02-12 18:25:00+01:00,131.63999938964844,131.72999572753906,131.47999572753906,131.5749969482422,979422
2025-02-12 18:30:00+01:00,131.5749969482422,131.6199951171875,131.35000610351562,131.5854034423828,1096743
2025-02-12 18:35:00+01:00,131.581298828125,131.60980224609375,131.25,131.3656005859375,1113168
2025-02-12 18:40:00+01:00,131.35499572753906,131.36000061035156,130.89999389648438,131.0050048828125,1763412
2025-02-12 18:45:00+01:00,131.00999450683594,131.27000427246094,130.9351043701172,131.03500366210938,1460815
2025-02-12 18:50:00+01:00,131.05999755859375,131.40499877929688,130.9600067138672,131.39999389648438,1434996
2025-02-12 18:55:00+01:00,131.41000366210938,131.50750732421875,131.30999755859375,131.38499450683594,1169039
2025-02-12 19:00:00+01:00,131.3800048828125,131.43539428710938,131.10000610351562,131.13999938964844,1062316
2025-02-12 19:05:00+01:00,131.13999938964844,131.27969360351562,131.07000732421875,131.22999572753906,817676
2025-02-12 19:10:00+01:00,131.23500061035156,131.24000549316406,131.0399932861328,131.16900634765625,944531
2025-02-12 19:15:00+01:00,131.14999389648438,131.19000244140625,130.97000122070312,131.03500366210938,959380
2025-02-12 19:20:00+01:00,131.03500366210938,131.1999969482422,130.8549041748047,131.16009521484375,1116775
2025-02-12 19:25:00+01:00,131.16510009765625,131.2050018310547,130.82119750976562,130.97500610351562,1305618
2025-02-12 19:30:00+01:00,130.97999572753906,131.1156005859375,130.8800048828125,131.06500244140625,1023438
2025-02-12 19:35:00+01:00,131.06500244140625,131.0699005126953,130.8699951171875,130.94509887695312,679085
2025-02-12 19:40:00+01:00,130.9499969482422,130.9600067138672,130.6199951171875,130.6898956298828,1070748
2025-02-12 19:45:00+01:00,130.6855926513672,130.97999572753906,130.67999267578125,130.89999389648438,960999
2025-02-12 19:50:00+01:00,130.89999389648438,131.0449981689453,130.8300018310547,130.8300018310547,974638
2025-02-12 19:55:00+01:00,130.8300018310547,130.89990234375,130.75999450683594,130.82879638671875,780917
2025-02-12 20:00:00+01:00,130.8350067138672,130.93499755859375,130.51499938964844,130.52000427246094,1303430
2025-02-12 20:05:00+01:00,130.5251007080078,130.58990478515625,130.24000549316406,130.4949951171875,1973347
2025-02-12 20:10:00+01:00,130.4949951171875,130.5,130.19000244140625,130.3350067138672,1212099
2025-02-12 20:15:00+01:00,130.3350067138672,130.71539306640625,130.28500366210938,130.6616973876953,1408405
2025-02-12 20:20:00+01:00,130.6649932861328,130.7799072265625,130.58999633789062,130.7100067138672,1038418
2025-02-12 20:25:00+01:00,130.71139526367188,130.80999755859375,130.5247039794922,130.6898956298828,1195720
2025-02-12 20:30:00+01:00,130.68499755859375,130.94000244140625,130.58999633789062,130.92999267578125,993878
2025-02-12 20:35:00+01:00,130.9199981689453,131.0,130.86000061035156,130.92539978027344,963486
2025-02-12 20:40:00+01:00,130.9250030517578,131.0,130.88999938964844,130.97000122070312,859578
2025-02-12 20:45:00+01:00,130.97000122070312,131.19000244140625,130.91009521484375,131.19000244140625,1121918
2025-02-12 20:50:00+01:00,131.19000244140625,131.19000244140625,130.88999938964844,130.9949951171875,1093918
2025-02-12 20:55:00+01:00,130.99000549316406,131.14500427246094,130.92999267578125,130.99859619140625,1007159
2025-02-12 21:00:00+01:00,130.9949951171875,131.09010314941406,130.91009521484375,130.9803009033203,844645
2025-02-12 21:05:00+01:00,130.97999572753906,131.02999877929688,130.88999938964844,130.97579956054688,862774
2025-02-12 21:10:00+01:00,130.97500610351562,131.27000427246094,130.97500610351562,131.15989685058594,1128660
2025-02-12 21:15:00+01:00,131.15499877929688,131.4199981689453,131.125,131.3843994140625,1111510
2025-02-12 21:20:00+01:00,131.38499450683594,131.49000549316406,131.3300018310547,131.47000122070312,1017342
2025-02-12 21:25:00+01:00,131.47520446777344,131.7050018310547,131.44459533691406,131.52499389648438,1786810
2025-02-12 21:30:00+01:00,131.50999450683594,131.61000061035156,131.3300018310547,131.5749969482422,1431932
2025-02-12 21:35:00+01:00,131.5749969482422,131.60000610351562,131.33999633789062,131.3592987060547,1064882
2025-02-12 21:40:00+01:00,131.35009765625,131.4250030517578,131.05999755859375,131.1049041748047,1371079
2025-02-12 21:45:00+01:00,131.10169982910156,131.4698944091797,131.06500244140625,131.4001007080078,1586517
2025-02-12 21:50:00+01:00,131.41000366210938,131.44000244140625,130.97000122070312,131.07000732421875,2014733
2025-02-12 21:55:00+01:00,131.08999633789062,131.36000061035156,131.0500030517578,131.07989501953125,3800106
2025-02-13 15:30:00+01:00,131.55499267578125,133.14999389648438,131.1699981689453,133.05929565429688,13862537
2025-02-13 15:35:00+01:00,133.03030395507812,133.19000244140625,131.77999877929688,132.2657928466797,4446344
2025-02-13 15:40:00+01:00,132.27000427246094,132.8800048828125,131.9709014892578,132.56219482421875,3830580
2025-02-13 15:45:00+01:00,132.5500030517578,133.1699981689453,132.47000122070312,132.75999450683594,3604173
2025-02-13 15:50:00+01:00,132.75999450683594,132.9600067138672,132.60000610351562,132.86000061035156,1924295
2025-02-13 15:55:00+01:00,132.86000061035156,134.10450744628906,132.7899932861328,133.97000122070312,5989409
2025-02-13 16:00:00+01:00,133.9600067138672,134.5500030517578,133.75999450683594,134.00999450683594,5270005
2025-02-13 16:05:00+01:00,134.02000427246094,134.27000427246094,133.60000610351562,133.94009399414062,3511050
2025-02-13 16:10:00+01:00,133.94000244140625,134.6699981689453,133.7899932861328,134.26010131835938,3615479
2025-02-13 16:15:00+01:00,134.25,134.88999938964844,134.25,134.77560424804688,3198429
2025-02-13 16:20:00+01:00,134.7899932861328,134.9499969482422,134.58999633789062,134.80999755859375,2669439
2025-02-13 16:25:00+01:00,134.81300354003906,134.8800048828125,134.4705047607422,134.5500030517578,2490125
2025-02-13 16:30:00+01:00,134.5500030517578,134.94000244140625,134.54660034179688,134.80320739746094,1997960
2025-02-13 16:35:00+01:00,134.80999755859375,135.72999572753906,134.74000549316406,135.7299041748047,5839701
2025-02-13 16:40:00+01:00,135.72999572753906,136.49000549316406,135.58999633789062,136.41000366210938,5968251
2025-02-13 16:45:00+01:00,136.40499877929688,136.5,135.8800048828125,135.93499755859375,4212630
2025-02-13 16:50:00+01:00,135.92999267578125,136.14999389648438,135.72999572753906,135.9998016357422,3277049
2025-02-13 16:55:00+01:00,135.99070739746094,136.14999389648438,135.8699951171875,136.13009643554688,1989186
2025-02-13 17:00:00+01:00,136.125,136.19000244140625,135.77000427246094,135.8249053955078,2405424
2025-02-13 17:05:00+01:00,135.8256072998047,135.9199981689453,135.27999877929688,135.4250030517578,3136996
2025-02-13 17:10:00+01:00,135.4250030517578,135.61000061035156,135.2100067138672,135.51840209960938,2320103
2025-02-13 17:15:00+01:00,135.52000427246094,135.87510681152344,135.4499969482422,135.8052978515625,2137966
2025-02-13 17:20:00+01:00,135.8000030517578,135.89999389648438,135.5500030517578,135.80999755859375,1635544
2025-02-13 17:25:00+01:00,135.80999755859375,135.8800048828125,135.5,135.71499633789062,1856313
2025-02-13 17:30:00+01:00,135.7100067138672,135.77999877929688,135.22500610351562,135.77499389648438,1848902
2025-02-13 17:35:00+01:00,135.77980041503906,135.97999572753906,135.29100036621094,135.3000030517578,2428284
2025-02-13 17:40:00+01:00,135.3000030517578,135.44000244140625,135.08999633789062,135.4199981689453,2228540
2025-02-13 17:45:00+01:00,135.41810607910156,135.6199951171875,135.36000061035156,135.56979370117188,1560200
2025-02-13 17:50:00+01:00,135.5500030517578,135.5500030517578,135.13499450683594,135.27999877929688,1171541
2025-02-13 17:55:00+01:00,135.2899932861328,135.3179931640625,134.6300048828125,134.9156036376953,2543815
2025-02-13 18:00:00+01:00,134.9149932861328,135.13999938964844,134.7200927734375,135.12489318847656,1613163
2025-02-13 18:05:00+01:00,135.12359619140625,135.27000427246094,135.0800018310547,135.15499877929688,1096989
2025-02-13 18:10:00+01:00,135.16000366210938,135.22999572753906,134.82159423828125,134.9550018310547,1400185
2025-02-13 18:15:00+01:00,134.9550018310547,134.96499633789062,134.7100067138672,134.75880432128906,1200949
2025-02-13 18:20:00+01:00,134.75399780273438,135.14999389648438,134.74490356445312,135.01010131835938,1311444
2025-02-13 18:25:00+01:00,135.02000427246094,135.07000732421875,134.8800048828125,135.00999450683594,950740
2025-02-13 18:30:00+01:00,135.0050048828125,135.14999389648438,134.8350067138672,135.14990234375,1125647
2025-02-13 18:35:00+01:00,135.14500427246094,135.27999877929688,135.10009765625,135.1649932861328,1215053
2025-02-13 18:40:00+01:00,135.1779022216797,135.32000732421875,135.11000061035156,135.2899932861328,1070850
2025-02-13 18:45:00+01:00,135.3000030517578,135.57000732421875,135.25999450683594,135.49609375,1429142
2025-02-13 18:50:00+01:00,135.5,135.50999450683594,135.3000030517578,135.35009765625,967003
2025-02-13 18:55:00+01:00,135.35989379882812,135.44000244140625,135.02999877929688,135.33999633789062,1274601
2025-02-13 19:00:00+01:00,135.34500122070312,135.4499969482422,135.17999267578125,135.3148956298828,1005761
2025-02-13 19:05:00+01:00,135.32000732421875,135.32000732421875,135.04010009765625,135.10000610351562,1005930
2025-02-13 19:10:00+01:00,135.10719299316406,135.125,134.7100067138672,134.7178955078125,1737704
2025-02-13 19:15:00+01:00,134.71009826660156,134.72999572753906,133.4207000732422,133.6199951171875,3784367
2025-02-13 19:20:00+01:00,133.6199951171875,134.5399932861328,133.55499267578125,134.4456024169922,2629830
2025-02-13 19:25:00+01:00,134.4499969482422,134.64720153808594,134.4499969482422,134.52499389648438,1382282
2025-02-13 19:30:00+01:00,134.4949951171875,134.6699981689453,134.47000122070312,134.52999877929688,1106678
2025-02-13 19:35:00+01:00,134.52000427246094,134.6699981689453,134.42999267578125,134.57009887695312,1304875
2025-02-13 19:40:00+01:00,134.5800018310547,134.60000610351562,133.8300018310547,134.44000244140625,2671101
2025-02-13 19:45:00+01:00,134.4199981689453,134.6999969482422,134.27000427246094,134.625,1407664
2025-02-13 19:50:00+01:00,134.6300048828125,134.83999633789062,134.27999877929688,134.75999450683594,1811321
2025-02-13 19:55:00+01:00,134.77000427246094,135.0500030517578,134.72000122070312,135.0,1382905
2025-02-13 20:00:00+01:00,134.99000549316406,135.0749969482422,134.89999389648438,134.9949951171875,1382315
2025-02-13 20:05:00+01:00,134.9949951171875,135.2899932861328,134.89999389648438,135.22999572753906,1530240
2025-02-13 20:10:00+01:00,135.22999572753906,135.22999572753906,134.9250030517578,134.98809814453125,1247178
2025-02-13 20:15:00+01:00,134.9799041748047,135.08999633789062,134.75,134.84500122070312,1176965
2025-02-13 20:20:00+01:00,134.84410095214844,135.11000061035156,134.77499389648438,134.94500732421875,1238958
2025-02-13 20:25:00+01:00,134.94000244140625,135.19000244140625,134.8800048828125,135.12030029296875,1023243
2025-02-13 20:30:00+01:00,135.125,135.24000549316406,135.00140380859375,135.2299041748047,967626
2025-02-13 20:35:00+01:00,135.22500610351562,135.39999389648438,135.19500732421875,135.2050018310547,1378198
2025-02-13 20:40:00+01:00,135.2030029296875,135.2050018310547,134.97000122070312,135.0,1281418
2025-02-13 20:45:00+01:00,135.0,135.33999633789062,134.97000122070312,135.3350067138672,1095233
2025-02-13 20:50:00+01:00,135.33509826660156,135.5500030517578,135.30999755859375,135.42990112304688,1716134
2025-02-13 20:55:00+01:00,135.42999267578125,135.4949951171875,135.25999450683594,135.3105010986328,1433948
2025-02-13 21:00:00+01:00,135.32000732421875,135.38999938964844,135.1999969482422,135.28990173339844,1119119
2025-02-13 21:05:00+01:00,135.28500366210938,135.5050048828125,135.14999389648438,135.493896484375,1607931
2025-02-13 21:10:00+01:00,135.49000549316406,135.5,135.2100067138672,135.4250030517578,1265517
2025-02-13 21:15:00+01:00,135.42010498046875,135.52999877929688,135.3800048828125,135.38839721679688,1244004
2025-02-13 21:20:00+01:00,135.3800048828125,135.5,135.36000061035156,135.4149932861328,1189756
2025-02-13 21:25:00+01:00,135.4149932861328,135.42999267578125,135.24000549316406,135.36129760742188,1130940
2025-02-13 21:30:00+01:00,135.36000061035156,135.36000061035156,134.94000244140625,134.99099731445312,2025334
2025-02-13 21:35:00+01:00,135.0,135.1750030517578,134.8300018310547,135.08999633789062,1502316
2025-02-13 21:40:00+01:00,135.09140014648438,135.15989685058594,134.99009704589844,135.00860595703125,1541055
2025-02-13 21:45:00+01:00,135.00169372558594,135.08999633789062,134.92999267578125,134.96499633789062,1738770
2025-02-13 21:50:00+01:00,134.97500610351562,135.19000244140625,134.72999572753906,135.18499755859375,3477640
2025-02-13 21:55:00+01:00,135.17999267578125,135.38999938964844,134.97000122070312,135.25,5048788
2025-02-14 15:30:00+01:00,136.41000366210938,137.27000427246094,136.1199951171875,137.17999267578125,14543805
2025-02-14 15:35:00+01:00,137.16000366210938,137.49000549316406,136.67999267578125,136.73399353027344,5446640
2025-02-14 15:40:00+01:00,136.72000122070312,136.82000732421875,135.8300018310547,136.2100067138672,5438648
2025-02-14 15:45:00+01:00,136.2100067138672,136.72999572753906,135.5,136.55999755859375,4676341
2025-02-14 15:50:00+01:00,136.5500030517578,136.9600067138672,136.4700927734375,136.752197265625,3127344
2025-02-14 15:55:00+01:00,136.7657012939453,137.24000549316406,136.63999938964844,136.7050018310547,3268880
2025-02-14 16:00:00+01:00,136.69000244140625,136.72999572753906,135.88009643554688,136.72000122070312,3697259
2025-02-14 16:05:00+01:00,136.7100067138672,136.74000549316406,136.14199829101562,136.60130310058594,2402638
2025-02-14 16:10:00+01:00,136.60000610351562,137.1300048828125,136.5865936279297,137.0399932861328,3156113
2025-02-14 16:15:00+01:00,137.03500366210938,137.24000549316406,136.77000427246094,137.0,2859285
2025-02-14 16:20:00+01:00,136.99000549316406,137.88999938964844,136.97000122070312,137.6649932861328,4618753
2025-02-14 16:25:00+01:00,137.6649932861328,138.1699981689453,137.6199951171875,138.00010681152344,4605188
2025-02-14 16:30:00+01:00,138.00999450683594,138.19000244140625,137.83999633789062,138.0500946044922,3228889
2025-02-14 16:35:00+01:00,138.05540466308594,138.30999755859375,137.57000732421875,137.66000366210938,3604148
2025-02-14 16:40:00+01:00,137.65499877929688,137.75999450683594,137.17999267578125,137.4499969482422,2932726
2025-02-14 16:45:00+01:00,137.4600067138672,137.75999450683594,137.36000061035156,137.7198028564453,2295422
2025-02-14 16:50:00+01:00,137.72000122070312,138.07000732421875,137.58999633789062,137.9550018310547,2032643
2025-02-14 16:55:00+01:00,137.9586944580078,138.0,137.72999572753906,137.77999877929688,1521743
2025-02-14 17:00:00+01:00,137.7899932861328,137.9499969482422,137.5,137.55999755859375,1941062
2025-02-14 17:05:00+01:00,137.55499267578125,137.67999267578125,137.30999755859375,137.3350067138672,1524473
2025-02-14 17:10:00+01:00,137.3350067138672,137.35000610351562,137.0399932861328,137.0886993408203,2254220
2025-02-14 17:15:00+01:00,137.08999633789062,137.16000366210938,136.60000610351562,136.64999389648438,2544562
2025-02-14 17:20:00+01:00,136.65499877929688,136.7592010498047,136.24000549316406,136.63999938964844,3128118
2025-02-14 17:25:00+01:00,136.64500427246094,136.86000061035156,136.5500030517578,136.5800018310547,1576816
2025-02-14 17:30:00+01:00,136.58999633789062,136.86000061035156,136.44500732421875,136.53489685058594,1619866
2025-02-14 17:35:00+01:00,136.53759765625,136.6300048828125,136.16000366210938,136.5850067138672,1876076
2025-02-14 17:40:00+01:00,136.5850067138672,136.8000030517578,136.46009826660156,136.6699981689453,1421580
2025-02-14 17:45:00+01:00,136.6699981689453,136.6999969482422,136.16000366210938,136.2100067138672,1735351
2025-02-14 17:50:00+01:00,136.2100067138672,136.60000610351562,136.00999450683594,136.54989624023438,1954447
2025-02-14 17:55:00+01:00,136.5500030517578,136.61000061035156,136.3699951171875,136.50999450683594,1201199
2025-02-14 18:00:00+01:00,136.50999450683594,136.83999633789062,136.36000061035156,136.7050018310547,1465981
2025-02-14 18:05:00+01:00,136.7050018310547,136.7100067138672,136.3699951171875,136.38999938964844,1121412
2025-02-14 18:10:00+01:00,136.38499450683594,136.69000244140625,136.3000030517578,136.639892578125,1252855
2025-02-14 18:15:00+01:00,136.63560485839844,136.7899932861328,136.49000549316406,136.7100067138672,1035350
2025-02-14 18:20:00+01:00,136.6999969482422,137.0500030517578,136.6999969482422,136.99989318847656,1707983
2025-02-14 18:25:00+01:00,136.99819946289062,137.00999450683594,136.6800994873047,136.74009704589844,1202815
2025-02-14 18:30:00+01:00,136.75,136.99000549316406,136.55999755859375,136.85240173339844,1210186
2025-02-14 18:35:00+01:00,136.85000610351562,136.9499969482422,136.783203125,136.88999938964844,786525
2025-02-14 18:40:00+01:00,136.88999938964844,137.0,136.7899932861328,136.8699951171875,881105
2025-02-14 18:45:00+01:00,136.86000061035156,137.2100067138672,136.8300018310547,137.2100067138672,1268148
2025-02-14 18:50:00+01:00,137.2086944580078,137.4499969482422,137.14010620117188,137.36000061035156,1654588
2025-02-14 18:55:00+01:00,137.36000061035156,137.4600067138672,137.25039672851562,137.3699951171875,938884
2025-02-14 19:00:00+01:00,137.3800048828125,137.58999633789062,137.25,137.47549438476562,1246533
2025-02-14 19:05:00+01:00,137.47509765625,137.74000549316406,137.42999267578125,137.59500122070312,1250844
2025-02-14 19:10:00+01:00,137.59500122070312,137.61000061035156,137.4340057373047,137.5115966796875,960337
2025-02-14 19:15:00+01:00,137.52000427246094,137.52000427246094,137.30999755859375,137.40499877929688,1154757
2025-02-14 19:20:00+01:00,137.40159606933594,137.51809692382812,137.13009643554688,137.22000122070312,1225369
2025-02-14 19:25:00+01:00,137.2100067138672,137.4199981689453,137.11000061035156,137.3376007080078,1098228
2025-02-14 19:30:00+01:00,137.3300018310547,137.49000549316406,137.30499267578125,137.40499877929688,910151
2025-02-14 19:35:00+01:00,137.4010009765625,137.5,137.33009338378906,137.36489868164062,989694
2025-02-14 19:40:00+01:00,137.3699951171875,137.38999938964844,137.0800018310547,137.1999969482422,1105918
2025-02-14 19:45:00+01:00,137.2100067138672,137.39999389648438,137.17999267578125,137.2888946533203,970463
2025-02-14 19:50:00+01:00,137.2899932861328,137.44000244140625,137.25999450683594,137.4001007080078,754735
2025-02-14 19:55:00+01:00,137.40499877929688,137.52999877929688,137.3300018310547,137.4149932861328,1012071
2025-02-14 20:00:00+01:00,137.40550231933594,137.75,137.3699951171875,137.69000244140625,1389839
2025-02-14 20:05:00+01:00,137.67999267578125,137.7899932861328,137.63999938964844,137.76499938964844,1234708
2025-02-14 20:10:00+01:00,137.76499938964844,137.99000549316406,137.75999450683594,137.9499969482422,1509816
2025-02-14 20:15:00+01:00,137.94000244140625,137.99000549316406,137.6699981689453,137.8300018310547,1592034
2025-02-14 20:20:00+01:00,137.8350067138672,137.94000244140625,137.6199951171875,137.88499450683594,1290139
2025-02-14 20:25:00+01:00,137.88999938964844,137.94000244140625,137.8000030517578,137.82000732421875,988801
2025-02-14 20:30:00+01:00,137.81500244140625,137.918701171875,137.64999389648438,137.889892578125,1112527
2025-02-14 20:35:00+01:00,137.88999938964844,137.89999389648438,137.75,137.80499267578125,925485
2025-02-14 20:40:00+01:00,137.80499267578125,137.8386993408203,137.72000122070312,137.80499267578125,649140
2025-02-14 20:45:00+01:00,137.8000030517578,137.85000610351562,137.72999572753906,137.7982940673828,702150
2025-02-14 20:50:00+01:00,137.7899932861328,137.88999938964844,137.74000549316406,137.86000061035156,880545
2025-02-14 20:55:00+01:00,137.85499572753906,138.27499389648438,137.83009338378906,138.19509887695312,2559419
2025-02-14 21:00:00+01:00,138.19009399414062,138.2100067138672,138.02000427246094,138.11000061035156,1288815
2025-02-14 21:05:00+01:00,138.11489868164062,138.2899932861328,138.02999877929688,138.1898956298828,1430578
2025-02-14 21:10:00+01:00,138.18499755859375,138.35000610351562,138.1300048828125,138.34030151367188,1733555
2025-02-14 21:15:00+01:00,138.33999633789062,138.47999572753906,138.27999877929688,138.42489624023438,1872388
2025-02-14 21:20:00+01:00,138.4217987060547,138.47000122070312,138.36000061035156,138.4600067138672,1483820
2025-02-14 21:25:00+01:00,138.46499633789062,138.47999572753906,138.3300018310547,138.36509704589844,1516831
2025-02-14 21:30:00+01:00,138.3699951171875,138.77830505371094,138.35000610351562,138.76539611816406,2734547
2025-02-14 21:35:00+01:00,138.75999450683594,139.0,138.74000549316406,138.98019409179688,2571820
2025-02-14 21:40:00+01:00,138.98809814453125,138.99000549316406,138.55999755859375,138.67999267578125,3279379
2025-02-14 21:45:00+01:00,138.6750030517578,138.8000030517578,138.55499267578125,138.74000549316406,2448631
2025-02-14 21:50:00+01:00,138.75,139.1699981689453,138.72999572753906,139.0800018310547,5654113
2025-02-14 21:55:00+01:00,139.08999633789062,139.1999969482422,138.7100067138672,138.86000061035156,7827562
